archetype,deck_hash,card_id,card_name,card_type,estimated_role,count,observed_teams,observed_team_ids,observed_dates,leaderboard_ranks,observed_games,matchup_results_json,sample_bias
alakazam_psychic,4414e8995e50c7a00d4b6aa7d9229f63c1dff5261643ec7cd86c4e329113ed69,5,Basic {P} Energy,5,BASIC_ENERGY,2,Majkel1337|Yushin Ito,16374395|16381823,2026-07-19|2026-07-20|2026-07-21|2026-07-22|2026-07-23|2026-07-25,3|5,116,"{""alakazam_psychic"": {""draws"": 0, ""games"": 10, ""losses"": 5, ""result_rate"": 0.5, ""wins"": 5}, ""cynthia_garchomp"": {""draws"": 0, ""games"": 39, ""losses"": 13, ""result_rate"": 0.6666666666666666, ""wins"": 26}, ""dragapult"": {""draws"": 0, ""games"": 5, ""losses"": 1, ""result_rate"": 0.8, ""wins"": 4}, ""marnie_grimmsnarl"": {""draws"": 0, ""games"": 62, ""losses"": 33, ""result_rate"": 0.46774193548387094, ""wins"": 29}}",PUBLIC_DAILY_TOP_HIGH_SCORE_SELECTED_DEPENDENT
alakazam_psychic,4414e8995e50c7a00d4b6aa7d9229f63c1dff5261643ec7cd86c4e329113ed69,13,Enriching Energy,6,SPECIAL_ENERGY,1,Majkel1337|Yushin Ito,16374395|16381823,2026-07-19|2026-07-20|2026-07-21|2026-07-22|2026-07-23|2026-07-25,3|5,116,"{""alakazam_psychic"": {""draws"": 0, ""games"": 10, ""losses"": 5, ""result_rate"": 0.5, ""wins"": 5}, ""cynthia_garchomp"": {""draws"": 0, ""games"": 39, ""losses"": 13, ""result_rate"": 0.6666666666666666, ""wins"": 26}, ""dragapult"": {""draws"": 0, ""games"": 5, ""losses"": 1, ""result_rate"": 0.8, ""wins"": 4}, ""marnie_grimmsnarl"": {""draws"": 0, ""games"": 62, ""losses"": 33, ""result_rate"": 0.46774193548387094, ""wins"": 29}}",PUBLIC_DAILY_TOP_HIGH_SCORE_SELECTED_DEPENDENT
alakazam_psychic,4414e8995e50c7a00d4b6aa7d9229f63c1dff5261643ec7cd86c4e329113ed69,19,Telepath Psychic Energy,6,SPECIAL_ENERGY,4,Majkel1337|Yushin Ito,16374395|16381823,2026-07-19|2026-07-20|2026-07-21|2026-07-22|2026-07-23|2026-07-25,3|5,116,"{""alakazam_psychic"": {""draws"": 0, ""games"": 10, ""losses"": 5, ""result_rate"": 0.5, ""wins"": 5}, ""cynthia_garchomp"": {""draws"": 0, ""games"": 39, ""losses"": 13, ""result_rate"": 0.6666666666666666, ""wins"": 26}, ""dragapult"": {""draws"": 0, ""games"": 5, ""losses"": 1, ""result_rate"": 0.8, ""wins"": 4}, ""marnie_grimmsnarl"": {""draws"": 0, ""games"": 62, ""losses"": 33, ""result_rate"": 0.46774193548387094, ""wins"": 29}}",PUBLIC_DAILY_TOP_HIGH_SCORE_SELECTED_DEPENDENT
alakazam_psychic,4414e8995e50c7a00d4b6aa7d9229f63c1dff5261643ec7cd86c4e329113ed69,66,Dudunsparce,0,STAGE1_ABILITY_POKEMON,2,Majkel1337|Yushin Ito,16374395|16381823,2026-07-19|2026-07-20|2026-07-21|2026-07-22|2026-07-23|2026-07-25,3|5,116,"{""alakazam_psychic"": {""draws"": 0, ""games"": 10, ""losses"": 5, ""result_rate"": 0.5, ""wins"": 5}, ""cynthia_garchomp"": {""draws"": 0, ""games"": 39, ""losses"": 13, ""result_rate"": 0.6666666666666666, ""wins"": 26}, ""dragapult"": {""draws"": 0, ""games"": 5, ""losses"": 1, ""result_rate"": 0.8, ""wins"": 4}, ""marnie_grimmsnarl"": {""draws"": 0, ""games"": 62, ""losses"": 33, ""result_rate"": 0.46774193548387094, ""wins"": 29}}",PUBLIC_DAILY_TOP_HIGH_SCORE_SELECTED_DEPENDENT
alakazam_psychic,4414e8995e50c7a00d4b6aa7d9229f63c1dff5261643ec7cd86c4e329113ed69,140,Fezandipiti ex,0,BASIC_POKEMON_EX_ATTACKER,1,Majkel1337|Yushin Ito,16374395|16381823,2026-07-19|2026-07-20|2026-07-21|2026-07-22|2026-07-23|2026-07-25,3|5,116,"{""alakazam_psychic"": {""draws"": 0, ""games"": 10, ""losses"": 5, ""result_rate"": 0.5, ""wins"": 5}, ""cynthia_garchomp"": {""draws"": 0, ""games"": 39, ""losses"": 13, ""result_rate"": 0.6666666666666666, ""wins"": 26}, ""dragapult"": {""draws"": 0, ""games"": 5, ""losses"": 1, ""result_rate"": 0.8, ""wins"": 4}, ""marnie_grimmsnarl"": {""draws"": 0, ""games"": 62, ""losses"": 33, ""result_rate"": 0.46774193548387094, ""wins"": 29}}",PUBLIC_DAILY_TOP_HIGH_SCORE_SELECTED_DEPENDENT
alakazam_psychic,4414e8995e50c7a00d4b6aa7d9229f63c1dff5261643ec7cd86c4e329113ed69,305,Dunsparce,0,BASIC_POKEMON_ATTACKER_OR_SETUP,3,Majkel1337|Yushin Ito,16374395|16381823,2026-07-19|2026-07-20|2026-07-21|2026-07-22|2026-07-23|2026-07-25,3|5,116,"{""alakazam_psychic"": {""draws"": 0, ""games"": 10, ""losses"": 5, ""result_rate"": 0.5, ""wins"": 5}, ""cynthia_garchomp"": {""draws"": 0, ""games"": 39, ""losses"": 13, ""result_rate"": 0.6666666666666666, ""wins"": 26}, ""dragapult"": {""draws"": 0, ""games"": 5, ""losses"": 1, ""result_rate"": 0.8, ""wins"": 4}, ""marnie_grimmsnarl"": {""draws"": 0, ""games"": 62, ""losses"": 33, ""result_rate"": 0.46774193548387094, ""wins"": 29}}",PUBLIC_DAILY_TOP_HIGH_SCORE_SELECTED_DEPENDENT
alakazam_psychic,4414e8995e50c7a00d4b6aa7d9229f63c1dff5261643ec7cd86c4e329113ed69,343,Shaymin,0,BASIC_ABILITY_POKEMON,1,Majkel1337|Yushin Ito,16374395|16381823,2026-07-19|2026-07-20|2026-07-21|2026-07-22|2026-07-23|2026-07-25,3|5,116,"{""alakazam_psychic"": {""draws"": 0, ""games"": 10, ""losses"": 5, ""result_rate"": 0.5, ""wins"": 5}, ""cynthia_garchomp"": {""draws"": 0, ""games"": 39, ""losses"": 13, ""result_rate"": 0.6666666666666666, ""wins"": 26}, ""dragapult"": {""draws"": 0, ""games"": 5, ""losses"": 1, ""result_rate"": 0.8, ""wins"": 4}, ""marnie_grimmsnarl"": {""draws"": 0, ""games"": 62, ""losses"": 33, ""result_rate"": 0.46774193548387094, ""wins"": 29}}",PUBLIC_DAILY_TOP_HIGH_SCORE_SELECTED_DEPENDENT
alakazam_psychic,4414e8995e50c7a00d4b6aa7d9229f63c1dff5261643ec7cd86c4e329113ed69,741,Abra,0,BASIC_POKEMON_ATTACKER_OR_SETUP,4,Majkel1337|Yushin Ito,16374395|16381823,2026-07-19|2026-07-20|2026-07-21|2026-07-22|2026-07-23|2026-07-25,3|5,116,"{""alakazam_psychic"": {""draws"": 0, ""games"": 10, ""losses"": 5, ""result_rate"": 0.5, ""wins"": 5}, ""cynthia_garchomp"": {""draws"": 0, ""games"": 39, ""losses"": 13, ""result_rate"": 0.6666666666666666, ""wins"": 26}, ""dragapult"": {""draws"": 0, ""games"": 5, ""losses"": 1, ""result_rate"": 0.8, ""wins"": 4}, ""marnie_grimmsnarl"": {""draws"": 0, ""games"": 62, ""losses"": 33, ""result_rate"": 0.46774193548387094, ""wins"": 29}}",PUBLIC_DAILY_TOP_HIGH_SCORE_SELECTED_DEPENDENT
alakazam_psychic,4414e8995e50c7a00d4b6aa7d9229f63c1dff5261643ec7cd86c4e329113ed69,742,Kadabra,0,STAGE1_ABILITY_POKEMON,4,Majkel1337|Yushin Ito,16374395|16381823,2026-07-19|2026-07-20|2026-07-21|2026-07-22|2026-07-23|2026-07-25,3|5,116,"{""alakazam_psychic"": {""draws"": 0, ""games"": 10, ""losses"": 5, ""result_rate"": 0.5, ""wins"": 5}, ""cynthia_garchomp"": {""draws"": 0, ""games"": 39, ""losses"": 13, ""result_rate"": 0.6666666666666666, ""wins"": 26}, ""dragapult"": {""draws"": 0, ""games"": 5, ""losses"": 1, ""result_rate"": 0.8, ""wins"": 4}, ""marnie_grimmsnarl"": {""draws"": 0, ""games"": 62, ""losses"": 33, ""result_rate"": 0.46774193548387094, ""wins"": 29}}",PUBLIC_DAILY_TOP_HIGH_SCORE_SELECTED_DEPENDENT
alakazam_psychic,4414e8995e50c7a00d4b6aa7d9229f63c1dff5261643ec7cd86c4e329113ed69,743,Alakazam,0,STAGE2_ABILITY_POKEMON,4,Majkel1337|Yushin Ito,16374395|16381823,2026-07-19|2026-07-20|2026-07-21|2026-07-22|2026-07-23|2026-07-25,3|5,116,"{""alakazam_psychic"": {""draws"": 0, ""games"": 10, ""losses"": 5, ""result_rate"": 0.5, ""wins"": 5}, ""cynthia_garchomp"": {""draws"": 0, ""games"": 39, ""losses"": 13, ""result_rate"": 0.6666666666666666, ""wins"": 26}, ""dragapult"": {""draws"": 0, ""games"": 5, ""losses"": 1, ""result_rate"": 0.8, ""wins"": 4}, ""marnie_grimmsnarl"": {""draws"": 0, ""games"": 62, ""losses"": 33, ""result_rate"": 0.46774193548387094, ""wins"": 29}}",PUBLIC_DAILY_TOP_HIGH_SCORE_SELECTED_DEPENDENT
alakazam_psychic,4414e8995e50c7a00d4b6aa7d9229f63c1dff5261643ec7cd86c4e329113ed69,1079,Rare Candy,1,ITEM_UTILITY,3,Majkel1337|Yushin Ito,16374395|16381823,2026-07-19|2026-07-20|2026-07-21|2026-07-22|2026-07-23|2026-07-25,3|5,116,"{""alakazam_psychic"": {""draws"": 0, ""games"": 10, ""losses"": 5, ""result_rate"": 0.5, ""wins"": 5}, ""cynthia_garchomp"": {""draws"": 0, ""games"": 39, ""losses"": 13, ""result_rate"": 0.6666666666666666, ""wins"": 26}, ""dragapult"": {""draws"": 0, ""games"": 5, ""losses"": 1, ""result_rate"": 0.8, ""wins"": 4}, ""marnie_grimmsnarl"": {""draws"": 0, ""games"": 62, ""losses"": 33, ""result_rate"": 0.46774193548387094, ""wins"": 29}}",PUBLIC_DAILY_TOP_HIGH_SCORE_SELECTED_DEPENDENT
alakazam_psychic,4414e8995e50c7a00d4b6aa7d9229f63c1dff5261643ec7cd86c4e329113ed69,1081,Enhanced Hammer,1,ITEM_RESOURCE_OR_RECOVERY,4,Majkel1337|Yushin Ito,16374395|16381823,2026-07-19|2026-07-20|2026-07-21|2026-07-22|2026-07-23|2026-07-25,3|5,116,"{""alakazam_psychic"": {""draws"": 0, ""games"": 10, ""losses"": 5, ""result_rate"": 0.5, ""wins"": 5}, ""cynthia_garchomp"": {""draws"": 0, ""games"": 39, ""losses"": 13, ""result_rate"": 0.6666666666666666, ""wins"": 26}, ""dragapult"": {""draws"": 0, ""games"": 5, ""losses"": 1, ""result_rate"": 0.8, ""wins"": 4}, ""marnie_grimmsnarl"": {""draws"": 0, ""games"": 62, ""losses"": 33, ""result_rate"": 0.46774193548387094, ""wins"": 29}}",PUBLIC_DAILY_TOP_HIGH_SCORE_SELECTED_DEPENDENT
alakazam_psychic,4414e8995e50c7a00d4b6aa7d9229f63c1dff5261643ec7cd86c4e329113ed69,1086,Buddy-Buddy Poffin,1,ITEM_SEARCH_OR_DRAW,4,Majkel1337|Yushin Ito,16374395|16381823,2026-07-19|2026-07-20|2026-07-21|2026-07-22|2026-07-23|2026-07-25,3|5,116,"{""alakazam_psychic"": {""draws"": 0, ""games"": 10, ""losses"": 5, ""result_rate"": 0.5, ""wins"": 5}, ""cynthia_garchomp"": {""draws"": 0, ""games"": 39, ""losses"": 13, ""result_rate"": 0.6666666666666666, ""wins"": 26}, ""dragapult"": {""draws"": 0, ""games"": 5, ""losses"": 1, ""result_rate"": 0.8, ""wins"": 4}, ""marnie_grimmsnarl"": {""draws"": 0, ""games"": 62, ""losses"": 33, ""result_rate"": 0.46774193548387094, ""wins"": 29}}",PUBLIC_DAILY_TOP_HIGH_SCORE_SELECTED_DEPENDENT
alakazam_psychic,4414e8995e50c7a00d4b6aa7d9229f63c1dff5261643ec7cd86c4e329113ed69,1097,Night Stretcher,1,ITEM_RESOURCE_OR_RECOVERY,1,Majkel1337|Yushin Ito,16374395|16381823,2026-07-19|2026-07-20|2026-07-21|2026-07-22|2026-07-23|2026-07-25,3|5,116,"{""alakazam_psychic"": {""draws"": 0, ""games"": 10, ""losses"": 5, ""result_rate"": 0.5, ""wins"": 5}, ""cynthia_garchomp"": {""draws"": 0, ""games"": 39, ""losses"": 13, ""result_rate"": 0.6666666666666666, ""wins"": 26}, ""dragapult"": {""draws"": 0, ""games"": 5, ""losses"": 1, ""result_rate"": 0.8, ""wins"": 4}, ""marnie_grimmsnarl"": {""draws"": 0, ""games"": 62, ""losses"": 33, ""result_rate"": 0.46774193548387094, ""wins"": 29}}",PUBLIC_DAILY_TOP_HIGH_SCORE_SELECTED_DEPENDENT
alakazam_psychic,4414e8995e50c7a00d4b6aa7d9229f63c1dff5261643ec7cd86c4e329113ed69,1129,Sacred Ash,1,ITEM_RESOURCE_OR_RECOVERY,1,Majkel1337|Yushin Ito,16374395|16381823,2026-07-19|2026-07-20|2026-07-21|2026-07-22|2026-07-23|2026-07-25,3|5,116,"{""alakazam_psychic"": {""draws"": 0, ""games"": 10, ""losses"": 5, ""result_rate"": 0.5, ""wins"": 5}, ""cynthia_garchomp"": {""draws"": 0, ""games"": 39, ""losses"": 13, ""result_rate"": 0.6666666666666666, ""wins"": 26}, ""dragapult"": {""draws"": 0, ""games"": 5, ""losses"": 1, ""result_rate"": 0.8, ""wins"": 4}, ""marnie_grimmsnarl"": {""draws"": 0, ""games"": 62, ""losses"": 33, ""result_rate"": 0.46774193548387094, ""wins"": 29}}",PUBLIC_DAILY_TOP_HIGH_SCORE_SELECTED_DEPENDENT
alakazam_psychic,4414e8995e50c7a00d4b6aa7d9229f63c1dff5261643ec7cd86c4e329113ed69,1152,Poké Pad,1,ITEM_SEARCH_OR_DRAW,4,Majkel1337|Yushin Ito,16374395|16381823,2026-07-19|2026-07-20|2026-07-21|2026-07-22|2026-07-23|2026-07-25,3|5,116,"{""alakazam_psychic"": {""draws"": 0, ""games"": 10, ""losses"": 5, ""result_rate"": 0.5, ""wins"": 5}, ""cynthia_garchomp"": {""draws"": 0, ""games"": 39, ""losses"": 13, ""result_rate"": 0.6666666666666666, ""wins"": 26}, ""dragapult"": {""draws"": 0, ""games"": 5, ""losses"": 1, ""result_rate"": 0.8, ""wins"": 4}, ""marnie_grimmsnarl"": {""draws"": 0, ""games"": 62, ""losses"": 33, ""result_rate"": 0.46774193548387094, ""wins"": 29}}",PUBLIC_DAILY_TOP_HIGH_SCORE_SELECTED_DEPENDENT
alakazam_psychic,4414e8995e50c7a00d4b6aa7d9229f63c1dff5261643ec7cd86c4e329113ed69,1182,Boss’s Orders,3,SUPPORTER_DISRUPTION_OR_GUST,3,Majkel1337|Yushin Ito,16374395|16381823,2026-07-19|2026-07-20|2026-07-21|2026-07-22|2026-07-23|2026-07-25,3|5,116,"{""alakazam_psychic"": {""draws"": 0, ""games"": 10, ""losses"": 5, ""result_rate"": 0.5, ""wins"": 5}, ""cynthia_garchomp"": {""draws"": 0, ""games"": 39, ""losses"": 13, ""result_rate"": 0.6666666666666666, ""wins"": 26}, ""dragapult"": {""draws"": 0, ""games"": 5, ""losses"": 1, ""result_rate"": 0.8, ""wins"": 4}, ""marnie_grimmsnarl"": {""draws"": 0, ""games"": 62, ""losses"": 33, ""result_rate"": 0.46774193548387094, ""wins"": 29}}",PUBLIC_DAILY_TOP_HIGH_SCORE_SELECTED_DEPENDENT
alakazam_psychic,4414e8995e50c7a00d4b6aa7d9229f63c1dff5261643ec7cd86c4e329113ed69,1184,Lana’s Aid,3,SUPPORTER_DISRUPTION_OR_GUST,1,Majkel1337|Yushin Ito,16374395|16381823,2026-07-19|2026-07-20|2026-07-21|2026-07-22|2026-07-23|2026-07-25,3|5,116,"{""alakazam_psychic"": {""draws"": 0, ""games"": 10, ""losses"": 5, ""result_rate"": 0.5, ""wins"": 5}, ""cynthia_garchomp"": {""draws"": 0, ""games"": 39, ""losses"": 13, ""result_rate"": 0.6666666666666666, ""wins"": 26}, ""dragapult"": {""draws"": 0, ""games"": 5, ""losses"": 1, ""result_rate"": 0.8, ""wins"": 4}, ""marnie_grimmsnarl"": {""draws"": 0, ""games"": 62, ""losses"": 33, ""result_rate"": 0.46774193548387094, ""wins"": 29}}",PUBLIC_DAILY_TOP_HIGH_SCORE_SELECTED_DEPENDENT
alakazam_psychic,4414e8995e50c7a00d4b6aa7d9229f63c1dff5261643ec7cd86c4e329113ed69,1197,Xerosic’s Machinations,3,SUPPORTER_DISRUPTION_OR_GUST,3,Majkel1337|Yushin Ito,16374395|16381823,2026-07-19|2026-07-20|2026-07-21|2026-07-22|2026-07-23|2026-07-25,3|5,116,"{""alakazam_psychic"": {""draws"": 0, ""games"": 10, ""losses"": 5, ""result_rate"": 0.5, ""wins"": 5}, ""cynthia_garchomp"": {""draws"": 0, ""games"": 39, ""losses"": 13, ""result_rate"": 0.6666666666666666, ""wins"": 26}, ""dragapult"": {""draws"": 0, ""games"": 5, ""losses"": 1, ""result_rate"": 0.8, ""wins"": 4}, ""marnie_grimmsnarl"": {""draws"": 0, ""games"": 62, ""losses"": 33, ""result_rate"": 0.46774193548387094, ""wins"": 29}}",PUBLIC_DAILY_TOP_HIGH_SCORE_SELECTED_DEPENDENT
alakazam_psychic,4414e8995e50c7a00d4b6aa7d9229f63c1dff5261643ec7cd86c4e329113ed69,1225,Hilda,3,SUPPORTER_DRAW_OR_SEARCH,4,Majkel1337|Yushin Ito,16374395|16381823,2026-07-19|2026-07-20|2026-07-21|2026-07-22|2026-07-23|2026-07-25,3|5,116,"{""alakazam_psychic"": {""draws"": 0, ""games"": 10, ""losses"": 5, ""result_rate"": 0.5, ""wins"": 5}, ""cynthia_garchomp"": {""draws"": 0, ""games"": 39, ""losses"": 13, ""result_rate"": 0.6666666666666666, ""wins"": 26}, ""dragapult"": {""draws"": 0, ""games"": 5, ""losses"": 1, ""result_rate"": 0.8, ""wins"": 4}, ""marnie_grimmsnarl"": {""draws"": 0, ""games"": 62, ""losses"": 33, ""result_rate"": 0.46774193548387094, ""wins"": 29}}",PUBLIC_DAILY_TOP_HIGH_SCORE_SELECTED_DEPENDENT
alakazam_psychic,4414e8995e50c7a00d4b6aa7d9229f63c1dff5261643ec7cd86c4e329113ed69,1231,Dawn,3,SUPPORTER_DRAW_OR_SEARCH,4,Majkel1337|Yushin Ito,16374395|16381823,2026-07-19|2026-07-20|2026-07-21|2026-07-22|2026-07-23|2026-07-25,3|5,116,"{""alakazam_psychic"": {""draws"": 0, ""games"": 10, ""losses"": 5, ""result_rate"": 0.5, ""wins"": 5}, ""cynthia_garchomp"": {""draws"": 0, ""games"": 39, ""losses"": 13, ""result_rate"": 0.6666666666666666, ""wins"": 26}, ""dragapult"": {""draws"": 0, ""games"": 5, ""losses"": 1, ""result_rate"": 0.8, ""wins"": 4}, ""marnie_grimmsnarl"": {""draws"": 0, ""games"": 62, ""losses"": 33, ""result_rate"": 0.46774193548387094, ""wins"": 29}}",PUBLIC_DAILY_TOP_HIGH_SCORE_SELECTED_DEPENDENT
alakazam_psychic,4414e8995e50c7a00d4b6aa7d9229f63c1dff5261643ec7cd86c4e329113ed69,1266,Nighttime Mine,4,STADIUM_BOARD_MODIFIER,2,Majkel1337|Yushin Ito,16374395|16381823,2026-07-19|2026-07-20|2026-07-21|2026-07-22|2026-07-23|2026-07-25,3|5,116,"{""alakazam_psychic"": {""draws"": 0, ""games"": 10, ""losses"": 5, ""result_rate"": 0.5, ""wins"": 5}, ""cynthia_garchomp"": {""draws"": 0, ""games"": 39, ""losses"": 13, ""result_rate"": 0.6666666666666666, ""wins"": 26}, ""dragapult"": {""draws"": 0, ""games"": 5, ""losses"": 1, ""result_rate"": 0.8, ""wins"": 4}, ""marnie_grimmsnarl"": {""draws"": 0, ""games"": 62, ""losses"": 33, ""result_rate"": 0.46774193548387094, ""wins"": 29}}",PUBLIC_DAILY_TOP_HIGH_SCORE_SELECTED_DEPENDENT
kangaskhan_crustle,47e017159a02045d19c8bf9e95b2d1084bfd9d8640292885b2f506fdd1cd3e05,1,Basic {G} Energy,5,BASIC_ENERGY,9,zoroark190,16375647,2026-07-25,1,3,"{""festival_lead_dipplin"": {""draws"": 0, ""games"": 1, ""losses"": 0, ""result_rate"": 1.0, ""wins"": 1}, ""kangaskhan_crustle"": {""draws"": 0, ""games"": 1, ""losses"": 1, ""result_rate"": 0.0, ""wins"": 0}, ""rocket_mewtwo_spidops"": {""draws"": 0, ""games"": 1, ""losses"": 1, ""result_rate"": 0.0, ""wins"": 0}}",PUBLIC_DAILY_TOP_HIGH_SCORE_SELECTED_DEPENDENT
kangaskhan_crustle,47e017159a02045d19c8bf9e95b2d1084bfd9d8640292885b2f506fdd1cd3e05,3,Basic {W} Energy,5,BASIC_ENERGY,2,zoroark190,16375647,2026-07-25,1,3,"{""festival_lead_dipplin"": {""draws"": 0, ""games"": 1, ""losses"": 0, ""result_rate"": 1.0, ""wins"": 1}, ""kangaskhan_crustle"": {""draws"": 0, ""games"": 1, ""losses"": 1, ""result_rate"": 0.0, ""wins"": 0}, ""rocket_mewtwo_spidops"": {""draws"": 0, ""games"": 1, ""losses"": 1, ""result_rate"": 0.0, ""wins"": 0}}",PUBLIC_DAILY_TOP_HIGH_SCORE_SELECTED_DEPENDENT
kangaskhan_crustle,47e017159a02045d19c8bf9e95b2d1084bfd9d8640292885b2f506fdd1cd3e05,4,Basic {L} Energy,5,BASIC_ENERGY,2,zoroark190,16375647,2026-07-25,1,3,"{""festival_lead_dipplin"": {""draws"": 0, ""games"": 1, ""losses"": 0, ""result_rate"": 1.0, ""wins"": 1}, ""kangaskhan_crustle"": {""draws"": 0, ""games"": 1, ""losses"": 1, ""result_rate"": 0.0, ""wins"": 0}, ""rocket_mewtwo_spidops"": {""draws"": 0, ""games"": 1, ""losses"": 1, ""result_rate"": 0.0, ""wins"": 0}}",PUBLIC_DAILY_TOP_HIGH_SCORE_SELECTED_DEPENDENT
kangaskhan_crustle,47e017159a02045d19c8bf9e95b2d1084bfd9d8640292885b2f506fdd1cd3e05,5,Basic {P} Energy,5,BASIC_ENERGY,1,zoroark190,16375647,2026-07-25,1,3,"{""festival_lead_dipplin"": {""draws"": 0, ""games"": 1, ""losses"": 0, ""result_rate"": 1.0, ""wins"": 1}, ""kangaskhan_crustle"": {""draws"": 0, ""games"": 1, ""losses"": 1, ""result_rate"": 0.0, ""wins"": 0}, ""rocket_mewtwo_spidops"": {""draws"": 0, ""games"": 1, ""losses"": 1, ""result_rate"": 0.0, ""wins"": 0}}",PUBLIC_DAILY_TOP_HIGH_SCORE_SELECTED_DEPENDENT
kangaskhan_crustle,47e017159a02045d19c8bf9e95b2d1084bfd9d8640292885b2f506fdd1cd3e05,6,Basic {F} Energy,5,BASIC_ENERGY,2,zoroark190,16375647,2026-07-25,1,3,"{""festival_lead_dipplin"": {""draws"": 0, ""games"": 1, ""losses"": 0, ""result_rate"": 1.0, ""wins"": 1}, ""kangaskhan_crustle"": {""draws"": 0, ""games"": 1, ""losses"": 1, ""result_rate"": 0.0, ""wins"": 0}, ""rocket_mewtwo_spidops"": {""draws"": 0, ""games"": 1, ""losses"": 1, ""result_rate"": 0.0, ""wins"": 0}}",PUBLIC_DAILY_TOP_HIGH_SCORE_SELECTED_DEPENDENT
kangaskhan_crustle,47e017159a02045d19c8bf9e95b2d1084bfd9d8640292885b2f506fdd1cd3e05,63,Raging Bolt ex,0,BASIC_POKEMON_EX_ATTACKER,2,zoroark190,16375647,2026-07-25,1,3,"{""festival_lead_dipplin"": {""draws"": 0, ""games"": 1, ""losses"": 0, ""result_rate"": 1.0, ""wins"": 1}, ""kangaskhan_crustle"": {""draws"": 0, ""games"": 1, ""losses"": 1, ""result_rate"": 0.0, ""wins"": 0}, ""rocket_mewtwo_spidops"": {""draws"": 0, ""games"": 1, ""losses"": 1, ""result_rate"": 0.0, ""wins"": 0}}",PUBLIC_DAILY_TOP_HIGH_SCORE_SELECTED_DEPENDENT
kangaskhan_crustle,47e017159a02045d19c8bf9e95b2d1084bfd9d8640292885b2f506fdd1cd3e05,96,Teal Mask Ogerpon ex,0,BASIC_POKEMON_EX_ATTACKER,3,zoroark190,16375647,2026-07-25,1,3,"{""festival_lead_dipplin"": {""draws"": 0, ""games"": 1, ""losses"": 0, ""result_rate"": 1.0, ""wins"": 1}, ""kangaskhan_crustle"": {""draws"": 0, ""games"": 1, ""losses"": 1, ""result_rate"": 0.0, ""wins"": 0}, ""rocket_mewtwo_spidops"": {""draws"": 0, ""games"": 1, ""losses"": 1, ""result_rate"": 0.0, ""wins"": 0}}",PUBLIC_DAILY_TOP_HIGH_SCORE_SELECTED_DEPENDENT
kangaskhan_crustle,47e017159a02045d19c8bf9e95b2d1084bfd9d8640292885b2f506fdd1cd3e05,108,Wellspring Mask Ogerpon ex,0,BASIC_POKEMON_EX_ATTACKER,1,zoroark190,16375647,2026-07-25,1,3,"{""festival_lead_dipplin"": {""draws"": 0, ""games"": 1, ""losses"": 0, ""result_rate"": 1.0, ""wins"": 1}, ""kangaskhan_crustle"": {""draws"": 0, ""games"": 1, ""losses"": 1, ""result_rate"": 0.0, ""wins"": 0}, ""rocket_mewtwo_spidops"": {""draws"": 0, ""games"": 1, ""losses"": 1, ""result_rate"": 0.0, ""wins"": 0}}",PUBLIC_DAILY_TOP_HIGH_SCORE_SELECTED_DEPENDENT
kangaskhan_crustle,47e017159a02045d19c8bf9e95b2d1084bfd9d8640292885b2f506fdd1cd3e05,140,Fezandipiti ex,0,BASIC_POKEMON_EX_ATTACKER,1,zoroark190,16375647,2026-07-25,1,3,"{""festival_lead_dipplin"": {""draws"": 0, ""games"": 1, ""losses"": 0, ""result_rate"": 1.0, ""wins"": 1}, ""kangaskhan_crustle"": {""draws"": 0, ""games"": 1, ""losses"": 1, ""result_rate"": 0.0, ""wins"": 0}, ""rocket_mewtwo_spidops"": {""draws"": 0, ""games"": 1, ""losses"": 1, ""result_rate"": 0.0, ""wins"": 0}}",PUBLIC_DAILY_TOP_HIGH_SCORE_SELECTED_DEPENDENT
kangaskhan_crustle,47e017159a02045d19c8bf9e95b2d1084bfd9d8640292885b2f506fdd1cd3e05,184,Latias ex,0,BASIC_POKEMON_EX_ATTACKER,2,zoroark190,16375647,2026-07-25,1,3,"{""festival_lead_dipplin"": {""draws"": 0, ""games"": 1, ""losses"": 0, ""result_rate"": 1.0, ""wins"": 1}, ""kangaskhan_crustle"": {""draws"": 0, ""games"": 1, ""losses"": 1, ""result_rate"": 0.0, ""wins"": 0}, ""rocket_mewtwo_spidops"": {""draws"": 0, ""games"": 1, ""losses"": 1, ""result_rate"": 0.0, ""wins"": 0}}",PUBLIC_DAILY_TOP_HIGH_SCORE_SELECTED_DEPENDENT
kangaskhan_crustle,47e017159a02045d19c8bf9e95b2d1084bfd9d8640292885b2f506fdd1cd3e05,272,Lillie’s Clefairy ex,0,BASIC_POKEMON_EX_ATTACKER,1,zoroark190,16375647,2026-07-25,1,3,"{""festival_lead_dipplin"": {""draws"": 0, ""games"": 1, ""losses"": 0, ""result_rate"": 1.0, ""wins"": 1}, ""kangaskhan_crustle"": {""draws"": 0, ""games"": 1, ""losses"": 1, ""result_rate"": 0.0, ""wins"": 0}, ""rocket_mewtwo_spidops"": {""draws"": 0, ""games"": 1, ""losses"": 1, ""result_rate"": 0.0, ""wins"": 0}}",PUBLIC_DAILY_TOP_HIGH_SCORE_SELECTED_DEPENDENT
kangaskhan_crustle,47e017159a02045d19c8bf9e95b2d1084bfd9d8640292885b2f506fdd1cd3e05,756,Mega Kangaskhan ex,0,BASIC_POKEMON_EX_ATTACKER,3,zoroark190,16375647,2026-07-25,1,3,"{""festival_lead_dipplin"": {""draws"": 0, ""games"": 1, ""losses"": 0, ""result_rate"": 1.0, ""wins"": 1}, ""kangaskhan_crustle"": {""draws"": 0, ""games"": 1, ""losses"": 1, ""result_rate"": 0.0, ""wins"": 0}, ""rocket_mewtwo_spidops"": {""draws"": 0, ""games"": 1, ""losses"": 1, ""result_rate"": 0.0, ""wins"": 0}}",PUBLIC_DAILY_TOP_HIGH_SCORE_SELECTED_DEPENDENT
kangaskhan_crustle,47e017159a02045d19c8bf9e95b2d1084bfd9d8640292885b2f506fdd1cd3e05,978,Passimian,0,BASIC_POKEMON_ATTACKER_OR_SETUP,1,zoroark190,16375647,2026-07-25,1,3,"{""festival_lead_dipplin"": {""draws"": 0, ""games"": 1, ""losses"": 0, ""result_rate"": 1.0, ""wins"": 1}, ""kangaskhan_crustle"": {""draws"": 0, ""games"": 1, ""losses"": 1, ""result_rate"": 0.0, ""wins"": 0}, ""rocket_mewtwo_spidops"": {""draws"": 0, ""games"": 1, ""losses"": 1, ""result_rate"": 0.0, ""wins"": 0}}",PUBLIC_DAILY_TOP_HIGH_SCORE_SELECTED_DEPENDENT
kangaskhan_crustle,47e017159a02045d19c8bf9e95b2d1084bfd9d8640292885b2f506fdd1cd3e05,1071,Meowth ex,0,BASIC_POKEMON_EX_ATTACKER,3,zoroark190,16375647,2026-07-25,1,3,"{""festival_lead_dipplin"": {""draws"": 0, ""games"": 1, ""losses"": 0, ""result_rate"": 1.0, ""wins"": 1}, ""kangaskhan_crustle"": {""draws"": 0, ""games"": 1, ""losses"": 1, ""result_rate"": 0.0, ""wins"": 0}, ""rocket_mewtwo_spidops"": {""draws"": 0, ""games"": 1, ""losses"": 1, ""result_rate"": 0.0, ""wins"": 0}}",PUBLIC_DAILY_TOP_HIGH_SCORE_SELECTED_DEPENDENT
kangaskhan_crustle,47e017159a02045d19c8bf9e95b2d1084bfd9d8640292885b2f506fdd1cd3e05,1088,Prime Catcher,1,ITEM_SWITCH_OR_GUST,1,zoroark190,16375647,2026-07-25,1,3,"{""festival_lead_dipplin"": {""draws"": 0, ""games"": 1, ""losses"": 0, ""result_rate"": 1.0, ""wins"": 1}, ""kangaskhan_crustle"": {""draws"": 0, ""games"": 1, ""losses"": 1, ""result_rate"": 0.0, ""wins"": 0}, ""rocket_mewtwo_spidops"": {""draws"": 0, ""games"": 1, ""losses"": 1, ""result_rate"": 0.0, ""wins"": 0}}",PUBLIC_DAILY_TOP_HIGH_SCORE_SELECTED_DEPENDENT
kangaskhan_crustle,47e017159a02045d19c8bf9e95b2d1084bfd9d8640292885b2f506fdd1cd3e05,1097,Night Stretcher,1,ITEM_RESOURCE_OR_RECOVERY,2,zoroark190,16375647,2026-07-25,1,3,"{""festival_lead_dipplin"": {""draws"": 0, ""games"": 1, ""losses"": 0, ""result_rate"": 1.0, ""wins"": 1}, ""kangaskhan_crustle"": {""draws"": 0, ""games"": 1, ""losses"": 1, ""result_rate"": 0.0, ""wins"": 0}, ""rocket_mewtwo_spidops"": {""draws"": 0, ""games"": 1, ""losses"": 1, ""result_rate"": 0.0, ""wins"": 0}}",PUBLIC_DAILY_TOP_HIGH_SCORE_SELECTED_DEPENDENT
kangaskhan_crustle,47e017159a02045d19c8bf9e95b2d1084bfd9d8640292885b2f506fdd1cd3e05,1098,Glass Trumpet,1,ITEM_RESOURCE_OR_RECOVERY,2,zoroark190,16375647,2026-07-25,1,3,"{""festival_lead_dipplin"": {""draws"": 0, ""games"": 1, ""losses"": 0, ""result_rate"": 1.0, ""wins"": 1}, ""kangaskhan_crustle"": {""draws"": 0, ""games"": 1, ""losses"": 1, ""result_rate"": 0.0, ""wins"": 0}, ""rocket_mewtwo_spidops"": {""draws"": 0, ""games"": 1, ""losses"": 1, ""result_rate"": 0.0, ""wins"": 0}}",PUBLIC_DAILY_TOP_HIGH_SCORE_SELECTED_DEPENDENT
kangaskhan_crustle,47e017159a02045d19c8bf9e95b2d1084bfd9d8640292885b2f506fdd1cd3e05,1116,Energy Switch,1,ITEM_RESOURCE_OR_RECOVERY,4,zoroark190,16375647,2026-07-25,1,3,"{""festival_lead_dipplin"": {""draws"": 0, ""games"": 1, ""losses"": 0, ""result_rate"": 1.0, ""wins"": 1}, ""kangaskhan_crustle"": {""draws"": 0, ""games"": 1, ""losses"": 1, ""result_rate"": 0.0, ""wins"": 0}, ""rocket_mewtwo_spidops"": {""draws"": 0, ""games"": 1, ""losses"": 1, ""result_rate"": 0.0, ""wins"": 0}}",PUBLIC_DAILY_TOP_HIGH_SCORE_SELECTED_DEPENDENT
kangaskhan_crustle,47e017159a02045d19c8bf9e95b2d1084bfd9d8640292885b2f506fdd1cd3e05,1121,Ultra Ball,1,ITEM_SEARCH_OR_DRAW,4,zoroark190,16375647,2026-07-25,1,3,"{""festival_lead_dipplin"": {""draws"": 0, ""games"": 1, ""losses"": 0, ""result_rate"": 1.0, ""wins"": 1}, ""kangaskhan_crustle"": {""draws"": 0, ""games"": 1, ""losses"": 1, ""result_rate"": 0.0, ""wins"": 0}, ""rocket_mewtwo_spidops"": {""draws"": 0, ""games"": 1, ""losses"": 1, ""result_rate"": 0.0, ""wins"": 0}}",PUBLIC_DAILY_TOP_HIGH_SCORE_SELECTED_DEPENDENT
kangaskhan_crustle,47e017159a02045d19c8bf9e95b2d1084bfd9d8640292885b2f506fdd1cd3e05,1182,Boss’s Orders,3,SUPPORTER_DISRUPTION_OR_GUST,2,zoroark190,16375647,2026-07-25,1,3,"{""festival_lead_dipplin"": {""draws"": 0, ""games"": 1, ""losses"": 0, ""result_rate"": 1.0, ""wins"": 1}, ""kangaskhan_crustle"": {""draws"": 0, ""games"": 1, ""losses"": 1, ""result_rate"": 0.0, ""wins"": 0}, ""rocket_mewtwo_spidops"": {""draws"": 0, ""games"": 1, ""losses"": 1, ""result_rate"": 0.0, ""wins"": 0}}",PUBLIC_DAILY_TOP_HIGH_SCORE_SELECTED_DEPENDENT
kangaskhan_crustle,47e017159a02045d19c8bf9e95b2d1084bfd9d8640292885b2f506fdd1cd3e05,1197,Xerosic’s Machinations,3,SUPPORTER_DISRUPTION_OR_GUST,2,zoroark190,16375647,2026-07-25,1,3,"{""festival_lead_dipplin"": {""draws"": 0, ""games"": 1, ""losses"": 0, ""result_rate"": 1.0, ""wins"": 1}, ""kangaskhan_crustle"": {""draws"": 0, ""games"": 1, ""losses"": 1, ""result_rate"": 0.0, ""wins"": 0}, ""rocket_mewtwo_spidops"": {""draws"": 0, ""games"": 1, ""losses"": 1, ""result_rate"": 0.0, ""wins"": 0}}",PUBLIC_DAILY_TOP_HIGH_SCORE_SELECTED_DEPENDENT
kangaskhan_crustle,47e017159a02045d19c8bf9e95b2d1084bfd9d8640292885b2f506fdd1cd3e05,1198,Crispin,3,SUPPORTER_DRAW_OR_SEARCH,4,zoroark190,16375647,2026-07-25,1,3,"{""festival_lead_dipplin"": {""draws"": 0, ""games"": 1, ""losses"": 0, ""result_rate"": 1.0, ""wins"": 1}, ""kangaskhan_crustle"": {""draws"": 0, ""games"": 1, ""losses"": 1, ""result_rate"": 0.0, ""wins"": 0}, ""rocket_mewtwo_spidops"": {""draws"": 0, ""games"": 1, ""losses"": 1, ""result_rate"": 0.0, ""wins"": 0}}",PUBLIC_DAILY_TOP_HIGH_SCORE_SELECTED_DEPENDENT
kangaskhan_crustle,47e017159a02045d19c8bf9e95b2d1084bfd9d8640292885b2f506fdd1cd3e05,1205,Cyrano,3,SUPPORTER_DRAW_OR_SEARCH,2,zoroark190,16375647,2026-07-25,1,3,"{""festival_lead_dipplin"": {""draws"": 0, ""games"": 1, ""losses"": 0, ""result_rate"": 1.0, ""wins"": 1}, ""kangaskhan_crustle"": {""draws"": 0, ""games"": 1, ""losses"": 1, ""result_rate"": 0.0, ""wins"": 0}, ""rocket_mewtwo_spidops"": {""draws"": 0, ""games"": 1, ""losses"": 1, ""result_rate"": 0.0, ""wins"": 0}}",PUBLIC_DAILY_TOP_HIGH_SCORE_SELECTED_DEPENDENT
kangaskhan_crustle,47e017159a02045d19c8bf9e95b2d1084bfd9d8640292885b2f506fdd1cd3e05,1250,Area Zero Underdepths,4,STADIUM_BOARD_MODIFIER,4,zoroark190,16375647,2026-07-25,1,3,"{""festival_lead_dipplin"": {""draws"": 0, ""games"": 1, ""losses"": 0, ""result_rate"": 1.0, ""wins"": 1}, ""kangaskhan_crustle"": {""draws"": 0, ""games"": 1, ""losses"": 1, ""result_rate"": 0.0, ""wins"": 0}, ""rocket_mewtwo_spidops"": {""draws"": 0, ""games"": 1, ""losses"": 1, ""result_rate"": 0.0, ""wins"": 0}}",PUBLIC_DAILY_TOP_HIGH_SCORE_SELECTED_DEPENDENT
kangaskhan_crustle,76b7f090c528b45acb91b4a60d6787d8004321f87a812aa92013a3224b0b5719,11,Mist Energy,6,SPECIAL_ENERGY,4,monnosuke,16376465,2026-07-25,357,1,"{""kangaskhan_crustle"": {""draws"": 0, ""games"": 1, ""losses"": 0, ""result_rate"": 1.0, ""wins"": 1}}",PUBLIC_DAILY_TOP_HIGH_SCORE_SELECTED_DEPENDENT
kangaskhan_crustle,76b7f090c528b45acb91b4a60d6787d8004321f87a812aa92013a3224b0b5719,14,Spiky Energy,6,SPECIAL_ENERGY,2,monnosuke,16376465,2026-07-25,357,1,"{""kangaskhan_crustle"": {""draws"": 0, ""games"": 1, ""losses"": 0, ""result_rate"": 1.0, ""wins"": 1}}",PUBLIC_DAILY_TOP_HIGH_SCORE_SELECTED_DEPENDENT
kangaskhan_crustle,76b7f090c528b45acb91b4a60d6787d8004321f87a812aa92013a3224b0b5719,18,Grow Grass Energy,6,SPECIAL_ENERGY,4,monnosuke,16376465,2026-07-25,357,1,"{""kangaskhan_crustle"": {""draws"": 0, ""games"": 1, ""losses"": 0, ""result_rate"": 1.0, ""wins"": 1}}",PUBLIC_DAILY_TOP_HIGH_SCORE_SELECTED_DEPENDENT
kangaskhan_crustle,76b7f090c528b45acb91b4a60d6787d8004321f87a812aa92013a3224b0b5719,20,Rock Fighting Energy,6,SPECIAL_ENERGY,4,monnosuke,16376465,2026-07-25,357,1,"{""kangaskhan_crustle"": {""draws"": 0, ""games"": 1, ""losses"": 0, ""result_rate"": 1.0, ""wins"": 1}}",PUBLIC_DAILY_TOP_HIGH_SCORE_SELECTED_DEPENDENT
kangaskhan_crustle,76b7f090c528b45acb91b4a60d6787d8004321f87a812aa92013a3224b0b5719,117,Cornerstone Mask Ogerpon ex,0,BASIC_POKEMON_EX_ATTACKER,2,monnosuke,16376465,2026-07-25,357,1,"{""kangaskhan_crustle"": {""draws"": 0, ""games"": 1, ""losses"": 0, ""result_rate"": 1.0, ""wins"": 1}}",PUBLIC_DAILY_TOP_HIGH_SCORE_SELECTED_DEPENDENT
kangaskhan_crustle,76b7f090c528b45acb91b4a60d6787d8004321f87a812aa92013a3224b0b5719,344,Dwebble,0,BASIC_POKEMON_ATTACKER_OR_SETUP,3,monnosuke,16376465,2026-07-25,357,1,"{""kangaskhan_crustle"": {""draws"": 0, ""games"": 1, ""losses"": 0, ""result_rate"": 1.0, ""wins"": 1}}",PUBLIC_DAILY_TOP_HIGH_SCORE_SELECTED_DEPENDENT
kangaskhan_crustle,76b7f090c528b45acb91b4a60d6787d8004321f87a812aa92013a3224b0b5719,345,Crustle,0,STAGE1_ABILITY_POKEMON,3,monnosuke,16376465,2026-07-25,357,1,"{""kangaskhan_crustle"": {""draws"": 0, ""games"": 1, ""losses"": 0, ""result_rate"": 1.0, ""wins"": 1}}",PUBLIC_DAILY_TOP_HIGH_SCORE_SELECTED_DEPENDENT
kangaskhan_crustle,76b7f090c528b45acb91b4a60d6787d8004321f87a812aa92013a3224b0b5719,756,Mega Kangaskhan ex,0,BASIC_POKEMON_EX_ATTACKER,4,monnosuke,16376465,2026-07-25,357,1,"{""kangaskhan_crustle"": {""draws"": 0, ""games"": 1, ""losses"": 0, ""result_rate"": 1.0, ""wins"": 1}}",PUBLIC_DAILY_TOP_HIGH_SCORE_SELECTED_DEPENDENT
kangaskhan_crustle,76b7f090c528b45acb91b4a60d6787d8004321f87a812aa92013a3224b0b5719,1086,Buddy-Buddy Poffin,1,ITEM_SEARCH_OR_DRAW,2,monnosuke,16376465,2026-07-25,357,1,"{""kangaskhan_crustle"": {""draws"": 0, ""games"": 1, ""losses"": 0, ""result_rate"": 1.0, ""wins"": 1}}",PUBLIC_DAILY_TOP_HIGH_SCORE_SELECTED_DEPENDENT
kangaskhan_crustle,76b7f090c528b45acb91b4a60d6787d8004321f87a812aa92013a3224b0b5719,1120,Crushing Hammer,1,ITEM_RESOURCE_OR_RECOVERY,3,monnosuke,16376465,2026-07-25,357,1,"{""kangaskhan_crustle"": {""draws"": 0, ""games"": 1, ""losses"": 0, ""result_rate"": 1.0, ""wins"": 1}}",PUBLIC_DAILY_TOP_HIGH_SCORE_SELECTED_DEPENDENT
kangaskhan_crustle,76b7f090c528b45acb91b4a60d6787d8004321f87a812aa92013a3224b0b5719,1122,Pokégear 3.0,1,ITEM_SEARCH_OR_DRAW,4,monnosuke,16376465,2026-07-25,357,1,"{""kangaskhan_crustle"": {""draws"": 0, ""games"": 1, ""losses"": 0, ""result_rate"": 1.0, ""wins"": 1}}",PUBLIC_DAILY_TOP_HIGH_SCORE_SELECTED_DEPENDENT
kangaskhan_crustle,76b7f090c528b45acb91b4a60d6787d8004321f87a812aa92013a3224b0b5719,1123,Switch,1,ITEM_SWITCH_OR_GUST,2,monnosuke,16376465,2026-07-25,357,1,"{""kangaskhan_crustle"": {""draws"": 0, ""games"": 1, ""losses"": 0, ""result_rate"": 1.0, ""wins"": 1}}",PUBLIC_DAILY_TOP_HIGH_SCORE_SELECTED_DEPENDENT
kangaskhan_crustle,76b7f090c528b45acb91b4a60d6787d8004321f87a812aa92013a3224b0b5719,1127,Tera Orb,1,ITEM_SEARCH_OR_DRAW,1,monnosuke,16376465,2026-07-25,357,1,"{""kangaskhan_crustle"": {""draws"": 0, ""games"": 1, ""losses"": 0, ""result_rate"": 1.0, ""wins"": 1}}",PUBLIC_DAILY_TOP_HIGH_SCORE_SELECTED_DEPENDENT
kangaskhan_crustle,76b7f090c528b45acb91b4a60d6787d8004321f87a812aa92013a3224b0b5719,1145,Mega Signal,1,ITEM_SEARCH_OR_DRAW,1,monnosuke,16376465,2026-07-25,357,1,"{""kangaskhan_crustle"": {""draws"": 0, ""games"": 1, ""losses"": 0, ""result_rate"": 1.0, ""wins"": 1}}",PUBLIC_DAILY_TOP_HIGH_SCORE_SELECTED_DEPENDENT
kangaskhan_crustle,76b7f090c528b45acb91b4a60d6787d8004321f87a812aa92013a3224b0b5719,1147,Jumbo Ice Cream,1,ITEM_RESOURCE_OR_RECOVERY,4,monnosuke,16376465,2026-07-25,357,1,"{""kangaskhan_crustle"": {""draws"": 0, ""games"": 1, ""losses"": 0, ""result_rate"": 1.0, ""wins"": 1}}",PUBLIC_DAILY_TOP_HIGH_SCORE_SELECTED_DEPENDENT
kangaskhan_crustle,76b7f090c528b45acb91b4a60d6787d8004321f87a812aa92013a3224b0b5719,1159,Hero’s Cape,2,POKEMON_TOOL,1,monnosuke,16376465,2026-07-25,357,1,"{""kangaskhan_crustle"": {""draws"": 0, ""games"": 1, ""losses"": 0, ""result_rate"": 1.0, ""wins"": 1}}",PUBLIC_DAILY_TOP_HIGH_SCORE_SELECTED_DEPENDENT
kangaskhan_crustle,76b7f090c528b45acb91b4a60d6787d8004321f87a812aa92013a3224b0b5719,1182,Boss’s Orders,3,SUPPORTER_DISRUPTION_OR_GUST,4,monnosuke,16376465,2026-07-25,357,1,"{""kangaskhan_crustle"": {""draws"": 0, ""games"": 1, ""losses"": 0, ""result_rate"": 1.0, ""wins"": 1}}",PUBLIC_DAILY_TOP_HIGH_SCORE_SELECTED_DEPENDENT
kangaskhan_crustle,76b7f090c528b45acb91b4a60d6787d8004321f87a812aa92013a3224b0b5719,1197,Xerosic’s Machinations,3,SUPPORTER_DISRUPTION_OR_GUST,2,monnosuke,16376465,2026-07-25,357,1,"{""kangaskhan_crustle"": {""draws"": 0, ""games"": 1, ""losses"": 0, ""result_rate"": 1.0, ""wins"": 1}}",PUBLIC_DAILY_TOP_HIGH_SCORE_SELECTED_DEPENDENT
kangaskhan_crustle,76b7f090c528b45acb91b4a60d6787d8004321f87a812aa92013a3224b0b5719,1219,Team Rocket's Petrel,3,SUPPORTER_DRAW_OR_SEARCH,4,monnosuke,16376465,2026-07-25,357,1,"{""kangaskhan_crustle"": {""draws"": 0, ""games"": 1, ""losses"": 0, ""result_rate"": 1.0, ""wins"": 1}}",PUBLIC_DAILY_TOP_HIGH_SCORE_SELECTED_DEPENDENT
kangaskhan_crustle,76b7f090c528b45acb91b4a60d6787d8004321f87a812aa92013a3224b0b5719,1225,Hilda,3,SUPPORTER_DRAW_OR_SEARCH,3,monnosuke,16376465,2026-07-25,357,1,"{""kangaskhan_crustle"": {""draws"": 0, ""games"": 1, ""losses"": 0, ""result_rate"": 1.0, ""wins"": 1}}",PUBLIC_DAILY_TOP_HIGH_SCORE_SELECTED_DEPENDENT
kangaskhan_crustle,76b7f090c528b45acb91b4a60d6787d8004321f87a812aa92013a3224b0b5719,1227,Lillie's Determination,3,SUPPORTER_DRAW_OR_SEARCH,3,monnosuke,16376465,2026-07-25,357,1,"{""kangaskhan_crustle"": {""draws"": 0, ""games"": 1, ""losses"": 0, ""result_rate"": 1.0, ""wins"": 1}}",PUBLIC_DAILY_TOP_HIGH_SCORE_SELECTED_DEPENDENT
kangaskhan_crustle,97934924dd727dbc7acadc1f029b4ebffab8b06a2a47ab48a9193a1805c4c574,1,Basic {G} Energy,5,BASIC_ENERGY,1,懒惰的金枪鱼,16386246,2026-07-22,38,1,"{""cynthia_garchomp"": {""draws"": 0, ""games"": 1, ""losses"": 1, ""result_rate"": 0.0, ""wins"": 0}}",PUBLIC_DAILY_TOP_HIGH_SCORE_SELECTED_DEPENDENT
kangaskhan_crustle,97934924dd727dbc7acadc1f029b4ebffab8b06a2a47ab48a9193a1805c4c574,11,Mist Energy,6,SPECIAL_ENERGY,4,懒惰的金枪鱼,16386246,2026-07-22,38,1,"{""cynthia_garchomp"": {""draws"": 0, ""games"": 1, ""losses"": 1, ""result_rate"": 0.0, ""wins"": 0}}",PUBLIC_DAILY_TOP_HIGH_SCORE_SELECTED_DEPENDENT
kangaskhan_crustle,97934924dd727dbc7acadc1f029b4ebffab8b06a2a47ab48a9193a1805c4c574,14,Spiky Energy,6,SPECIAL_ENERGY,4,懒惰的金枪鱼,16386246,2026-07-22,38,1,"{""cynthia_garchomp"": {""draws"": 0, ""games"": 1, ""losses"": 1, ""result_rate"": 0.0, ""wins"": 0}}",PUBLIC_DAILY_TOP_HIGH_SCORE_SELECTED_DEPENDENT
kangaskhan_crustle,97934924dd727dbc7acadc1f029b4ebffab8b06a2a47ab48a9193a1805c4c574,18,Grow Grass Energy,6,SPECIAL_ENERGY,4,懒惰的金枪鱼,16386246,2026-07-22,38,1,"{""cynthia_garchomp"": {""draws"": 0, ""games"": 1, ""losses"": 1, ""result_rate"": 0.0, ""wins"": 0}}",PUBLIC_DAILY_TOP_HIGH_SCORE_SELECTED_DEPENDENT
kangaskhan_crustle,97934924dd727dbc7acadc1f029b4ebffab8b06a2a47ab48a9193a1805c4c574,344,Dwebble,0,BASIC_POKEMON_ATTACKER_OR_SETUP,4,懒惰的金枪鱼,16386246,2026-07-22,38,1,"{""cynthia_garchomp"": {""draws"": 0, ""games"": 1, ""losses"": 1, ""result_rate"": 0.0, ""wins"": 0}}",PUBLIC_DAILY_TOP_HIGH_SCORE_SELECTED_DEPENDENT
kangaskhan_crustle,97934924dd727dbc7acadc1f029b4ebffab8b06a2a47ab48a9193a1805c4c574,345,Crustle,0,STAGE1_ABILITY_POKEMON,4,懒惰的金枪鱼,16386246,2026-07-22,38,1,"{""cynthia_garchomp"": {""draws"": 0, ""games"": 1, ""losses"": 1, ""result_rate"": 0.0, ""wins"": 0}}",PUBLIC_DAILY_TOP_HIGH_SCORE_SELECTED_DEPENDENT
kangaskhan_crustle,97934924dd727dbc7acadc1f029b4ebffab8b06a2a47ab48a9193a1805c4c574,756,Mega Kangaskhan ex,0,BASIC_POKEMON_EX_ATTACKER,4,懒惰的金枪鱼,16386246,2026-07-22,38,1,"{""cynthia_garchomp"": {""draws"": 0, ""games"": 1, ""losses"": 1, ""result_rate"": 0.0, ""wins"": 0}}",PUBLIC_DAILY_TOP_HIGH_SCORE_SELECTED_DEPENDENT
kangaskhan_crustle,97934924dd727dbc7acadc1f029b4ebffab8b06a2a47ab48a9193a1805c4c574,1086,Buddy-Buddy Poffin,1,ITEM_SEARCH_OR_DRAW,4,懒惰的金枪鱼,16386246,2026-07-22,38,1,"{""cynthia_garchomp"": {""draws"": 0, ""games"": 1, ""losses"": 1, ""result_rate"": 0.0, ""wins"": 0}}",PUBLIC_DAILY_TOP_HIGH_SCORE_SELECTED_DEPENDENT
kangaskhan_crustle,97934924dd727dbc7acadc1f029b4ebffab8b06a2a47ab48a9193a1805c4c574,1087,Hand Trimmer,1,ITEM_UTILITY,2,懒惰的金枪鱼,16386246,2026-07-22,38,1,"{""cynthia_garchomp"": {""draws"": 0, ""games"": 1, ""losses"": 1, ""result_rate"": 0.0, ""wins"": 0}}",PUBLIC_DAILY_TOP_HIGH_SCORE_SELECTED_DEPENDENT
kangaskhan_crustle,97934924dd727dbc7acadc1f029b4ebffab8b06a2a47ab48a9193a1805c4c574,1122,Pokégear 3.0,1,ITEM_SEARCH_OR_DRAW,4,懒惰的金枪鱼,16386246,2026-07-22,38,1,"{""cynthia_garchomp"": {""draws"": 0, ""games"": 1, ""losses"": 1, ""result_rate"": 0.0, ""wins"": 0}}",PUBLIC_DAILY_TOP_HIGH_SCORE_SELECTED_DEPENDENT
kangaskhan_crustle,97934924dd727dbc7acadc1f029b4ebffab8b06a2a47ab48a9193a1805c4c574,1123,Switch,1,ITEM_SWITCH_OR_GUST,4,懒惰的金枪鱼,16386246,2026-07-22,38,1,"{""cynthia_garchomp"": {""draws"": 0, ""games"": 1, ""losses"": 1, ""result_rate"": 0.0, ""wins"": 0}}",PUBLIC_DAILY_TOP_HIGH_SCORE_SELECTED_DEPENDENT
kangaskhan_crustle,97934924dd727dbc7acadc1f029b4ebffab8b06a2a47ab48a9193a1805c4c574,1147,Jumbo Ice Cream,1,ITEM_RESOURCE_OR_RECOVERY,4,懒惰的金枪鱼,16386246,2026-07-22,38,1,"{""cynthia_garchomp"": {""draws"": 0, ""games"": 1, ""losses"": 1, ""result_rate"": 0.0, ""wins"": 0}}",PUBLIC_DAILY_TOP_HIGH_SCORE_SELECTED_DEPENDENT
kangaskhan_crustle,97934924dd727dbc7acadc1f029b4ebffab8b06a2a47ab48a9193a1805c4c574,1159,Hero’s Cape,2,POKEMON_TOOL,1,懒惰的金枪鱼,16386246,2026-07-22,38,1,"{""cynthia_garchomp"": {""draws"": 0, ""games"": 1, ""losses"": 1, ""result_rate"": 0.0, ""wins"": 0}}",PUBLIC_DAILY_TOP_HIGH_SCORE_SELECTED_DEPENDENT
kangaskhan_crustle,97934924dd727dbc7acadc1f029b4ebffab8b06a2a47ab48a9193a1805c4c574,1182,Boss’s Orders,3,SUPPORTER_DISRUPTION_OR_GUST,2,懒惰的金枪鱼,16386246,2026-07-22,38,1,"{""cynthia_garchomp"": {""draws"": 0, ""games"": 1, ""losses"": 1, ""result_rate"": 0.0, ""wins"": 0}}",PUBLIC_DAILY_TOP_HIGH_SCORE_SELECTED_DEPENDENT
kangaskhan_crustle,97934924dd727dbc7acadc1f029b4ebffab8b06a2a47ab48a9193a1805c4c574,1197,Xerosic’s Machinations,3,SUPPORTER_DISRUPTION_OR_GUST,4,懒惰的金枪鱼,16386246,2026-07-22,38,1,"{""cynthia_garchomp"": {""draws"": 0, ""games"": 1, ""losses"": 1, ""result_rate"": 0.0, ""wins"": 0}}",PUBLIC_DAILY_TOP_HIGH_SCORE_SELECTED_DEPENDENT
kangaskhan_crustle,97934924dd727dbc7acadc1f029b4ebffab8b06a2a47ab48a9193a1805c4c574,1225,Hilda,3,SUPPORTER_DRAW_OR_SEARCH,4,懒惰的金枪鱼,16386246,2026-07-22,38,1,"{""cynthia_garchomp"": {""draws"": 0, ""games"": 1, ""losses"": 1, ""result_rate"": 0.0, ""wins"": 0}}",PUBLIC_DAILY_TOP_HIGH_SCORE_SELECTED_DEPENDENT
kangaskhan_crustle,97934924dd727dbc7acadc1f029b4ebffab8b06a2a47ab48a9193a1805c4c574,1227,Lillie's Determination,3,SUPPORTER_DRAW_OR_SEARCH,4,懒惰的金枪鱼,16386246,2026-07-22,38,1,"{""cynthia_garchomp"": {""draws"": 0, ""games"": 1, ""losses"": 1, ""result_rate"": 0.0, ""wins"": 0}}",PUBLIC_DAILY_TOP_HIGH_SCORE_SELECTED_DEPENDENT
kangaskhan_crustle,97934924dd727dbc7acadc1f029b4ebffab8b06a2a47ab48a9193a1805c4c574,1264,Battle Cage,4,STADIUM_BOARD_MODIFIER,2,懒惰的金枪鱼,16386246,2026-07-22,38,1,"{""cynthia_garchomp"": {""draws"": 0, ""games"": 1, ""losses"": 1, ""result_rate"": 0.0, ""wins"": 0}}",PUBLIC_DAILY_TOP_HIGH_SCORE_SELECTED_DEPENDENT
kangaskhan_crustle,d9d823b6d4021728bd8676d61ff3f5018097a65cde99c3e3daa99f83db8432ef,1,Basic {G} Energy,5,BASIC_ENERGY,1,Where is my orbit,16454068,2026-07-24,26,3,"{""marnie_grimmsnarl"": {""draws"": 0, ""games"": 3, ""losses"": 1, ""result_rate"": 0.6666666666666666, ""wins"": 2}}",PUBLIC_DAILY_TOP_HIGH_SCORE_SELECTED_DEPENDENT
kangaskhan_crustle,d9d823b6d4021728bd8676d61ff3f5018097a65cde99c3e3daa99f83db8432ef,11,Mist Energy,6,SPECIAL_ENERGY,4,Where is my orbit,16454068,2026-07-24,26,3,"{""marnie_grimmsnarl"": {""draws"": 0, ""games"": 3, ""losses"": 1, ""result_rate"": 0.6666666666666666, ""wins"": 2}}",PUBLIC_DAILY_TOP_HIGH_SCORE_SELECTED_DEPENDENT
kangaskhan_crustle,d9d823b6d4021728bd8676d61ff3f5018097a65cde99c3e3daa99f83db8432ef,14,Spiky Energy,6,SPECIAL_ENERGY,4,Where is my orbit,16454068,2026-07-24,26,3,"{""marnie_grimmsnarl"": {""draws"": 0, ""games"": 3, ""losses"": 1, ""result_rate"": 0.6666666666666666, ""wins"": 2}}",PUBLIC_DAILY_TOP_HIGH_SCORE_SELECTED_DEPENDENT
kangaskhan_crustle,d9d823b6d4021728bd8676d61ff3f5018097a65cde99c3e3daa99f83db8432ef,18,Grow Grass Energy,6,SPECIAL_ENERGY,4,Where is my orbit,16454068,2026-07-24,26,3,"{""marnie_grimmsnarl"": {""draws"": 0, ""games"": 3, ""losses"": 1, ""result_rate"": 0.6666666666666666, ""wins"": 2}}",PUBLIC_DAILY_TOP_HIGH_SCORE_SELECTED_DEPENDENT
kangaskhan_crustle,d9d823b6d4021728bd8676d61ff3f5018097a65cde99c3e3daa99f83db8432ef,344,Dwebble,0,BASIC_POKEMON_ATTACKER_OR_SETUP,3,Where is my orbit,16454068,2026-07-24,26,3,"{""marnie_grimmsnarl"": {""draws"": 0, ""games"": 3, ""losses"": 1, ""result_rate"": 0.6666666666666666, ""wins"": 2}}",PUBLIC_DAILY_TOP_HIGH_SCORE_SELECTED_DEPENDENT
kangaskhan_crustle,d9d823b6d4021728bd8676d61ff3f5018097a65cde99c3e3daa99f83db8432ef,345,Crustle,0,STAGE1_ABILITY_POKEMON,3,Where is my orbit,16454068,2026-07-24,26,3,"{""marnie_grimmsnarl"": {""draws"": 0, ""games"": 3, ""losses"": 1, ""result_rate"": 0.6666666666666666, ""wins"": 2}}",PUBLIC_DAILY_TOP_HIGH_SCORE_SELECTED_DEPENDENT
kangaskhan_crustle,d9d823b6d4021728bd8676d61ff3f5018097a65cde99c3e3daa99f83db8432ef,756,Mega Kangaskhan ex,0,BASIC_POKEMON_EX_ATTACKER,4,Where is my orbit,16454068,2026-07-24,26,3,"{""marnie_grimmsnarl"": {""draws"": 0, ""games"": 3, ""losses"": 1, ""result_rate"": 0.6666666666666666, ""wins"": 2}}",PUBLIC_DAILY_TOP_HIGH_SCORE_SELECTED_DEPENDENT
kangaskhan_crustle,d9d823b6d4021728bd8676d61ff3f5018097a65cde99c3e3daa99f83db8432ef,1086,Buddy-Buddy Poffin,1,ITEM_SEARCH_OR_DRAW,4,Where is my orbit,16454068,2026-07-24,26,3,"{""marnie_grimmsnarl"": {""draws"": 0, ""games"": 3, ""losses"": 1, ""result_rate"": 0.6666666666666666, ""wins"": 2}}",PUBLIC_DAILY_TOP_HIGH_SCORE_SELECTED_DEPENDENT
kangaskhan_crustle,d9d823b6d4021728bd8676d61ff3f5018097a65cde99c3e3daa99f83db8432ef,1120,Crushing Hammer,1,ITEM_RESOURCE_OR_RECOVERY,4,Where is my orbit,16454068,2026-07-24,26,3,"{""marnie_grimmsnarl"": {""draws"": 0, ""games"": 3, ""losses"": 1, ""result_rate"": 0.6666666666666666, ""wins"": 2}}",PUBLIC_DAILY_TOP_HIGH_SCORE_SELECTED_DEPENDENT
kangaskhan_crustle,d9d823b6d4021728bd8676d61ff3f5018097a65cde99c3e3daa99f83db8432ef,1122,Pokégear 3.0,1,ITEM_SEARCH_OR_DRAW,4,Where is my orbit,16454068,2026-07-24,26,3,"{""marnie_grimmsnarl"": {""draws"": 0, ""games"": 3, ""losses"": 1, ""result_rate"": 0.6666666666666666, ""wins"": 2}}",PUBLIC_DAILY_TOP_HIGH_SCORE_SELECTED_DEPENDENT
kangaskhan_crustle,d9d823b6d4021728bd8676d61ff3f5018097a65cde99c3e3daa99f83db8432ef,1123,Switch,1,ITEM_SWITCH_OR_GUST,4,Where is my orbit,16454068,2026-07-24,26,3,"{""marnie_grimmsnarl"": {""draws"": 0, ""games"": 3, ""losses"": 1, ""result_rate"": 0.6666666666666666, ""wins"": 2}}",PUBLIC_DAILY_TOP_HIGH_SCORE_SELECTED_DEPENDENT
kangaskhan_crustle,d9d823b6d4021728bd8676d61ff3f5018097a65cde99c3e3daa99f83db8432ef,1147,Jumbo Ice Cream,1,ITEM_RESOURCE_OR_RECOVERY,4,Where is my orbit,16454068,2026-07-24,26,3,"{""marnie_grimmsnarl"": {""draws"": 0, ""games"": 3, ""losses"": 1, ""result_rate"": 0.6666666666666666, ""wins"": 2}}",PUBLIC_DAILY_TOP_HIGH_SCORE_SELECTED_DEPENDENT
kangaskhan_crustle,d9d823b6d4021728bd8676d61ff3f5018097a65cde99c3e3daa99f83db8432ef,1159,Hero’s Cape,2,POKEMON_TOOL,1,Where is my orbit,16454068,2026-07-24,26,3,"{""marnie_grimmsnarl"": {""draws"": 0, ""games"": 3, ""losses"": 1, ""result_rate"": 0.6666666666666666, ""wins"": 2}}",PUBLIC_DAILY_TOP_HIGH_SCORE_SELECTED_DEPENDENT
kangaskhan_crustle,d9d823b6d4021728bd8676d61ff3f5018097a65cde99c3e3daa99f83db8432ef,1182,Boss’s Orders,3,SUPPORTER_DISRUPTION_OR_GUST,2,Where is my orbit,16454068,2026-07-24,26,3,"{""marnie_grimmsnarl"": {""draws"": 0, ""games"": 3, ""losses"": 1, ""result_rate"": 0.6666666666666666, ""wins"": 2}}",PUBLIC_DAILY_TOP_HIGH_SCORE_SELECTED_DEPENDENT
kangaskhan_crustle,d9d823b6d4021728bd8676d61ff3f5018097a65cde99c3e3daa99f83db8432ef,1197,Xerosic’s Machinations,3,SUPPORTER_DISRUPTION_OR_GUST,4,Where is my orbit,16454068,2026-07-24,26,3,"{""marnie_grimmsnarl"": {""draws"": 0, ""games"": 3, ""losses"": 1, ""result_rate"": 0.6666666666666666, ""wins"": 2}}",PUBLIC_DAILY_TOP_HIGH_SCORE_SELECTED_DEPENDENT
kangaskhan_crustle,d9d823b6d4021728bd8676d61ff3f5018097a65cde99c3e3daa99f83db8432ef,1225,Hilda,3,SUPPORTER_DRAW_OR_SEARCH,4,Where is my orbit,16454068,2026-07-24,26,3,"{""marnie_grimmsnarl"": {""draws"": 0, ""games"": 3, ""losses"": 1, ""result_rate"": 0.6666666666666666, ""wins"": 2}}",PUBLIC_DAILY_TOP_HIGH_SCORE_SELECTED_DEPENDENT
kangaskhan_crustle,d9d823b6d4021728bd8676d61ff3f5018097a65cde99c3e3daa99f83db8432ef,1227,Lillie's Determination,3,SUPPORTER_DRAW_OR_SEARCH,4,Where is my orbit,16454068,2026-07-24,26,3,"{""marnie_grimmsnarl"": {""draws"": 0, ""games"": 3, ""losses"": 1, ""result_rate"": 0.6666666666666666, ""wins"": 2}}",PUBLIC_DAILY_TOP_HIGH_SCORE_SELECTED_DEPENDENT
kangaskhan_crustle,d9d823b6d4021728bd8676d61ff3f5018097a65cde99c3e3daa99f83db8432ef,1264,Battle Cage,4,STADIUM_BOARD_MODIFIER,2,Where is my orbit,16454068,2026-07-24,26,3,"{""marnie_grimmsnarl"": {""draws"": 0, ""games"": 3, ""losses"": 1, ""result_rate"": 0.6666666666666666, ""wins"": 2}}",PUBLIC_DAILY_TOP_HIGH_SCORE_SELECTED_DEPENDENT
marnie_grimmsnarl,4194e1d86dc0188c5bff8f2bb73dc4351aed38f266335934abbe58b9cddbf6b3,7,Basic {D} Energy,5,BASIC_ENERGY,10,GUOHAOYANG|Luca|Lunariz|Oshbocker|Rmy|__Taichicchi__|ktr|wwwwwwwwwwwwwwwwwwwwwwwwwwwwww,16375635|16382207|16400014|16404352|16425135|16445292|16448747|16464757,2026-07-19|2026-07-20|2026-07-21|2026-07-22|2026-07-23|2026-07-24|2026-07-25,19|28|33|37|49|60|256|1260,354,"{""alakazam_psychic"": {""draws"": 0, ""games"": 56, ""losses"": 24, ""result_rate"": 0.5714285714285714, ""wins"": 32}, ""cynthia_garchomp"": {""draws"": 0, ""games"": 51, ""losses"": 28, ""result_rate"": 0.45098039215686275, ""wins"": 23}, ""dragapult"": {""draws"": 0, ""games"": 3, ""losses"": 1, ""result_rate"": 0.6666666666666666, ""wins"": 2}, ""festival_lead_dipplin"": {""draws"": 0, ""games"": 2, ""losses"": 1, ""result_rate"": 0.5, ""wins"": 1}, ""kangaskhan_crustle"": {""draws"": 0, ""games"": 3, ""losses"": 2, ""result_rate"": 0.3333333333333333, ""wins"": 1}, ""marnie_grimmsnarl"": {""draws"": 0, ""games"": 200, ""losses"": 100, ""result_rate"": 0.5, ""wins"": 100}, ""rocket_mewtwo_spidops"": {""draws"": 0, ""games"": 39, ""losses"": 8, ""result_rate"": 0.7948717948717948, ""wins"": 31}}",PUBLIC_DAILY_TOP_HIGH_SCORE_SELECTED_DEPENDENT
marnie_grimmsnarl,4194e1d86dc0188c5bff8f2bb73dc4351aed38f266335934abbe58b9cddbf6b3,104,Froslass,0,STAGE1_ABILITY_POKEMON,2,GUOHAOYANG|Luca|Lunariz|Oshbocker|Rmy|__Taichicchi__|ktr|wwwwwwwwwwwwwwwwwwwwwwwwwwwwww,16375635|16382207|16400014|16404352|16425135|16445292|16448747|16464757,2026-07-19|2026-07-20|2026-07-21|2026-07-22|2026-07-23|2026-07-24|2026-07-25,19|28|33|37|49|60|256|1260,354,"{""alakazam_psychic"": {""draws"": 0, ""games"": 56, ""losses"": 24, ""result_rate"": 0.5714285714285714, ""wins"": 32}, ""cynthia_garchomp"": {""draws"": 0, ""games"": 51, ""losses"": 28, ""result_rate"": 0.45098039215686275, ""wins"": 23}, ""dragapult"": {""draws"": 0, ""games"": 3, ""losses"": 1, ""result_rate"": 0.6666666666666666, ""wins"": 2}, ""festival_lead_dipplin"": {""draws"": 0, ""games"": 2, ""losses"": 1, ""result_rate"": 0.5, ""wins"": 1}, ""kangaskhan_crustle"": {""draws"": 0, ""games"": 3, ""losses"": 2, ""result_rate"": 0.3333333333333333, ""wins"": 1}, ""marnie_grimmsnarl"": {""draws"": 0, ""games"": 200, ""losses"": 100, ""result_rate"": 0.5, ""wins"": 100}, ""rocket_mewtwo_spidops"": {""draws"": 0, ""games"": 39, ""losses"": 8, ""result_rate"": 0.7948717948717948, ""wins"": 31}}",PUBLIC_DAILY_TOP_HIGH_SCORE_SELECTED_DEPENDENT
marnie_grimmsnarl,4194e1d86dc0188c5bff8f2bb73dc4351aed38f266335934abbe58b9cddbf6b3,112,Munkidori,0,BASIC_ABILITY_POKEMON,4,GUOHAOYANG|Luca|Lunariz|Oshbocker|Rmy|__Taichicchi__|ktr|wwwwwwwwwwwwwwwwwwwwwwwwwwwwww,16375635|16382207|16400014|16404352|16425135|16445292|16448747|16464757,2026-07-19|2026-07-20|2026-07-21|2026-07-22|2026-07-23|2026-07-24|2026-07-25,19|28|33|37|49|60|256|1260,354,"{""alakazam_psychic"": {""draws"": 0, ""games"": 56, ""losses"": 24, ""result_rate"": 0.5714285714285714, ""wins"": 32}, ""cynthia_garchomp"": {""draws"": 0, ""games"": 51, ""losses"": 28, ""result_rate"": 0.45098039215686275, ""wins"": 23}, ""dragapult"": {""draws"": 0, ""games"": 3, ""losses"": 1, ""result_rate"": 0.6666666666666666, ""wins"": 2}, ""festival_lead_dipplin"": {""draws"": 0, ""games"": 2, ""losses"": 1, ""result_rate"": 0.5, ""wins"": 1}, ""kangaskhan_crustle"": {""draws"": 0, ""games"": 3, ""losses"": 2, ""result_rate"": 0.3333333333333333, ""wins"": 1}, ""marnie_grimmsnarl"": {""draws"": 0, ""games"": 200, ""losses"": 100, ""result_rate"": 0.5, ""wins"": 100}, ""rocket_mewtwo_spidops"": {""draws"": 0, ""games"": 39, ""losses"": 8, ""result_rate"": 0.7948717948717948, ""wins"": 31}}",PUBLIC_DAILY_TOP_HIGH_SCORE_SELECTED_DEPENDENT
marnie_grimmsnarl,4194e1d86dc0188c5bff8f2bb73dc4351aed38f266335934abbe58b9cddbf6b3,646,Marnie's Impidimp,0,BASIC_POKEMON_ATTACKER_OR_SETUP,4,GUOHAOYANG|Luca|Lunariz|Oshbocker|Rmy|__Taichicchi__|ktr|wwwwwwwwwwwwwwwwwwwwwwwwwwwwww,16375635|16382207|16400014|16404352|16425135|16445292|16448747|16464757,2026-07-19|2026-07-20|2026-07-21|2026-07-22|2026-07-23|2026-07-24|2026-07-25,19|28|33|37|49|60|256|1260,354,"{""alakazam_psychic"": {""draws"": 0, ""games"": 56, ""losses"": 24, ""result_rate"": 0.5714285714285714, ""wins"": 32}, ""cynthia_garchomp"": {""draws"": 0, ""games"": 51, ""losses"": 28, ""result_rate"": 0.45098039215686275, ""wins"": 23}, ""dragapult"": {""draws"": 0, ""games"": 3, ""losses"": 1, ""result_rate"": 0.6666666666666666, ""wins"": 2}, ""festival_lead_dipplin"": {""draws"": 0, ""games"": 2, ""losses"": 1, ""result_rate"": 0.5, ""wins"": 1}, ""kangaskhan_crustle"": {""draws"": 0, ""games"": 3, ""losses"": 2, ""result_rate"": 0.3333333333333333, ""wins"": 1}, ""marnie_grimmsnarl"": {""draws"": 0, ""games"": 200, ""losses"": 100, ""result_rate"": 0.5, ""wins"": 100}, ""rocket_mewtwo_spidops"": {""draws"": 0, ""games"": 39, ""losses"": 8, ""result_rate"": 0.7948717948717948, ""wins"": 31}}",PUBLIC_DAILY_TOP_HIGH_SCORE_SELECTED_DEPENDENT
marnie_grimmsnarl,4194e1d86dc0188c5bff8f2bb73dc4351aed38f266335934abbe58b9cddbf6b3,647,Marnie's Morgrem,0,STAGE1_POKEMON_ATTACKER_OR_SETUP,3,GUOHAOYANG|Luca|Lunariz|Oshbocker|Rmy|__Taichicchi__|ktr|wwwwwwwwwwwwwwwwwwwwwwwwwwwwww,16375635|16382207|16400014|16404352|16425135|16445292|16448747|16464757,2026-07-19|2026-07-20|2026-07-21|2026-07-22|2026-07-23|2026-07-24|2026-07-25,19|28|33|37|49|60|256|1260,354,"{""alakazam_psychic"": {""draws"": 0, ""games"": 56, ""losses"": 24, ""result_rate"": 0.5714285714285714, ""wins"": 32}, ""cynthia_garchomp"": {""draws"": 0, ""games"": 51, ""losses"": 28, ""result_rate"": 0.45098039215686275, ""wins"": 23}, ""dragapult"": {""draws"": 0, ""games"": 3, ""losses"": 1, ""result_rate"": 0.6666666666666666, ""wins"": 2}, ""festival_lead_dipplin"": {""draws"": 0, ""games"": 2, ""losses"": 1, ""result_rate"": 0.5, ""wins"": 1}, ""kangaskhan_crustle"": {""draws"": 0, ""games"": 3, ""losses"": 2, ""result_rate"": 0.3333333333333333, ""wins"": 1}, ""marnie_grimmsnarl"": {""draws"": 0, ""games"": 200, ""losses"": 100, ""result_rate"": 0.5, ""wins"": 100}, ""rocket_mewtwo_spidops"": {""draws"": 0, ""games"": 39, ""losses"": 8, ""result_rate"": 0.7948717948717948, ""wins"": 31}}",PUBLIC_DAILY_TOP_HIGH_SCORE_SELECTED_DEPENDENT
marnie_grimmsnarl,4194e1d86dc0188c5bff8f2bb73dc4351aed38f266335934abbe58b9cddbf6b3,648,Marnie's Grimmsnarl ex,0,STAGE2_POKEMON_EX_ATTACKER,3,GUOHAOYANG|Luca|Lunariz|Oshbocker|Rmy|__Taichicchi__|ktr|wwwwwwwwwwwwwwwwwwwwwwwwwwwwww,16375635|16382207|16400014|16404352|16425135|16445292|16448747|16464757,2026-07-19|2026-07-20|2026-07-21|2026-07-22|2026-07-23|2026-07-24|2026-07-25,19|28|33|37|49|60|256|1260,354,"{""alakazam_psychic"": {""draws"": 0, ""games"": 56, ""losses"": 24, ""result_rate"": 0.5714285714285714, ""wins"": 32}, ""cynthia_garchomp"": {""draws"": 0, ""games"": 51, ""losses"": 28, ""result_rate"": 0.45098039215686275, ""wins"": 23}, ""dragapult"": {""draws"": 0, ""games"": 3, ""losses"": 1, ""result_rate"": 0.6666666666666666, ""wins"": 2}, ""festival_lead_dipplin"": {""draws"": 0, ""games"": 2, ""losses"": 1, ""result_rate"": 0.5, ""wins"": 1}, ""kangaskhan_crustle"": {""draws"": 0, ""games"": 3, ""losses"": 2, ""result_rate"": 0.3333333333333333, ""wins"": 1}, ""marnie_grimmsnarl"": {""draws"": 0, ""games"": 200, ""losses"": 100, ""result_rate"": 0.5, ""wins"": 100}, ""rocket_mewtwo_spidops"": {""draws"": 0, ""games"": 39, ""losses"": 8, ""result_rate"": 0.7948717948717948, ""wins"": 31}}",PUBLIC_DAILY_TOP_HIGH_SCORE_SELECTED_DEPENDENT
marnie_grimmsnarl,4194e1d86dc0188c5bff8f2bb73dc4351aed38f266335934abbe58b9cddbf6b3,860,Snorunt,0,BASIC_POKEMON_ATTACKER_OR_SETUP,2,GUOHAOYANG|Luca|Lunariz|Oshbocker|Rmy|__Taichicchi__|ktr|wwwwwwwwwwwwwwwwwwwwwwwwwwwwww,16375635|16382207|16400014|16404352|16425135|16445292|16448747|16464757,2026-07-19|2026-07-20|2026-07-21|2026-07-22|2026-07-23|2026-07-24|2026-07-25,19|28|33|37|49|60|256|1260,354,"{""alakazam_psychic"": {""draws"": 0, ""games"": 56, ""losses"": 24, ""result_rate"": 0.5714285714285714, ""wins"": 32}, ""cynthia_garchomp"": {""draws"": 0, ""games"": 51, ""losses"": 28, ""result_rate"": 0.45098039215686275, ""wins"": 23}, ""dragapult"": {""draws"": 0, ""games"": 3, ""losses"": 1, ""result_rate"": 0.6666666666666666, ""wins"": 2}, ""festival_lead_dipplin"": {""draws"": 0, ""games"": 2, ""losses"": 1, ""result_rate"": 0.5, ""wins"": 1}, ""kangaskhan_crustle"": {""draws"": 0, ""games"": 3, ""losses"": 2, ""result_rate"": 0.3333333333333333, ""wins"": 1}, ""marnie_grimmsnarl"": {""draws"": 0, ""games"": 200, ""losses"": 100, ""result_rate"": 0.5, ""wins"": 100}, ""rocket_mewtwo_spidops"": {""draws"": 0, ""games"": 39, ""losses"": 8, ""result_rate"": 0.7948717948717948, ""wins"": 31}}",PUBLIC_DAILY_TOP_HIGH_SCORE_SELECTED_DEPENDENT
marnie_grimmsnarl,4194e1d86dc0188c5bff8f2bb73dc4351aed38f266335934abbe58b9cddbf6b3,1079,Rare Candy,1,ITEM_UTILITY,3,GUOHAOYANG|Luca|Lunariz|Oshbocker|Rmy|__Taichicchi__|ktr|wwwwwwwwwwwwwwwwwwwwwwwwwwwwww,16375635|16382207|16400014|16404352|16425135|16445292|16448747|16464757,2026-07-19|2026-07-20|2026-07-21|2026-07-22|2026-07-23|2026-07-24|2026-07-25,19|28|33|37|49|60|256|1260,354,"{""alakazam_psychic"": {""draws"": 0, ""games"": 56, ""losses"": 24, ""result_rate"": 0.5714285714285714, ""wins"": 32}, ""cynthia_garchomp"": {""draws"": 0, ""games"": 51, ""losses"": 28, ""result_rate"": 0.45098039215686275, ""wins"": 23}, ""dragapult"": {""draws"": 0, ""games"": 3, ""losses"": 1, ""result_rate"": 0.6666666666666666, ""wins"": 2}, ""festival_lead_dipplin"": {""draws"": 0, ""games"": 2, ""losses"": 1, ""result_rate"": 0.5, ""wins"": 1}, ""kangaskhan_crustle"": {""draws"": 0, ""games"": 3, ""losses"": 2, ""result_rate"": 0.3333333333333333, ""wins"": 1}, ""marnie_grimmsnarl"": {""draws"": 0, ""games"": 200, ""losses"": 100, ""result_rate"": 0.5, ""wins"": 100}, ""rocket_mewtwo_spidops"": {""draws"": 0, ""games"": 39, ""losses"": 8, ""result_rate"": 0.7948717948717948, ""wins"": 31}}",PUBLIC_DAILY_TOP_HIGH_SCORE_SELECTED_DEPENDENT
marnie_grimmsnarl,4194e1d86dc0188c5bff8f2bb73dc4351aed38f266335934abbe58b9cddbf6b3,1080,Unfair Stamp,1,ITEM_UTILITY,1,GUOHAOYANG|Luca|Lunariz|Oshbocker|Rmy|__Taichicchi__|ktr|wwwwwwwwwwwwwwwwwwwwwwwwwwwwww,16375635|16382207|16400014|16404352|16425135|16445292|16448747|16464757,2026-07-19|2026-07-20|2026-07-21|2026-07-22|2026-07-23|2026-07-24|2026-07-25,19|28|33|37|49|60|256|1260,354,"{""alakazam_psychic"": {""draws"": 0, ""games"": 56, ""losses"": 24, ""result_rate"": 0.5714285714285714, ""wins"": 32}, ""cynthia_garchomp"": {""draws"": 0, ""games"": 51, ""losses"": 28, ""result_rate"": 0.45098039215686275, ""wins"": 23}, ""dragapult"": {""draws"": 0, ""games"": 3, ""losses"": 1, ""result_rate"": 0.6666666666666666, ""wins"": 2}, ""festival_lead_dipplin"": {""draws"": 0, ""games"": 2, ""losses"": 1, ""result_rate"": 0.5, ""wins"": 1}, ""kangaskhan_crustle"": {""draws"": 0, ""games"": 3, ""losses"": 2, ""result_rate"": 0.3333333333333333, ""wins"": 1}, ""marnie_grimmsnarl"": {""draws"": 0, ""games"": 200, ""losses"": 100, ""result_rate"": 0.5, ""wins"": 100}, ""rocket_mewtwo_spidops"": {""draws"": 0, ""games"": 39, ""losses"": 8, ""result_rate"": 0.7948717948717948, ""wins"": 31}}",PUBLIC_DAILY_TOP_HIGH_SCORE_SELECTED_DEPENDENT
marnie_grimmsnarl,4194e1d86dc0188c5bff8f2bb73dc4351aed38f266335934abbe58b9cddbf6b3,1086,Buddy-Buddy Poffin,1,ITEM_SEARCH_OR_DRAW,4,GUOHAOYANG|Luca|Lunariz|Oshbocker|Rmy|__Taichicchi__|ktr|wwwwwwwwwwwwwwwwwwwwwwwwwwwwww,16375635|16382207|16400014|16404352|16425135|16445292|16448747|16464757,2026-07-19|2026-07-20|2026-07-21|2026-07-22|2026-07-23|2026-07-24|2026-07-25,19|28|33|37|49|60|256|1260,354,"{""alakazam_psychic"": {""draws"": 0, ""games"": 56, ""losses"": 24, ""result_rate"": 0.5714285714285714, ""wins"": 32}, ""cynthia_garchomp"": {""draws"": 0, ""games"": 51, ""losses"": 28, ""result_rate"": 0.45098039215686275, ""wins"": 23}, ""dragapult"": {""draws"": 0, ""games"": 3, ""losses"": 1, ""result_rate"": 0.6666666666666666, ""wins"": 2}, ""festival_lead_dipplin"": {""draws"": 0, ""games"": 2, ""losses"": 1, ""result_rate"": 0.5, ""wins"": 1}, ""kangaskhan_crustle"": {""draws"": 0, ""games"": 3, ""losses"": 2, ""result_rate"": 0.3333333333333333, ""wins"": 1}, ""marnie_grimmsnarl"": {""draws"": 0, ""games"": 200, ""losses"": 100, ""result_rate"": 0.5, ""wins"": 100}, ""rocket_mewtwo_spidops"": {""draws"": 0, ""games"": 39, ""losses"": 8, ""result_rate"": 0.7948717948717948, ""wins"": 31}}",PUBLIC_DAILY_TOP_HIGH_SCORE_SELECTED_DEPENDENT
marnie_grimmsnarl,4194e1d86dc0188c5bff8f2bb73dc4351aed38f266335934abbe58b9cddbf6b3,1097,Night Stretcher,1,ITEM_RESOURCE_OR_RECOVERY,3,GUOHAOYANG|Luca|Lunariz|Oshbocker|Rmy|__Taichicchi__|ktr|wwwwwwwwwwwwwwwwwwwwwwwwwwwwww,16375635|16382207|16400014|16404352|16425135|16445292|16448747|16464757,2026-07-19|2026-07-20|2026-07-21|2026-07-22|2026-07-23|2026-07-24|2026-07-25,19|28|33|37|49|60|256|1260,354,"{""alakazam_psychic"": {""draws"": 0, ""games"": 56, ""losses"": 24, ""result_rate"": 0.5714285714285714, ""wins"": 32}, ""cynthia_garchomp"": {""draws"": 0, ""games"": 51, ""losses"": 28, ""result_rate"": 0.45098039215686275, ""wins"": 23}, ""dragapult"": {""draws"": 0, ""games"": 3, ""losses"": 1, ""result_rate"": 0.6666666666666666, ""wins"": 2}, ""festival_lead_dipplin"": {""draws"": 0, ""games"": 2, ""losses"": 1, ""result_rate"": 0.5, ""wins"": 1}, ""kangaskhan_crustle"": {""draws"": 0, ""games"": 3, ""losses"": 2, ""result_rate"": 0.3333333333333333, ""wins"": 1}, ""marnie_grimmsnarl"": {""draws"": 0, ""games"": 200, ""losses"": 100, ""result_rate"": 0.5, ""wins"": 100}, ""rocket_mewtwo_spidops"": {""draws"": 0, ""games"": 39, ""losses"": 8, ""result_rate"": 0.7948717948717948, ""wins"": 31}}",PUBLIC_DAILY_TOP_HIGH_SCORE_SELECTED_DEPENDENT
marnie_grimmsnarl,4194e1d86dc0188c5bff8f2bb73dc4351aed38f266335934abbe58b9cddbf6b3,1122,Pokégear 3.0,1,ITEM_SEARCH_OR_DRAW,1,GUOHAOYANG|Luca|Lunariz|Oshbocker|Rmy|__Taichicchi__|ktr|wwwwwwwwwwwwwwwwwwwwwwwwwwwwww,16375635|16382207|16400014|16404352|16425135|16445292|16448747|16464757,2026-07-19|2026-07-20|2026-07-21|2026-07-22|2026-07-23|2026-07-24|2026-07-25,19|28|33|37|49|60|256|1260,354,"{""alakazam_psychic"": {""draws"": 0, ""games"": 56, ""losses"": 24, ""result_rate"": 0.5714285714285714, ""wins"": 32}, ""cynthia_garchomp"": {""draws"": 0, ""games"": 51, ""losses"": 28, ""result_rate"": 0.45098039215686275, ""wins"": 23}, ""dragapult"": {""draws"": 0, ""games"": 3, ""losses"": 1, ""result_rate"": 0.6666666666666666, ""wins"": 2}, ""festival_lead_dipplin"": {""draws"": 0, ""games"": 2, ""losses"": 1, ""result_rate"": 0.5, ""wins"": 1}, ""kangaskhan_crustle"": {""draws"": 0, ""games"": 3, ""losses"": 2, ""result_rate"": 0.3333333333333333, ""wins"": 1}, ""marnie_grimmsnarl"": {""draws"": 0, ""games"": 200, ""losses"": 100, ""result_rate"": 0.5, ""wins"": 100}, ""rocket_mewtwo_spidops"": {""draws"": 0, ""games"": 39, ""losses"": 8, ""result_rate"": 0.7948717948717948, ""wins"": 31}}",PUBLIC_DAILY_TOP_HIGH_SCORE_SELECTED_DEPENDENT
marnie_grimmsnarl,4194e1d86dc0188c5bff8f2bb73dc4351aed38f266335934abbe58b9cddbf6b3,1137,Tool Scrapper,1,ITEM_UTILITY,1,GUOHAOYANG|Luca|Lunariz|Oshbocker|Rmy|__Taichicchi__|ktr|wwwwwwwwwwwwwwwwwwwwwwwwwwwwww,16375635|16382207|16400014|16404352|16425135|16445292|16448747|16464757,2026-07-19|2026-07-20|2026-07-21|2026-07-22|2026-07-23|2026-07-24|2026-07-25,19|28|33|37|49|60|256|1260,354,"{""alakazam_psychic"": {""draws"": 0, ""games"": 56, ""losses"": 24, ""result_rate"": 0.5714285714285714, ""wins"": 32}, ""cynthia_garchomp"": {""draws"": 0, ""games"": 51, ""losses"": 28, ""result_rate"": 0.45098039215686275, ""wins"": 23}, ""dragapult"": {""draws"": 0, ""games"": 3, ""losses"": 1, ""result_rate"": 0.6666666666666666, ""wins"": 2}, ""festival_lead_dipplin"": {""draws"": 0, ""games"": 2, ""losses"": 1, ""result_rate"": 0.5, ""wins"": 1}, ""kangaskhan_crustle"": {""draws"": 0, ""games"": 3, ""losses"": 2, ""result_rate"": 0.3333333333333333, ""wins"": 1}, ""marnie_grimmsnarl"": {""draws"": 0, ""games"": 200, ""losses"": 100, ""result_rate"": 0.5, ""wins"": 100}, ""rocket_mewtwo_spidops"": {""draws"": 0, ""games"": 39, ""losses"": 8, ""result_rate"": 0.7948717948717948, ""wins"": 31}}",PUBLIC_DAILY_TOP_HIGH_SCORE_SELECTED_DEPENDENT
marnie_grimmsnarl,4194e1d86dc0188c5bff8f2bb73dc4351aed38f266335934abbe58b9cddbf6b3,1152,Poké Pad,1,ITEM_SEARCH_OR_DRAW,4,GUOHAOYANG|Luca|Lunariz|Oshbocker|Rmy|__Taichicchi__|ktr|wwwwwwwwwwwwwwwwwwwwwwwwwwwwww,16375635|16382207|16400014|16404352|16425135|16445292|16448747|16464757,2026-07-19|2026-07-20|2026-07-21|2026-07-22|2026-07-23|2026-07-24|2026-07-25,19|28|33|37|49|60|256|1260,354,"{""alakazam_psychic"": {""draws"": 0, ""games"": 56, ""losses"": 24, ""result_rate"": 0.5714285714285714, ""wins"": 32}, ""cynthia_garchomp"": {""draws"": 0, ""games"": 51, ""losses"": 28, ""result_rate"": 0.45098039215686275, ""wins"": 23}, ""dragapult"": {""draws"": 0, ""games"": 3, ""losses"": 1, ""result_rate"": 0.6666666666666666, ""wins"": 2}, ""festival_lead_dipplin"": {""draws"": 0, ""games"": 2, ""losses"": 1, ""result_rate"": 0.5, ""wins"": 1}, ""kangaskhan_crustle"": {""draws"": 0, ""games"": 3, ""losses"": 2, ""result_rate"": 0.3333333333333333, ""wins"": 1}, ""marnie_grimmsnarl"": {""draws"": 0, ""games"": 200, ""losses"": 100, ""result_rate"": 0.5, ""wins"": 100}, ""rocket_mewtwo_spidops"": {""draws"": 0, ""games"": 39, ""losses"": 8, ""result_rate"": 0.7948717948717948, ""wins"": 31}}",PUBLIC_DAILY_TOP_HIGH_SCORE_SELECTED_DEPENDENT
marnie_grimmsnarl,4194e1d86dc0188c5bff8f2bb73dc4351aed38f266335934abbe58b9cddbf6b3,1182,Boss’s Orders,3,SUPPORTER_DISRUPTION_OR_GUST,2,GUOHAOYANG|Luca|Lunariz|Oshbocker|Rmy|__Taichicchi__|ktr|wwwwwwwwwwwwwwwwwwwwwwwwwwwwww,16375635|16382207|16400014|16404352|16425135|16445292|16448747|16464757,2026-07-19|2026-07-20|2026-07-21|2026-07-22|2026-07-23|2026-07-24|2026-07-25,19|28|33|37|49|60|256|1260,354,"{""alakazam_psychic"": {""draws"": 0, ""games"": 56, ""losses"": 24, ""result_rate"": 0.5714285714285714, ""wins"": 32}, ""cynthia_garchomp"": {""draws"": 0, ""games"": 51, ""losses"": 28, ""result_rate"": 0.45098039215686275, ""wins"": 23}, ""dragapult"": {""draws"": 0, ""games"": 3, ""losses"": 1, ""result_rate"": 0.6666666666666666, ""wins"": 2}, ""festival_lead_dipplin"": {""draws"": 0, ""games"": 2, ""losses"": 1, ""result_rate"": 0.5, ""wins"": 1}, ""kangaskhan_crustle"": {""draws"": 0, ""games"": 3, ""losses"": 2, ""result_rate"": 0.3333333333333333, ""wins"": 1}, ""marnie_grimmsnarl"": {""draws"": 0, ""games"": 200, ""losses"": 100, ""result_rate"": 0.5, ""wins"": 100}, ""rocket_mewtwo_spidops"": {""draws"": 0, ""games"": 39, ""losses"": 8, ""result_rate"": 0.7948717948717948, ""wins"": 31}}",PUBLIC_DAILY_TOP_HIGH_SCORE_SELECTED_DEPENDENT
marnie_grimmsnarl,4194e1d86dc0188c5bff8f2bb73dc4351aed38f266335934abbe58b9cddbf6b3,1219,Team Rocket's Petrel,3,SUPPORTER_DRAW_OR_SEARCH,4,GUOHAOYANG|Luca|Lunariz|Oshbocker|Rmy|__Taichicchi__|ktr|wwwwwwwwwwwwwwwwwwwwwwwwwwwwww,16375635|16382207|16400014|16404352|16425135|16445292|16448747|16464757,2026-07-19|2026-07-20|2026-07-21|2026-07-22|2026-07-23|2026-07-24|2026-07-25,19|28|33|37|49|60|256|1260,354,"{""alakazam_psychic"": {""draws"": 0, ""games"": 56, ""losses"": 24, ""result_rate"": 0.5714285714285714, ""wins"": 32}, ""cynthia_garchomp"": {""draws"": 0, ""games"": 51, ""losses"": 28, ""result_rate"": 0.45098039215686275, ""wins"": 23}, ""dragapult"": {""draws"": 0, ""games"": 3, ""losses"": 1, ""result_rate"": 0.6666666666666666, ""wins"": 2}, ""festival_lead_dipplin"": {""draws"": 0, ""games"": 2, ""losses"": 1, ""result_rate"": 0.5, ""wins"": 1}, ""kangaskhan_crustle"": {""draws"": 0, ""games"": 3, ""losses"": 2, ""result_rate"": 0.3333333333333333, ""wins"": 1}, ""marnie_grimmsnarl"": {""draws"": 0, ""games"": 200, ""losses"": 100, ""result_rate"": 0.5, ""wins"": 100}, ""rocket_mewtwo_spidops"": {""draws"": 0, ""games"": 39, ""losses"": 8, ""result_rate"": 0.7948717948717948, ""wins"": 31}}",PUBLIC_DAILY_TOP_HIGH_SCORE_SELECTED_DEPENDENT
marnie_grimmsnarl,4194e1d86dc0188c5bff8f2bb73dc4351aed38f266335934abbe58b9cddbf6b3,1227,Lillie's Determination,3,SUPPORTER_DRAW_OR_SEARCH,4,GUOHAOYANG|Luca|Lunariz|Oshbocker|Rmy|__Taichicchi__|ktr|wwwwwwwwwwwwwwwwwwwwwwwwwwwwww,16375635|16382207|16400014|16404352|16425135|16445292|16448747|16464757,2026-07-19|2026-07-20|2026-07-21|2026-07-22|2026-07-23|2026-07-24|2026-07-25,19|28|33|37|49|60|256|1260,354,"{""alakazam_psychic"": {""draws"": 0, ""games"": 56, ""losses"": 24, ""result_rate"": 0.5714285714285714, ""wins"": 32}, ""cynthia_garchomp"": {""draws"": 0, ""games"": 51, ""losses"": 28, ""result_rate"": 0.45098039215686275, ""wins"": 23}, ""dragapult"": {""draws"": 0, ""games"": 3, ""losses"": 1, ""result_rate"": 0.6666666666666666, ""wins"": 2}, ""festival_lead_dipplin"": {""draws"": 0, ""games"": 2, ""losses"": 1, ""result_rate"": 0.5, ""wins"": 1}, ""kangaskhan_crustle"": {""draws"": 0, ""games"": 3, ""losses"": 2, ""result_rate"": 0.3333333333333333, ""wins"": 1}, ""marnie_grimmsnarl"": {""draws"": 0, ""games"": 200, ""losses"": 100, ""result_rate"": 0.5, ""wins"": 100}, ""rocket_mewtwo_spidops"": {""draws"": 0, ""games"": 39, ""losses"": 8, ""result_rate"": 0.7948717948717948, ""wins"": 31}}",PUBLIC_DAILY_TOP_HIGH_SCORE_SELECTED_DEPENDENT
marnie_grimmsnarl,4194e1d86dc0188c5bff8f2bb73dc4351aed38f266335934abbe58b9cddbf6b3,1231,Dawn,3,SUPPORTER_DRAW_OR_SEARCH,1,GUOHAOYANG|Luca|Lunariz|Oshbocker|Rmy|__Taichicchi__|ktr|wwwwwwwwwwwwwwwwwwwwwwwwwwwwww,16375635|16382207|16400014|16404352|16425135|16445292|16448747|16464757,2026-07-19|2026-07-20|2026-07-21|2026-07-22|2026-07-23|2026-07-24|2026-07-25,19|28|33|37|49|60|256|1260,354,"{""alakazam_psychic"": {""draws"": 0, ""games"": 56, ""losses"": 24, ""result_rate"": 0.5714285714285714, ""wins"": 32}, ""cynthia_garchomp"": {""draws"": 0, ""games"": 51, ""losses"": 28, ""result_rate"": 0.45098039215686275, ""wins"": 23}, ""dragapult"": {""draws"": 0, ""games"": 3, ""losses"": 1, ""result_rate"": 0.6666666666666666, ""wins"": 2}, ""festival_lead_dipplin"": {""draws"": 0, ""games"": 2, ""losses"": 1, ""result_rate"": 0.5, ""wins"": 1}, ""kangaskhan_crustle"": {""draws"": 0, ""games"": 3, ""losses"": 2, ""result_rate"": 0.3333333333333333, ""wins"": 1}, ""marnie_grimmsnarl"": {""draws"": 0, ""games"": 200, ""losses"": 100, ""result_rate"": 0.5, ""wins"": 100}, ""rocket_mewtwo_spidops"": {""draws"": 0, ""games"": 39, ""losses"": 8, ""result_rate"": 0.7948717948717948, ""wins"": 31}}",PUBLIC_DAILY_TOP_HIGH_SCORE_SELECTED_DEPENDENT
marnie_grimmsnarl,4194e1d86dc0188c5bff8f2bb73dc4351aed38f266335934abbe58b9cddbf6b3,1259,Spikemuth Gym,4,STADIUM_BOARD_MODIFIER,4,GUOHAOYANG|Luca|Lunariz|Oshbocker|Rmy|__Taichicchi__|ktr|wwwwwwwwwwwwwwwwwwwwwwwwwwwwww,16375635|16382207|16400014|16404352|16425135|16445292|16448747|16464757,2026-07-19|2026-07-20|2026-07-21|2026-07-22|2026-07-23|2026-07-24|2026-07-25,19|28|33|37|49|60|256|1260,354,"{""alakazam_psychic"": {""draws"": 0, ""games"": 56, ""losses"": 24, ""result_rate"": 0.5714285714285714, ""wins"": 32}, ""cynthia_garchomp"": {""draws"": 0, ""games"": 51, ""losses"": 28, ""result_rate"": 0.45098039215686275, ""wins"": 23}, ""dragapult"": {""draws"": 0, ""games"": 3, ""losses"": 1, ""result_rate"": 0.6666666666666666, ""wins"": 2}, ""festival_lead_dipplin"": {""draws"": 0, ""games"": 2, ""losses"": 1, ""result_rate"": 0.5, ""wins"": 1}, ""kangaskhan_crustle"": {""draws"": 0, ""games"": 3, ""losses"": 2, ""result_rate"": 0.3333333333333333, ""wins"": 1}, ""marnie_grimmsnarl"": {""draws"": 0, ""games"": 200, ""losses"": 100, ""result_rate"": 0.5, ""wins"": 100}, ""rocket_mewtwo_spidops"": {""draws"": 0, ""games"": 39, ""losses"": 8, ""result_rate"": 0.7948717948717948, ""wins"": 31}}",PUBLIC_DAILY_TOP_HIGH_SCORE_SELECTED_DEPENDENT
marnie_grimmsnarl,41bdf9d5d3c36ee70007a5d4967839bf960feb66a8f7e3c77ad73bfec973c061,7,Basic {D} Energy,5,BASIC_ENERGY,10,Dominic Peel|Rmy|__Taichicchi__,16400014|16425135|16514272,2026-07-20|2026-07-22|2026-07-25,24|49|60,32,"{""alakazam_psychic"": {""draws"": 0, ""games"": 6, ""losses"": 5, ""result_rate"": 0.16666666666666666, ""wins"": 1}, ""cynthia_garchomp"": {""draws"": 0, ""games"": 5, ""losses"": 4, ""result_rate"": 0.2, ""wins"": 1}, ""marnie_grimmsnarl"": {""draws"": 0, ""games"": 6, ""losses"": 2, ""result_rate"": 0.6666666666666666, ""wins"": 4}, ""rocket_mewtwo_spidops"": {""draws"": 0, ""games"": 15, ""losses"": 6, ""result_rate"": 0.6, ""wins"": 9}}",PUBLIC_DAILY_TOP_HIGH_SCORE_SELECTED_DEPENDENT
marnie_grimmsnarl,41bdf9d5d3c36ee70007a5d4967839bf960feb66a8f7e3c77ad73bfec973c061,104,Froslass,0,STAGE1_ABILITY_POKEMON,2,Dominic Peel|Rmy|__Taichicchi__,16400014|16425135|16514272,2026-07-20|2026-07-22|2026-07-25,24|49|60,32,"{""alakazam_psychic"": {""draws"": 0, ""games"": 6, ""losses"": 5, ""result_rate"": 0.16666666666666666, ""wins"": 1}, ""cynthia_garchomp"": {""draws"": 0, ""games"": 5, ""losses"": 4, ""result_rate"": 0.2, ""wins"": 1}, ""marnie_grimmsnarl"": {""draws"": 0, ""games"": 6, ""losses"": 2, ""result_rate"": 0.6666666666666666, ""wins"": 4}, ""rocket_mewtwo_spidops"": {""draws"": 0, ""games"": 15, ""losses"": 6, ""result_rate"": 0.6, ""wins"": 9}}",PUBLIC_DAILY_TOP_HIGH_SCORE_SELECTED_DEPENDENT
marnie_grimmsnarl,41bdf9d5d3c36ee70007a5d4967839bf960feb66a8f7e3c77ad73bfec973c061,112,Munkidori,0,BASIC_ABILITY_POKEMON,4,Dominic Peel|Rmy|__Taichicchi__,16400014|16425135|16514272,2026-07-20|2026-07-22|2026-07-25,24|49|60,32,"{""alakazam_psychic"": {""draws"": 0, ""games"": 6, ""losses"": 5, ""result_rate"": 0.16666666666666666, ""wins"": 1}, ""cynthia_garchomp"": {""draws"": 0, ""games"": 5, ""losses"": 4, ""result_rate"": 0.2, ""wins"": 1}, ""marnie_grimmsnarl"": {""draws"": 0, ""games"": 6, ""losses"": 2, ""result_rate"": 0.6666666666666666, ""wins"": 4}, ""rocket_mewtwo_spidops"": {""draws"": 0, ""games"": 15, ""losses"": 6, ""result_rate"": 0.6, ""wins"": 9}}",PUBLIC_DAILY_TOP_HIGH_SCORE_SELECTED_DEPENDENT
marnie_grimmsnarl,41bdf9d5d3c36ee70007a5d4967839bf960feb66a8f7e3c77ad73bfec973c061,646,Marnie's Impidimp,0,BASIC_POKEMON_ATTACKER_OR_SETUP,4,Dominic Peel|Rmy|__Taichicchi__,16400014|16425135|16514272,2026-07-20|2026-07-22|2026-07-25,24|49|60,32,"{""alakazam_psychic"": {""draws"": 0, ""games"": 6, ""losses"": 5, ""result_rate"": 0.16666666666666666, ""wins"": 1}, ""cynthia_garchomp"": {""draws"": 0, ""games"": 5, ""losses"": 4, ""result_rate"": 0.2, ""wins"": 1}, ""marnie_grimmsnarl"": {""draws"": 0, ""games"": 6, ""losses"": 2, ""result_rate"": 0.6666666666666666, ""wins"": 4}, ""rocket_mewtwo_spidops"": {""draws"": 0, ""games"": 15, ""losses"": 6, ""result_rate"": 0.6, ""wins"": 9}}",PUBLIC_DAILY_TOP_HIGH_SCORE_SELECTED_DEPENDENT
marnie_grimmsnarl,41bdf9d5d3c36ee70007a5d4967839bf960feb66a8f7e3c77ad73bfec973c061,647,Marnie's Morgrem,0,STAGE1_POKEMON_ATTACKER_OR_SETUP,3,Dominic Peel|Rmy|__Taichicchi__,16400014|16425135|16514272,2026-07-20|2026-07-22|2026-07-25,24|49|60,32,"{""alakazam_psychic"": {""draws"": 0, ""games"": 6, ""losses"": 5, ""result_rate"": 0.16666666666666666, ""wins"": 1}, ""cynthia_garchomp"": {""draws"": 0, ""games"": 5, ""losses"": 4, ""result_rate"": 0.2, ""wins"": 1}, ""marnie_grimmsnarl"": {""draws"": 0, ""games"": 6, ""losses"": 2, ""result_rate"": 0.6666666666666666, ""wins"": 4}, ""rocket_mewtwo_spidops"": {""draws"": 0, ""games"": 15, ""losses"": 6, ""result_rate"": 0.6, ""wins"": 9}}",PUBLIC_DAILY_TOP_HIGH_SCORE_SELECTED_DEPENDENT
marnie_grimmsnarl,41bdf9d5d3c36ee70007a5d4967839bf960feb66a8f7e3c77ad73bfec973c061,648,Marnie's Grimmsnarl ex,0,STAGE2_POKEMON_EX_ATTACKER,3,Dominic Peel|Rmy|__Taichicchi__,16400014|16425135|16514272,2026-07-20|2026-07-22|2026-07-25,24|49|60,32,"{""alakazam_psychic"": {""draws"": 0, ""games"": 6, ""losses"": 5, ""result_rate"": 0.16666666666666666, ""wins"": 1}, ""cynthia_garchomp"": {""draws"": 0, ""games"": 5, ""losses"": 4, ""result_rate"": 0.2, ""wins"": 1}, ""marnie_grimmsnarl"": {""draws"": 0, ""games"": 6, ""losses"": 2, ""result_rate"": 0.6666666666666666, ""wins"": 4}, ""rocket_mewtwo_spidops"": {""draws"": 0, ""games"": 15, ""losses"": 6, ""result_rate"": 0.6, ""wins"": 9}}",PUBLIC_DAILY_TOP_HIGH_SCORE_SELECTED_DEPENDENT
marnie_grimmsnarl,41bdf9d5d3c36ee70007a5d4967839bf960feb66a8f7e3c77ad73bfec973c061,860,Snorunt,0,BASIC_POKEMON_ATTACKER_OR_SETUP,2,Dominic Peel|Rmy|__Taichicchi__,16400014|16425135|16514272,2026-07-20|2026-07-22|2026-07-25,24|49|60,32,"{""alakazam_psychic"": {""draws"": 0, ""games"": 6, ""losses"": 5, ""result_rate"": 0.16666666666666666, ""wins"": 1}, ""cynthia_garchomp"": {""draws"": 0, ""games"": 5, ""losses"": 4, ""result_rate"": 0.2, ""wins"": 1}, ""marnie_grimmsnarl"": {""draws"": 0, ""games"": 6, ""losses"": 2, ""result_rate"": 0.6666666666666666, ""wins"": 4}, ""rocket_mewtwo_spidops"": {""draws"": 0, ""games"": 15, ""losses"": 6, ""result_rate"": 0.6, ""wins"": 9}}",PUBLIC_DAILY_TOP_HIGH_SCORE_SELECTED_DEPENDENT
marnie_grimmsnarl,41bdf9d5d3c36ee70007a5d4967839bf960feb66a8f7e3c77ad73bfec973c061,1079,Rare Candy,1,ITEM_UTILITY,3,Dominic Peel|Rmy|__Taichicchi__,16400014|16425135|16514272,2026-07-20|2026-07-22|2026-07-25,24|49|60,32,"{""alakazam_psychic"": {""draws"": 0, ""games"": 6, ""losses"": 5, ""result_rate"": 0.16666666666666666, ""wins"": 1}, ""cynthia_garchomp"": {""draws"": 0, ""games"": 5, ""losses"": 4, ""result_rate"": 0.2, ""wins"": 1}, ""marnie_grimmsnarl"": {""draws"": 0, ""games"": 6, ""losses"": 2, ""result_rate"": 0.6666666666666666, ""wins"": 4}, ""rocket_mewtwo_spidops"": {""draws"": 0, ""games"": 15, ""losses"": 6, ""result_rate"": 0.6, ""wins"": 9}}",PUBLIC_DAILY_TOP_HIGH_SCORE_SELECTED_DEPENDENT
marnie_grimmsnarl,41bdf9d5d3c36ee70007a5d4967839bf960feb66a8f7e3c77ad73bfec973c061,1080,Unfair Stamp,1,ITEM_UTILITY,1,Dominic Peel|Rmy|__Taichicchi__,16400014|16425135|16514272,2026-07-20|2026-07-22|2026-07-25,24|49|60,32,"{""alakazam_psychic"": {""draws"": 0, ""games"": 6, ""losses"": 5, ""result_rate"": 0.16666666666666666, ""wins"": 1}, ""cynthia_garchomp"": {""draws"": 0, ""games"": 5, ""losses"": 4, ""result_rate"": 0.2, ""wins"": 1}, ""marnie_grimmsnarl"": {""draws"": 0, ""games"": 6, ""losses"": 2, ""result_rate"": 0.6666666666666666, ""wins"": 4}, ""rocket_mewtwo_spidops"": {""draws"": 0, ""games"": 15, ""losses"": 6, ""result_rate"": 0.6, ""wins"": 9}}",PUBLIC_DAILY_TOP_HIGH_SCORE_SELECTED_DEPENDENT
marnie_grimmsnarl,41bdf9d5d3c36ee70007a5d4967839bf960feb66a8f7e3c77ad73bfec973c061,1086,Buddy-Buddy Poffin,1,ITEM_SEARCH_OR_DRAW,4,Dominic Peel|Rmy|__Taichicchi__,16400014|16425135|16514272,2026-07-20|2026-07-22|2026-07-25,24|49|60,32,"{""alakazam_psychic"": {""draws"": 0, ""games"": 6, ""losses"": 5, ""result_rate"": 0.16666666666666666, ""wins"": 1}, ""cynthia_garchomp"": {""draws"": 0, ""games"": 5, ""losses"": 4, ""result_rate"": 0.2, ""wins"": 1}, ""marnie_grimmsnarl"": {""draws"": 0, ""games"": 6, ""losses"": 2, ""result_rate"": 0.6666666666666666, ""wins"": 4}, ""rocket_mewtwo_spidops"": {""draws"": 0, ""games"": 15, ""losses"": 6, ""result_rate"": 0.6, ""wins"": 9}}",PUBLIC_DAILY_TOP_HIGH_SCORE_SELECTED_DEPENDENT
marnie_grimmsnarl,41bdf9d5d3c36ee70007a5d4967839bf960feb66a8f7e3c77ad73bfec973c061,1097,Night Stretcher,1,ITEM_RESOURCE_OR_RECOVERY,3,Dominic Peel|Rmy|__Taichicchi__,16400014|16425135|16514272,2026-07-20|2026-07-22|2026-07-25,24|49|60,32,"{""alakazam_psychic"": {""draws"": 0, ""games"": 6, ""losses"": 5, ""result_rate"": 0.16666666666666666, ""wins"": 1}, ""cynthia_garchomp"": {""draws"": 0, ""games"": 5, ""losses"": 4, ""result_rate"": 0.2, ""wins"": 1}, ""marnie_grimmsnarl"": {""draws"": 0, ""games"": 6, ""losses"": 2, ""result_rate"": 0.6666666666666666, ""wins"": 4}, ""rocket_mewtwo_spidops"": {""draws"": 0, ""games"": 15, ""losses"": 6, ""result_rate"": 0.6, ""wins"": 9}}",PUBLIC_DAILY_TOP_HIGH_SCORE_SELECTED_DEPENDENT
marnie_grimmsnarl,41bdf9d5d3c36ee70007a5d4967839bf960feb66a8f7e3c77ad73bfec973c061,1152,Poké Pad,1,ITEM_SEARCH_OR_DRAW,4,Dominic Peel|Rmy|__Taichicchi__,16400014|16425135|16514272,2026-07-20|2026-07-22|2026-07-25,24|49|60,32,"{""alakazam_psychic"": {""draws"": 0, ""games"": 6, ""losses"": 5, ""result_rate"": 0.16666666666666666, ""wins"": 1}, ""cynthia_garchomp"": {""draws"": 0, ""games"": 5, ""losses"": 4, ""result_rate"": 0.2, ""wins"": 1}, ""marnie_grimmsnarl"": {""draws"": 0, ""games"": 6, ""losses"": 2, ""result_rate"": 0.6666666666666666, ""wins"": 4}, ""rocket_mewtwo_spidops"": {""draws"": 0, ""games"": 15, ""losses"": 6, ""result_rate"": 0.6, ""wins"": 9}}",PUBLIC_DAILY_TOP_HIGH_SCORE_SELECTED_DEPENDENT
marnie_grimmsnarl,41bdf9d5d3c36ee70007a5d4967839bf960feb66a8f7e3c77ad73bfec973c061,1161,Handheld Fan,2,POKEMON_TOOL,2,Dominic Peel|Rmy|__Taichicchi__,16400014|16425135|16514272,2026-07-20|2026-07-22|2026-07-25,24|49|60,32,"{""alakazam_psychic"": {""draws"": 0, ""games"": 6, ""losses"": 5, ""result_rate"": 0.16666666666666666, ""wins"": 1}, ""cynthia_garchomp"": {""draws"": 0, ""games"": 5, ""losses"": 4, ""result_rate"": 0.2, ""wins"": 1}, ""marnie_grimmsnarl"": {""draws"": 0, ""games"": 6, ""losses"": 2, ""result_rate"": 0.6666666666666666, ""wins"": 4}, ""rocket_mewtwo_spidops"": {""draws"": 0, ""games"": 15, ""losses"": 6, ""result_rate"": 0.6, ""wins"": 9}}",PUBLIC_DAILY_TOP_HIGH_SCORE_SELECTED_DEPENDENT
marnie_grimmsnarl,41bdf9d5d3c36ee70007a5d4967839bf960feb66a8f7e3c77ad73bfec973c061,1182,Boss’s Orders,3,SUPPORTER_DISRUPTION_OR_GUST,2,Dominic Peel|Rmy|__Taichicchi__,16400014|16425135|16514272,2026-07-20|2026-07-22|2026-07-25,24|49|60,32,"{""alakazam_psychic"": {""draws"": 0, ""games"": 6, ""losses"": 5, ""result_rate"": 0.16666666666666666, ""wins"": 1}, ""cynthia_garchomp"": {""draws"": 0, ""games"": 5, ""losses"": 4, ""result_rate"": 0.2, ""wins"": 1}, ""marnie_grimmsnarl"": {""draws"": 0, ""games"": 6, ""losses"": 2, ""result_rate"": 0.6666666666666666, ""wins"": 4}, ""rocket_mewtwo_spidops"": {""draws"": 0, ""games"": 15, ""losses"": 6, ""result_rate"": 0.6, ""wins"": 9}}",PUBLIC_DAILY_TOP_HIGH_SCORE_SELECTED_DEPENDENT
marnie_grimmsnarl,41bdf9d5d3c36ee70007a5d4967839bf960feb66a8f7e3c77ad73bfec973c061,1219,Team Rocket's Petrel,3,SUPPORTER_DRAW_OR_SEARCH,4,Dominic Peel|Rmy|__Taichicchi__,16400014|16425135|16514272,2026-07-20|2026-07-22|2026-07-25,24|49|60,32,"{""alakazam_psychic"": {""draws"": 0, ""games"": 6, ""losses"": 5, ""result_rate"": 0.16666666666666666, ""wins"": 1}, ""cynthia_garchomp"": {""draws"": 0, ""games"": 5, ""losses"": 4, ""result_rate"": 0.2, ""wins"": 1}, ""marnie_grimmsnarl"": {""draws"": 0, ""games"": 6, ""losses"": 2, ""result_rate"": 0.6666666666666666, ""wins"": 4}, ""rocket_mewtwo_spidops"": {""draws"": 0, ""games"": 15, ""losses"": 6, ""result_rate"": 0.6, ""wins"": 9}}",PUBLIC_DAILY_TOP_HIGH_SCORE_SELECTED_DEPENDENT
marnie_grimmsnarl,41bdf9d5d3c36ee70007a5d4967839bf960feb66a8f7e3c77ad73bfec973c061,1227,Lillie's Determination,3,SUPPORTER_DRAW_OR_SEARCH,4,Dominic Peel|Rmy|__Taichicchi__,16400014|16425135|16514272,2026-07-20|2026-07-22|2026-07-25,24|49|60,32,"{""alakazam_psychic"": {""draws"": 0, ""games"": 6, ""losses"": 5, ""result_rate"": 0.16666666666666666, ""wins"": 1}, ""cynthia_garchomp"": {""draws"": 0, ""games"": 5, ""losses"": 4, ""result_rate"": 0.2, ""wins"": 1}, ""marnie_grimmsnarl"": {""draws"": 0, ""games"": 6, ""losses"": 2, ""result_rate"": 0.6666666666666666, ""wins"": 4}, ""rocket_mewtwo_spidops"": {""draws"": 0, ""games"": 15, ""losses"": 6, ""result_rate"": 0.6, ""wins"": 9}}",PUBLIC_DAILY_TOP_HIGH_SCORE_SELECTED_DEPENDENT
marnie_grimmsnarl,41bdf9d5d3c36ee70007a5d4967839bf960feb66a8f7e3c77ad73bfec973c061,1231,Dawn,3,SUPPORTER_DRAW_OR_SEARCH,1,Dominic Peel|Rmy|__Taichicchi__,16400014|16425135|16514272,2026-07-20|2026-07-22|2026-07-25,24|49|60,32,"{""alakazam_psychic"": {""draws"": 0, ""games"": 6, ""losses"": 5, ""result_rate"": 0.16666666666666666, ""wins"": 1}, ""cynthia_garchomp"": {""draws"": 0, ""games"": 5, ""losses"": 4, ""result_rate"": 0.2, ""wins"": 1}, ""marnie_grimmsnarl"": {""draws"": 0, ""games"": 6, ""losses"": 2, ""result_rate"": 0.6666666666666666, ""wins"": 4}, ""rocket_mewtwo_spidops"": {""draws"": 0, ""games"": 15, ""losses"": 6, ""result_rate"": 0.6, ""wins"": 9}}",PUBLIC_DAILY_TOP_HIGH_SCORE_SELECTED_DEPENDENT
marnie_grimmsnarl,41bdf9d5d3c36ee70007a5d4967839bf960feb66a8f7e3c77ad73bfec973c061,1259,Spikemuth Gym,4,STADIUM_BOARD_MODIFIER,4,Dominic Peel|Rmy|__Taichicchi__,16400014|16425135|16514272,2026-07-20|2026-07-22|2026-07-25,24|49|60,32,"{""alakazam_psychic"": {""draws"": 0, ""games"": 6, ""losses"": 5, ""result_rate"": 0.16666666666666666, ""wins"": 1}, ""cynthia_garchomp"": {""draws"": 0, ""games"": 5, ""losses"": 4, ""result_rate"": 0.2, ""wins"": 1}, ""marnie_grimmsnarl"": {""draws"": 0, ""games"": 6, ""losses"": 2, ""result_rate"": 0.6666666666666666, ""wins"": 4}, ""rocket_mewtwo_spidops"": {""draws"": 0, ""games"": 15, ""losses"": 6, ""result_rate"": 0.6, ""wins"": 9}}",PUBLIC_DAILY_TOP_HIGH_SCORE_SELECTED_DEPENDENT
marnie_grimmsnarl,844bf7ad54baf1fa12555e1c75076f24b7becdf8d6b5470ef758b101a7177181,7,Basic {D} Energy,5,BASIC_ENERGY,10,Eduardo Rocha de Andrade,16461850,2026-07-23,34,2,"{""marnie_grimmsnarl"": {""draws"": 0, ""games"": 2, ""losses"": 2, ""result_rate"": 0.0, ""wins"": 0}}",PUBLIC_DAILY_TOP_HIGH_SCORE_SELECTED_DEPENDENT
marnie_grimmsnarl,844bf7ad54baf1fa12555e1c75076f24b7becdf8d6b5470ef758b101a7177181,104,Froslass,0,STAGE1_ABILITY_POKEMON,2,Eduardo Rocha de Andrade,16461850,2026-07-23,34,2,"{""marnie_grimmsnarl"": {""draws"": 0, ""games"": 2, ""losses"": 2, ""result_rate"": 0.0, ""wins"": 0}}",PUBLIC_DAILY_TOP_HIGH_SCORE_SELECTED_DEPENDENT
marnie_grimmsnarl,844bf7ad54baf1fa12555e1c75076f24b7becdf8d6b5470ef758b101a7177181,112,Munkidori,0,BASIC_ABILITY_POKEMON,4,Eduardo Rocha de Andrade,16461850,2026-07-23,34,2,"{""marnie_grimmsnarl"": {""draws"": 0, ""games"": 2, ""losses"": 2, ""result_rate"": 0.0, ""wins"": 0}}",PUBLIC_DAILY_TOP_HIGH_SCORE_SELECTED_DEPENDENT
marnie_grimmsnarl,844bf7ad54baf1fa12555e1c75076f24b7becdf8d6b5470ef758b101a7177181,646,Marnie's Impidimp,0,BASIC_POKEMON_ATTACKER_OR_SETUP,4,Eduardo Rocha de Andrade,16461850,2026-07-23,34,2,"{""marnie_grimmsnarl"": {""draws"": 0, ""games"": 2, ""losses"": 2, ""result_rate"": 0.0, ""wins"": 0}}",PUBLIC_DAILY_TOP_HIGH_SCORE_SELECTED_DEPENDENT
marnie_grimmsnarl,844bf7ad54baf1fa12555e1c75076f24b7becdf8d6b5470ef758b101a7177181,647,Marnie's Morgrem,0,STAGE1_POKEMON_ATTACKER_OR_SETUP,2,Eduardo Rocha de Andrade,16461850,2026-07-23,34,2,"{""marnie_grimmsnarl"": {""draws"": 0, ""games"": 2, ""losses"": 2, ""result_rate"": 0.0, ""wins"": 0}}",PUBLIC_DAILY_TOP_HIGH_SCORE_SELECTED_DEPENDENT
marnie_grimmsnarl,844bf7ad54baf1fa12555e1c75076f24b7becdf8d6b5470ef758b101a7177181,648,Marnie's Grimmsnarl ex,0,STAGE2_POKEMON_EX_ATTACKER,3,Eduardo Rocha de Andrade,16461850,2026-07-23,34,2,"{""marnie_grimmsnarl"": {""draws"": 0, ""games"": 2, ""losses"": 2, ""result_rate"": 0.0, ""wins"": 0}}",PUBLIC_DAILY_TOP_HIGH_SCORE_SELECTED_DEPENDENT
marnie_grimmsnarl,844bf7ad54baf1fa12555e1c75076f24b7becdf8d6b5470ef758b101a7177181,860,Snorunt,0,BASIC_POKEMON_ATTACKER_OR_SETUP,2,Eduardo Rocha de Andrade,16461850,2026-07-23,34,2,"{""marnie_grimmsnarl"": {""draws"": 0, ""games"": 2, ""losses"": 2, ""result_rate"": 0.0, ""wins"": 0}}",PUBLIC_DAILY_TOP_HIGH_SCORE_SELECTED_DEPENDENT
marnie_grimmsnarl,844bf7ad54baf1fa12555e1c75076f24b7becdf8d6b5470ef758b101a7177181,1079,Rare Candy,1,ITEM_UTILITY,3,Eduardo Rocha de Andrade,16461850,2026-07-23,34,2,"{""marnie_grimmsnarl"": {""draws"": 0, ""games"": 2, ""losses"": 2, ""result_rate"": 0.0, ""wins"": 0}}",PUBLIC_DAILY_TOP_HIGH_SCORE_SELECTED_DEPENDENT
marnie_grimmsnarl,844bf7ad54baf1fa12555e1c75076f24b7becdf8d6b5470ef758b101a7177181,1080,Unfair Stamp,1,ITEM_UTILITY,1,Eduardo Rocha de Andrade,16461850,2026-07-23,34,2,"{""marnie_grimmsnarl"": {""draws"": 0, ""games"": 2, ""losses"": 2, ""result_rate"": 0.0, ""wins"": 0}}",PUBLIC_DAILY_TOP_HIGH_SCORE_SELECTED_DEPENDENT
marnie_grimmsnarl,844bf7ad54baf1fa12555e1c75076f24b7becdf8d6b5470ef758b101a7177181,1086,Buddy-Buddy Poffin,1,ITEM_SEARCH_OR_DRAW,4,Eduardo Rocha de Andrade,16461850,2026-07-23,34,2,"{""marnie_grimmsnarl"": {""draws"": 0, ""games"": 2, ""losses"": 2, ""result_rate"": 0.0, ""wins"": 0}}",PUBLIC_DAILY_TOP_HIGH_SCORE_SELECTED_DEPENDENT
marnie_grimmsnarl,844bf7ad54baf1fa12555e1c75076f24b7becdf8d6b5470ef758b101a7177181,1097,Night Stretcher,1,ITEM_RESOURCE_OR_RECOVERY,2,Eduardo Rocha de Andrade,16461850,2026-07-23,34,2,"{""marnie_grimmsnarl"": {""draws"": 0, ""games"": 2, ""losses"": 2, ""result_rate"": 0.0, ""wins"": 0}}",PUBLIC_DAILY_TOP_HIGH_SCORE_SELECTED_DEPENDENT
marnie_grimmsnarl,844bf7ad54baf1fa12555e1c75076f24b7becdf8d6b5470ef758b101a7177181,1137,Tool Scrapper,1,ITEM_UTILITY,1,Eduardo Rocha de Andrade,16461850,2026-07-23,34,2,"{""marnie_grimmsnarl"": {""draws"": 0, ""games"": 2, ""losses"": 2, ""result_rate"": 0.0, ""wins"": 0}}",PUBLIC_DAILY_TOP_HIGH_SCORE_SELECTED_DEPENDENT
marnie_grimmsnarl,844bf7ad54baf1fa12555e1c75076f24b7becdf8d6b5470ef758b101a7177181,1152,Poké Pad,1,ITEM_SEARCH_OR_DRAW,4,Eduardo Rocha de Andrade,16461850,2026-07-23,34,2,"{""marnie_grimmsnarl"": {""draws"": 0, ""games"": 2, ""losses"": 2, ""result_rate"": 0.0, ""wins"": 0}}",PUBLIC_DAILY_TOP_HIGH_SCORE_SELECTED_DEPENDENT
marnie_grimmsnarl,844bf7ad54baf1fa12555e1c75076f24b7becdf8d6b5470ef758b101a7177181,1161,Handheld Fan,2,POKEMON_TOOL,1,Eduardo Rocha de Andrade,16461850,2026-07-23,34,2,"{""marnie_grimmsnarl"": {""draws"": 0, ""games"": 2, ""losses"": 2, ""result_rate"": 0.0, ""wins"": 0}}",PUBLIC_DAILY_TOP_HIGH_SCORE_SELECTED_DEPENDENT
marnie_grimmsnarl,844bf7ad54baf1fa12555e1c75076f24b7becdf8d6b5470ef758b101a7177181,1182,Boss’s Orders,3,SUPPORTER_DISRUPTION_OR_GUST,2,Eduardo Rocha de Andrade,16461850,2026-07-23,34,2,"{""marnie_grimmsnarl"": {""draws"": 0, ""games"": 2, ""losses"": 2, ""result_rate"": 0.0, ""wins"": 0}}",PUBLIC_DAILY_TOP_HIGH_SCORE_SELECTED_DEPENDENT
marnie_grimmsnarl,844bf7ad54baf1fa12555e1c75076f24b7becdf8d6b5470ef758b101a7177181,1197,Xerosic’s Machinations,3,SUPPORTER_DISRUPTION_OR_GUST,3,Eduardo Rocha de Andrade,16461850,2026-07-23,34,2,"{""marnie_grimmsnarl"": {""draws"": 0, ""games"": 2, ""losses"": 2, ""result_rate"": 0.0, ""wins"": 0}}",PUBLIC_DAILY_TOP_HIGH_SCORE_SELECTED_DEPENDENT
marnie_grimmsnarl,844bf7ad54baf1fa12555e1c75076f24b7becdf8d6b5470ef758b101a7177181,1219,Team Rocket's Petrel,3,SUPPORTER_DRAW_OR_SEARCH,4,Eduardo Rocha de Andrade,16461850,2026-07-23,34,2,"{""marnie_grimmsnarl"": {""draws"": 0, ""games"": 2, ""losses"": 2, ""result_rate"": 0.0, ""wins"": 0}}",PUBLIC_DAILY_TOP_HIGH_SCORE_SELECTED_DEPENDENT
marnie_grimmsnarl,844bf7ad54baf1fa12555e1c75076f24b7becdf8d6b5470ef758b101a7177181,1227,Lillie's Determination,3,SUPPORTER_DRAW_OR_SEARCH,4,Eduardo Rocha de Andrade,16461850,2026-07-23,34,2,"{""marnie_grimmsnarl"": {""draws"": 0, ""games"": 2, ""losses"": 2, ""result_rate"": 0.0, ""wins"": 0}}",PUBLIC_DAILY_TOP_HIGH_SCORE_SELECTED_DEPENDENT
marnie_grimmsnarl,844bf7ad54baf1fa12555e1c75076f24b7becdf8d6b5470ef758b101a7177181,1259,Spikemuth Gym,4,STADIUM_BOARD_MODIFIER,4,Eduardo Rocha de Andrade,16461850,2026-07-23,34,2,"{""marnie_grimmsnarl"": {""draws"": 0, ""games"": 2, ""losses"": 2, ""result_rate"": 0.0, ""wins"": 0}}",PUBLIC_DAILY_TOP_HIGH_SCORE_SELECTED_DEPENDENT
rocket_mewtwo_spidops,08cdc986c1077da2e1bd5563b7759e7183aa0abee20dd68bf668406195b945f4,1,Basic {G} Energy,5,BASIC_ENERGY,8,THIRD PTCG Club,16372380,2026-07-25,14,2,"{""marnie_grimmsnarl"": {""draws"": 0, ""games"": 2, ""losses"": 1, ""result_rate"": 0.5, ""wins"": 1}}",PUBLIC_DAILY_TOP_HIGH_SCORE_SELECTED_DEPENDENT
rocket_mewtwo_spidops,08cdc986c1077da2e1bd5563b7759e7183aa0abee20dd68bf668406195b945f4,15,Team Rocket's Energy,6,SPECIAL_ENERGY,4,THIRD PTCG Club,16372380,2026-07-25,14,2,"{""marnie_grimmsnarl"": {""draws"": 0, ""games"": 2, ""losses"": 1, ""result_rate"": 0.5, ""wins"": 1}}",PUBLIC_DAILY_TOP_HIGH_SCORE_SELECTED_DEPENDENT
rocket_mewtwo_spidops,08cdc986c1077da2e1bd5563b7759e7183aa0abee20dd68bf668406195b945f4,400,Team Rocket's Tarountula,0,BASIC_POKEMON_ATTACKER_OR_SETUP,4,THIRD PTCG Club,16372380,2026-07-25,14,2,"{""marnie_grimmsnarl"": {""draws"": 0, ""games"": 2, ""losses"": 1, ""result_rate"": 0.5, ""wins"": 1}}",PUBLIC_DAILY_TOP_HIGH_SCORE_SELECTED_DEPENDENT
rocket_mewtwo_spidops,08cdc986c1077da2e1bd5563b7759e7183aa0abee20dd68bf668406195b945f4,401,Team Rocket's Spidops,0,STAGE1_ABILITY_POKEMON,4,THIRD PTCG Club,16372380,2026-07-25,14,2,"{""marnie_grimmsnarl"": {""draws"": 0, ""games"": 2, ""losses"": 1, ""result_rate"": 0.5, ""wins"": 1}}",PUBLIC_DAILY_TOP_HIGH_SCORE_SELECTED_DEPENDENT
rocket_mewtwo_spidops,08cdc986c1077da2e1bd5563b7759e7183aa0abee20dd68bf668406195b945f4,414,Team Rocket's Articuno,0,BASIC_ABILITY_POKEMON,2,THIRD PTCG Club,16372380,2026-07-25,14,2,"{""marnie_grimmsnarl"": {""draws"": 0, ""games"": 2, ""losses"": 1, ""result_rate"": 0.5, ""wins"": 1}}",PUBLIC_DAILY_TOP_HIGH_SCORE_SELECTED_DEPENDENT
rocket_mewtwo_spidops,08cdc986c1077da2e1bd5563b7759e7183aa0abee20dd68bf668406195b945f4,431,Team Rocket's Mewtwo ex,0,BASIC_POKEMON_EX_ATTACKER,2,THIRD PTCG Club,16372380,2026-07-25,14,2,"{""marnie_grimmsnarl"": {""draws"": 0, ""games"": 2, ""losses"": 1, ""result_rate"": 0.5, ""wins"": 1}}",PUBLIC_DAILY_TOP_HIGH_SCORE_SELECTED_DEPENDENT
rocket_mewtwo_spidops,08cdc986c1077da2e1bd5563b7759e7183aa0abee20dd68bf668406195b945f4,434,Team Rocket's Mimikyu,0,BASIC_POKEMON_ATTACKER_OR_SETUP,2,THIRD PTCG Club,16372380,2026-07-25,14,2,"{""marnie_grimmsnarl"": {""draws"": 0, ""games"": 2, ""losses"": 1, ""result_rate"": 0.5, ""wins"": 1}}",PUBLIC_DAILY_TOP_HIGH_SCORE_SELECTED_DEPENDENT
rocket_mewtwo_spidops,08cdc986c1077da2e1bd5563b7759e7183aa0abee20dd68bf668406195b945f4,1086,Buddy-Buddy Poffin,1,ITEM_SEARCH_OR_DRAW,1,THIRD PTCG Club,16372380,2026-07-25,14,2,"{""marnie_grimmsnarl"": {""draws"": 0, ""games"": 2, ""losses"": 1, ""result_rate"": 0.5, ""wins"": 1}}",PUBLIC_DAILY_TOP_HIGH_SCORE_SELECTED_DEPENDENT
rocket_mewtwo_spidops,08cdc986c1077da2e1bd5563b7759e7183aa0abee20dd68bf668406195b945f4,1094,Bug Catching Set,1,ITEM_SEARCH_OR_DRAW,4,THIRD PTCG Club,16372380,2026-07-25,14,2,"{""marnie_grimmsnarl"": {""draws"": 0, ""games"": 2, ""losses"": 1, ""result_rate"": 0.5, ""wins"": 1}}",PUBLIC_DAILY_TOP_HIGH_SCORE_SELECTED_DEPENDENT
rocket_mewtwo_spidops,08cdc986c1077da2e1bd5563b7759e7183aa0abee20dd68bf668406195b945f4,1097,Night Stretcher,1,ITEM_RESOURCE_OR_RECOVERY,2,THIRD PTCG Club,16372380,2026-07-25,14,2,"{""marnie_grimmsnarl"": {""draws"": 0, ""games"": 2, ""losses"": 1, ""result_rate"": 0.5, ""wins"": 1}}",PUBLIC_DAILY_TOP_HIGH_SCORE_SELECTED_DEPENDENT
rocket_mewtwo_spidops,08cdc986c1077da2e1bd5563b7759e7183aa0abee20dd68bf668406195b945f4,1121,Ultra Ball,1,ITEM_SEARCH_OR_DRAW,1,THIRD PTCG Club,16372380,2026-07-25,14,2,"{""marnie_grimmsnarl"": {""draws"": 0, ""games"": 2, ""losses"": 1, ""result_rate"": 0.5, ""wins"": 1}}",PUBLIC_DAILY_TOP_HIGH_SCORE_SELECTED_DEPENDENT
rocket_mewtwo_spidops,08cdc986c1077da2e1bd5563b7759e7183aa0abee20dd68bf668406195b945f4,1134,Team Rocket's Transceiver,1,ITEM_SEARCH_OR_DRAW,4,THIRD PTCG Club,16372380,2026-07-25,14,2,"{""marnie_grimmsnarl"": {""draws"": 0, ""games"": 2, ""losses"": 1, ""result_rate"": 0.5, ""wins"": 1}}",PUBLIC_DAILY_TOP_HIGH_SCORE_SELECTED_DEPENDENT
rocket_mewtwo_spidops,08cdc986c1077da2e1bd5563b7759e7183aa0abee20dd68bf668406195b945f4,1152,Poké Pad,1,ITEM_SEARCH_OR_DRAW,4,THIRD PTCG Club,16372380,2026-07-25,14,2,"{""marnie_grimmsnarl"": {""draws"": 0, ""games"": 2, ""losses"": 1, ""result_rate"": 0.5, ""wins"": 1}}",PUBLIC_DAILY_TOP_HIGH_SCORE_SELECTED_DEPENDENT
rocket_mewtwo_spidops,08cdc986c1077da2e1bd5563b7759e7183aa0abee20dd68bf668406195b945f4,1159,Hero’s Cape,2,POKEMON_TOOL,1,THIRD PTCG Club,16372380,2026-07-25,14,2,"{""marnie_grimmsnarl"": {""draws"": 0, ""games"": 2, ""losses"": 1, ""result_rate"": 0.5, ""wins"": 1}}",PUBLIC_DAILY_TOP_HIGH_SCORE_SELECTED_DEPENDENT
rocket_mewtwo_spidops,08cdc986c1077da2e1bd5563b7759e7183aa0abee20dd68bf668406195b945f4,1175,Brave Bangle,2,POKEMON_TOOL,2,THIRD PTCG Club,16372380,2026-07-25,14,2,"{""marnie_grimmsnarl"": {""draws"": 0, ""games"": 2, ""losses"": 1, ""result_rate"": 0.5, ""wins"": 1}}",PUBLIC_DAILY_TOP_HIGH_SCORE_SELECTED_DEPENDENT
rocket_mewtwo_spidops,08cdc986c1077da2e1bd5563b7759e7183aa0abee20dd68bf668406195b945f4,1216,Team Rocket's Ariana,3,SUPPORTER_DRAW_OR_SEARCH,4,THIRD PTCG Club,16372380,2026-07-25,14,2,"{""marnie_grimmsnarl"": {""draws"": 0, ""games"": 2, ""losses"": 1, ""result_rate"": 0.5, ""wins"": 1}}",PUBLIC_DAILY_TOP_HIGH_SCORE_SELECTED_DEPENDENT
rocket_mewtwo_spidops,08cdc986c1077da2e1bd5563b7759e7183aa0abee20dd68bf668406195b945f4,1218,Team Rocket's Giovanni,3,SUPPORTER_DISRUPTION_OR_GUST,2,THIRD PTCG Club,16372380,2026-07-25,14,2,"{""marnie_grimmsnarl"": {""draws"": 0, ""games"": 2, ""losses"": 1, ""result_rate"": 0.5, ""wins"": 1}}",PUBLIC_DAILY_TOP_HIGH_SCORE_SELECTED_DEPENDENT
rocket_mewtwo_spidops,08cdc986c1077da2e1bd5563b7759e7183aa0abee20dd68bf668406195b945f4,1219,Team Rocket's Petrel,3,SUPPORTER_DRAW_OR_SEARCH,1,THIRD PTCG Club,16372380,2026-07-25,14,2,"{""marnie_grimmsnarl"": {""draws"": 0, ""games"": 2, ""losses"": 1, ""result_rate"": 0.5, ""wins"": 1}}",PUBLIC_DAILY_TOP_HIGH_SCORE_SELECTED_DEPENDENT
rocket_mewtwo_spidops,08cdc986c1077da2e1bd5563b7759e7183aa0abee20dd68bf668406195b945f4,1220,Team Rocket's Proton,3,SUPPORTER_DRAW_OR_SEARCH,2,THIRD PTCG Club,16372380,2026-07-25,14,2,"{""marnie_grimmsnarl"": {""draws"": 0, ""games"": 2, ""losses"": 1, ""result_rate"": 0.5, ""wins"": 1}}",PUBLIC_DAILY_TOP_HIGH_SCORE_SELECTED_DEPENDENT
rocket_mewtwo_spidops,08cdc986c1077da2e1bd5563b7759e7183aa0abee20dd68bf668406195b945f4,1227,Lillie's Determination,3,SUPPORTER_DRAW_OR_SEARCH,2,THIRD PTCG Club,16372380,2026-07-25,14,2,"{""marnie_grimmsnarl"": {""draws"": 0, ""games"": 2, ""losses"": 1, ""result_rate"": 0.5, ""wins"": 1}}",PUBLIC_DAILY_TOP_HIGH_SCORE_SELECTED_DEPENDENT
rocket_mewtwo_spidops,08cdc986c1077da2e1bd5563b7759e7183aa0abee20dd68bf668406195b945f4,1252,Gravity Mountain,4,STADIUM_BOARD_MODIFIER,1,THIRD PTCG Club,16372380,2026-07-25,14,2,"{""marnie_grimmsnarl"": {""draws"": 0, ""games"": 2, ""losses"": 1, ""result_rate"": 0.5, ""wins"": 1}}",PUBLIC_DAILY_TOP_HIGH_SCORE_SELECTED_DEPENDENT
rocket_mewtwo_spidops,08cdc986c1077da2e1bd5563b7759e7183aa0abee20dd68bf668406195b945f4,1257,Team Rocket's Factory,4,STADIUM_BOARD_MODIFIER,3,THIRD PTCG Club,16372380,2026-07-25,14,2,"{""marnie_grimmsnarl"": {""draws"": 0, ""games"": 2, ""losses"": 1, ""result_rate"": 0.5, ""wins"": 1}}",PUBLIC_DAILY_TOP_HIGH_SCORE_SELECTED_DEPENDENT
rocket_mewtwo_spidops,0eae05da298f9c733b58c3800362e43a58fdfb8082a62e263b2590df17530dbb,1,Basic {G} Energy,5,BASIC_ENERGY,9,Majkel1337,16374395,2026-07-25,3,2,"{""festival_lead_dipplin"": {""draws"": 0, ""games"": 1, ""losses"": 0, ""result_rate"": 1.0, ""wins"": 1}, ""kangaskhan_crustle"": {""draws"": 0, ""games"": 1, ""losses"": 0, ""result_rate"": 1.0, ""wins"": 1}}",PUBLIC_DAILY_TOP_HIGH_SCORE_SELECTED_DEPENDENT
rocket_mewtwo_spidops,0eae05da298f9c733b58c3800362e43a58fdfb8082a62e263b2590df17530dbb,15,Team Rocket's Energy,6,SPECIAL_ENERGY,4,Majkel1337,16374395,2026-07-25,3,2,"{""festival_lead_dipplin"": {""draws"": 0, ""games"": 1, ""losses"": 0, ""result_rate"": 1.0, ""wins"": 1}, ""kangaskhan_crustle"": {""draws"": 0, ""games"": 1, ""losses"": 0, ""result_rate"": 1.0, ""wins"": 1}}",PUBLIC_DAILY_TOP_HIGH_SCORE_SELECTED_DEPENDENT
rocket_mewtwo_spidops,0eae05da298f9c733b58c3800362e43a58fdfb8082a62e263b2590df17530dbb,400,Team Rocket's Tarountula,0,BASIC_POKEMON_ATTACKER_OR_SETUP,4,Majkel1337,16374395,2026-07-25,3,2,"{""festival_lead_dipplin"": {""draws"": 0, ""games"": 1, ""losses"": 0, ""result_rate"": 1.0, ""wins"": 1}, ""kangaskhan_crustle"": {""draws"": 0, ""games"": 1, ""losses"": 0, ""result_rate"": 1.0, ""wins"": 1}}",PUBLIC_DAILY_TOP_HIGH_SCORE_SELECTED_DEPENDENT
rocket_mewtwo_spidops,0eae05da298f9c733b58c3800362e43a58fdfb8082a62e263b2590df17530dbb,401,Team Rocket's Spidops,0,STAGE1_ABILITY_POKEMON,4,Majkel1337,16374395,2026-07-25,3,2,"{""festival_lead_dipplin"": {""draws"": 0, ""games"": 1, ""losses"": 0, ""result_rate"": 1.0, ""wins"": 1}, ""kangaskhan_crustle"": {""draws"": 0, ""games"": 1, ""losses"": 0, ""result_rate"": 1.0, ""wins"": 1}}",PUBLIC_DAILY_TOP_HIGH_SCORE_SELECTED_DEPENDENT
rocket_mewtwo_spidops,0eae05da298f9c733b58c3800362e43a58fdfb8082a62e263b2590df17530dbb,414,Team Rocket's Articuno,0,BASIC_ABILITY_POKEMON,2,Majkel1337,16374395,2026-07-25,3,2,"{""festival_lead_dipplin"": {""draws"": 0, ""games"": 1, ""losses"": 0, ""result_rate"": 1.0, ""wins"": 1}, ""kangaskhan_crustle"": {""draws"": 0, ""games"": 1, ""losses"": 0, ""result_rate"": 1.0, ""wins"": 1}}",PUBLIC_DAILY_TOP_HIGH_SCORE_SELECTED_DEPENDENT
rocket_mewtwo_spidops,0eae05da298f9c733b58c3800362e43a58fdfb8082a62e263b2590df17530dbb,431,Team Rocket's Mewtwo ex,0,BASIC_POKEMON_EX_ATTACKER,2,Majkel1337,16374395,2026-07-25,3,2,"{""festival_lead_dipplin"": {""draws"": 0, ""games"": 1, ""losses"": 0, ""result_rate"": 1.0, ""wins"": 1}, ""kangaskhan_crustle"": {""draws"": 0, ""games"": 1, ""losses"": 0, ""result_rate"": 1.0, ""wins"": 1}}",PUBLIC_DAILY_TOP_HIGH_SCORE_SELECTED_DEPENDENT
rocket_mewtwo_spidops,0eae05da298f9c733b58c3800362e43a58fdfb8082a62e263b2590df17530dbb,434,Team Rocket's Mimikyu,0,BASIC_POKEMON_ATTACKER_OR_SETUP,2,Majkel1337,16374395,2026-07-25,3,2,"{""festival_lead_dipplin"": {""draws"": 0, ""games"": 1, ""losses"": 0, ""result_rate"": 1.0, ""wins"": 1}, ""kangaskhan_crustle"": {""draws"": 0, ""games"": 1, ""losses"": 0, ""result_rate"": 1.0, ""wins"": 1}}",PUBLIC_DAILY_TOP_HIGH_SCORE_SELECTED_DEPENDENT
rocket_mewtwo_spidops,0eae05da298f9c733b58c3800362e43a58fdfb8082a62e263b2590df17530dbb,1094,Bug Catching Set,1,ITEM_SEARCH_OR_DRAW,3,Majkel1337,16374395,2026-07-25,3,2,"{""festival_lead_dipplin"": {""draws"": 0, ""games"": 1, ""losses"": 0, ""result_rate"": 1.0, ""wins"": 1}, ""kangaskhan_crustle"": {""draws"": 0, ""games"": 1, ""losses"": 0, ""result_rate"": 1.0, ""wins"": 1}}",PUBLIC_DAILY_TOP_HIGH_SCORE_SELECTED_DEPENDENT
rocket_mewtwo_spidops,0eae05da298f9c733b58c3800362e43a58fdfb8082a62e263b2590df17530dbb,1116,Energy Switch,1,ITEM_RESOURCE_OR_RECOVERY,1,Majkel1337,16374395,2026-07-25,3,2,"{""festival_lead_dipplin"": {""draws"": 0, ""games"": 1, ""losses"": 0, ""result_rate"": 1.0, ""wins"": 1}, ""kangaskhan_crustle"": {""draws"": 0, ""games"": 1, ""losses"": 0, ""result_rate"": 1.0, ""wins"": 1}}",PUBLIC_DAILY_TOP_HIGH_SCORE_SELECTED_DEPENDENT
rocket_mewtwo_spidops,0eae05da298f9c733b58c3800362e43a58fdfb8082a62e263b2590df17530dbb,1121,Ultra Ball,1,ITEM_SEARCH_OR_DRAW,1,Majkel1337,16374395,2026-07-25,3,2,"{""festival_lead_dipplin"": {""draws"": 0, ""games"": 1, ""losses"": 0, ""result_rate"": 1.0, ""wins"": 1}, ""kangaskhan_crustle"": {""draws"": 0, ""games"": 1, ""losses"": 0, ""result_rate"": 1.0, ""wins"": 1}}",PUBLIC_DAILY_TOP_HIGH_SCORE_SELECTED_DEPENDENT
rocket_mewtwo_spidops,0eae05da298f9c733b58c3800362e43a58fdfb8082a62e263b2590df17530dbb,1134,Team Rocket's Transceiver,1,ITEM_SEARCH_OR_DRAW,4,Majkel1337,16374395,2026-07-25,3,2,"{""festival_lead_dipplin"": {""draws"": 0, ""games"": 1, ""losses"": 0, ""result_rate"": 1.0, ""wins"": 1}, ""kangaskhan_crustle"": {""draws"": 0, ""games"": 1, ""losses"": 0, ""result_rate"": 1.0, ""wins"": 1}}",PUBLIC_DAILY_TOP_HIGH_SCORE_SELECTED_DEPENDENT
rocket_mewtwo_spidops,0eae05da298f9c733b58c3800362e43a58fdfb8082a62e263b2590df17530dbb,1152,Poké Pad,1,ITEM_SEARCH_OR_DRAW,4,Majkel1337,16374395,2026-07-25,3,2,"{""festival_lead_dipplin"": {""draws"": 0, ""games"": 1, ""losses"": 0, ""result_rate"": 1.0, ""wins"": 1}, ""kangaskhan_crustle"": {""draws"": 0, ""games"": 1, ""losses"": 0, ""result_rate"": 1.0, ""wins"": 1}}",PUBLIC_DAILY_TOP_HIGH_SCORE_SELECTED_DEPENDENT
rocket_mewtwo_spidops,0eae05da298f9c733b58c3800362e43a58fdfb8082a62e263b2590df17530dbb,1159,Hero’s Cape,2,POKEMON_TOOL,1,Majkel1337,16374395,2026-07-25,3,2,"{""festival_lead_dipplin"": {""draws"": 0, ""games"": 1, ""losses"": 0, ""result_rate"": 1.0, ""wins"": 1}, ""kangaskhan_crustle"": {""draws"": 0, ""games"": 1, ""losses"": 0, ""result_rate"": 1.0, ""wins"": 1}}",PUBLIC_DAILY_TOP_HIGH_SCORE_SELECTED_DEPENDENT
rocket_mewtwo_spidops,0eae05da298f9c733b58c3800362e43a58fdfb8082a62e263b2590df17530dbb,1175,Brave Bangle,2,POKEMON_TOOL,1,Majkel1337,16374395,2026-07-25,3,2,"{""festival_lead_dipplin"": {""draws"": 0, ""games"": 1, ""losses"": 0, ""result_rate"": 1.0, ""wins"": 1}, ""kangaskhan_crustle"": {""draws"": 0, ""games"": 1, ""losses"": 0, ""result_rate"": 1.0, ""wins"": 1}}",PUBLIC_DAILY_TOP_HIGH_SCORE_SELECTED_DEPENDENT
rocket_mewtwo_spidops,0eae05da298f9c733b58c3800362e43a58fdfb8082a62e263b2590df17530dbb,1216,Team Rocket's Ariana,3,SUPPORTER_DRAW_OR_SEARCH,4,Majkel1337,16374395,2026-07-25,3,2,"{""festival_lead_dipplin"": {""draws"": 0, ""games"": 1, ""losses"": 0, ""result_rate"": 1.0, ""wins"": 1}, ""kangaskhan_crustle"": {""draws"": 0, ""games"": 1, ""losses"": 0, ""result_rate"": 1.0, ""wins"": 1}}",PUBLIC_DAILY_TOP_HIGH_SCORE_SELECTED_DEPENDENT
rocket_mewtwo_spidops,0eae05da298f9c733b58c3800362e43a58fdfb8082a62e263b2590df17530dbb,1217,Team Rocket's Archer,3,SUPPORTER_DRAW_OR_SEARCH,1,Majkel1337,16374395,2026-07-25,3,2,"{""festival_lead_dipplin"": {""draws"": 0, ""games"": 1, ""losses"": 0, ""result_rate"": 1.0, ""wins"": 1}, ""kangaskhan_crustle"": {""draws"": 0, ""games"": 1, ""losses"": 0, ""result_rate"": 1.0, ""wins"": 1}}",PUBLIC_DAILY_TOP_HIGH_SCORE_SELECTED_DEPENDENT
rocket_mewtwo_spidops,0eae05da298f9c733b58c3800362e43a58fdfb8082a62e263b2590df17530dbb,1218,Team Rocket's Giovanni,3,SUPPORTER_DISRUPTION_OR_GUST,3,Majkel1337,16374395,2026-07-25,3,2,"{""festival_lead_dipplin"": {""draws"": 0, ""games"": 1, ""losses"": 0, ""result_rate"": 1.0, ""wins"": 1}, ""kangaskhan_crustle"": {""draws"": 0, ""games"": 1, ""losses"": 0, ""result_rate"": 1.0, ""wins"": 1}}",PUBLIC_DAILY_TOP_HIGH_SCORE_SELECTED_DEPENDENT
rocket_mewtwo_spidops,0eae05da298f9c733b58c3800362e43a58fdfb8082a62e263b2590df17530dbb,1220,Team Rocket's Proton,3,SUPPORTER_DRAW_OR_SEARCH,4,Majkel1337,16374395,2026-07-25,3,2,"{""festival_lead_dipplin"": {""draws"": 0, ""games"": 1, ""losses"": 0, ""result_rate"": 1.0, ""wins"": 1}, ""kangaskhan_crustle"": {""draws"": 0, ""games"": 1, ""losses"": 0, ""result_rate"": 1.0, ""wins"": 1}}",PUBLIC_DAILY_TOP_HIGH_SCORE_SELECTED_DEPENDENT
rocket_mewtwo_spidops,0eae05da298f9c733b58c3800362e43a58fdfb8082a62e263b2590df17530dbb,1227,Lillie's Determination,3,SUPPORTER_DRAW_OR_SEARCH,3,Majkel1337,16374395,2026-07-25,3,2,"{""festival_lead_dipplin"": {""draws"": 0, ""games"": 1, ""losses"": 0, ""result_rate"": 1.0, ""wins"": 1}, ""kangaskhan_crustle"": {""draws"": 0, ""games"": 1, ""losses"": 0, ""result_rate"": 1.0, ""wins"": 1}}",PUBLIC_DAILY_TOP_HIGH_SCORE_SELECTED_DEPENDENT
rocket_mewtwo_spidops,0eae05da298f9c733b58c3800362e43a58fdfb8082a62e263b2590df17530dbb,1257,Team Rocket's Factory,4,STADIUM_BOARD_MODIFIER,3,Majkel1337,16374395,2026-07-25,3,2,"{""festival_lead_dipplin"": {""draws"": 0, ""games"": 1, ""losses"": 0, ""result_rate"": 1.0, ""wins"": 1}, ""kangaskhan_crustle"": {""draws"": 0, ""games"": 1, ""losses"": 0, ""result_rate"": 1.0, ""wins"": 1}}",PUBLIC_DAILY_TOP_HIGH_SCORE_SELECTED_DEPENDENT
rocket_mewtwo_spidops,2a45004015205c6f997100b0559baae28a6f00745810a4d7c83d30e31f0452c0,1,Basic {G} Energy,5,BASIC_ENERGY,7,THIRD PTCG Club,16372380,2026-07-19|2026-07-20|2026-07-21|2026-07-23,14,49,"{""cynthia_garchomp"": {""draws"": 0, ""games"": 6, ""losses"": 5, ""result_rate"": 0.16666666666666666, ""wins"": 1}, ""marnie_grimmsnarl"": {""draws"": 0, ""games"": 43, ""losses"": 32, ""result_rate"": 0.2558139534883721, ""wins"": 11}}",PUBLIC_DAILY_TOP_HIGH_SCORE_SELECTED_DEPENDENT
rocket_mewtwo_spidops,2a45004015205c6f997100b0559baae28a6f00745810a4d7c83d30e31f0452c0,5,Basic {P} Energy,5,BASIC_ENERGY,3,THIRD PTCG Club,16372380,2026-07-19|2026-07-20|2026-07-21|2026-07-23,14,49,"{""cynthia_garchomp"": {""draws"": 0, ""games"": 6, ""losses"": 5, ""result_rate"": 0.16666666666666666, ""wins"": 1}, ""marnie_grimmsnarl"": {""draws"": 0, ""games"": 43, ""losses"": 32, ""result_rate"": 0.2558139534883721, ""wins"": 11}}",PUBLIC_DAILY_TOP_HIGH_SCORE_SELECTED_DEPENDENT
rocket_mewtwo_spidops,2a45004015205c6f997100b0559baae28a6f00745810a4d7c83d30e31f0452c0,15,Team Rocket's Energy,6,SPECIAL_ENERGY,4,THIRD PTCG Club,16372380,2026-07-19|2026-07-20|2026-07-21|2026-07-23,14,49,"{""cynthia_garchomp"": {""draws"": 0, ""games"": 6, ""losses"": 5, ""result_rate"": 0.16666666666666666, ""wins"": 1}, ""marnie_grimmsnarl"": {""draws"": 0, ""games"": 43, ""losses"": 32, ""result_rate"": 0.2558139534883721, ""wins"": 11}}",PUBLIC_DAILY_TOP_HIGH_SCORE_SELECTED_DEPENDENT
rocket_mewtwo_spidops,2a45004015205c6f997100b0559baae28a6f00745810a4d7c83d30e31f0452c0,400,Team Rocket's Tarountula,0,BASIC_POKEMON_ATTACKER_OR_SETUP,4,THIRD PTCG Club,16372380,2026-07-19|2026-07-20|2026-07-21|2026-07-23,14,49,"{""cynthia_garchomp"": {""draws"": 0, ""games"": 6, ""losses"": 5, ""result_rate"": 0.16666666666666666, ""wins"": 1}, ""marnie_grimmsnarl"": {""draws"": 0, ""games"": 43, ""losses"": 32, ""result_rate"": 0.2558139534883721, ""wins"": 11}}",PUBLIC_DAILY_TOP_HIGH_SCORE_SELECTED_DEPENDENT
rocket_mewtwo_spidops,2a45004015205c6f997100b0559baae28a6f00745810a4d7c83d30e31f0452c0,401,Team Rocket's Spidops,0,STAGE1_ABILITY_POKEMON,4,THIRD PTCG Club,16372380,2026-07-19|2026-07-20|2026-07-21|2026-07-23,14,49,"{""cynthia_garchomp"": {""draws"": 0, ""games"": 6, ""losses"": 5, ""result_rate"": 0.16666666666666666, ""wins"": 1}, ""marnie_grimmsnarl"": {""draws"": 0, ""games"": 43, ""losses"": 32, ""result_rate"": 0.2558139534883721, ""wins"": 11}}",PUBLIC_DAILY_TOP_HIGH_SCORE_SELECTED_DEPENDENT
rocket_mewtwo_spidops,2a45004015205c6f997100b0559baae28a6f00745810a4d7c83d30e31f0452c0,414,Team Rocket's Articuno,0,BASIC_ABILITY_POKEMON,2,THIRD PTCG Club,16372380,2026-07-19|2026-07-20|2026-07-21|2026-07-23,14,49,"{""cynthia_garchomp"": {""draws"": 0, ""games"": 6, ""losses"": 5, ""result_rate"": 0.16666666666666666, ""wins"": 1}, ""marnie_grimmsnarl"": {""draws"": 0, ""games"": 43, ""losses"": 32, ""result_rate"": 0.2558139534883721, ""wins"": 11}}",PUBLIC_DAILY_TOP_HIGH_SCORE_SELECTED_DEPENDENT
rocket_mewtwo_spidops,2a45004015205c6f997100b0559baae28a6f00745810a4d7c83d30e31f0452c0,431,Team Rocket's Mewtwo ex,0,BASIC_POKEMON_EX_ATTACKER,2,THIRD PTCG Club,16372380,2026-07-19|2026-07-20|2026-07-21|2026-07-23,14,49,"{""cynthia_garchomp"": {""draws"": 0, ""games"": 6, ""losses"": 5, ""result_rate"": 0.16666666666666666, ""wins"": 1}, ""marnie_grimmsnarl"": {""draws"": 0, ""games"": 43, ""losses"": 32, ""result_rate"": 0.2558139534883721, ""wins"": 11}}",PUBLIC_DAILY_TOP_HIGH_SCORE_SELECTED_DEPENDENT
rocket_mewtwo_spidops,2a45004015205c6f997100b0559baae28a6f00745810a4d7c83d30e31f0452c0,432,Team Rocket's Wobbuffet,0,BASIC_POKEMON_ATTACKER_OR_SETUP,1,THIRD PTCG Club,16372380,2026-07-19|2026-07-20|2026-07-21|2026-07-23,14,49,"{""cynthia_garchomp"": {""draws"": 0, ""games"": 6, ""losses"": 5, ""result_rate"": 0.16666666666666666, ""wins"": 1}, ""marnie_grimmsnarl"": {""draws"": 0, ""games"": 43, ""losses"": 32, ""result_rate"": 0.2558139534883721, ""wins"": 11}}",PUBLIC_DAILY_TOP_HIGH_SCORE_SELECTED_DEPENDENT
rocket_mewtwo_spidops,2a45004015205c6f997100b0559baae28a6f00745810a4d7c83d30e31f0452c0,463,Team Rocket's Murkrow,0,BASIC_POKEMON_ATTACKER_OR_SETUP,2,THIRD PTCG Club,16372380,2026-07-19|2026-07-20|2026-07-21|2026-07-23,14,49,"{""cynthia_garchomp"": {""draws"": 0, ""games"": 6, ""losses"": 5, ""result_rate"": 0.16666666666666666, ""wins"": 1}, ""marnie_grimmsnarl"": {""draws"": 0, ""games"": 43, ""losses"": 32, ""result_rate"": 0.2558139534883721, ""wins"": 11}}",PUBLIC_DAILY_TOP_HIGH_SCORE_SELECTED_DEPENDENT
rocket_mewtwo_spidops,2a45004015205c6f997100b0559baae28a6f00745810a4d7c83d30e31f0452c0,1094,Bug Catching Set,1,ITEM_SEARCH_OR_DRAW,3,THIRD PTCG Club,16372380,2026-07-19|2026-07-20|2026-07-21|2026-07-23,14,49,"{""cynthia_garchomp"": {""draws"": 0, ""games"": 6, ""losses"": 5, ""result_rate"": 0.16666666666666666, ""wins"": 1}, ""marnie_grimmsnarl"": {""draws"": 0, ""games"": 43, ""losses"": 32, ""result_rate"": 0.2558139534883721, ""wins"": 11}}",PUBLIC_DAILY_TOP_HIGH_SCORE_SELECTED_DEPENDENT
rocket_mewtwo_spidops,2a45004015205c6f997100b0559baae28a6f00745810a4d7c83d30e31f0452c0,1097,Night Stretcher,1,ITEM_RESOURCE_OR_RECOVERY,1,THIRD PTCG Club,16372380,2026-07-19|2026-07-20|2026-07-21|2026-07-23,14,49,"{""cynthia_garchomp"": {""draws"": 0, ""games"": 6, ""losses"": 5, ""result_rate"": 0.16666666666666666, ""wins"": 1}, ""marnie_grimmsnarl"": {""draws"": 0, ""games"": 43, ""losses"": 32, ""result_rate"": 0.2558139534883721, ""wins"": 11}}",PUBLIC_DAILY_TOP_HIGH_SCORE_SELECTED_DEPENDENT
rocket_mewtwo_spidops,2a45004015205c6f997100b0559baae28a6f00745810a4d7c83d30e31f0452c0,1119,Energy Search,1,ITEM_SEARCH_OR_DRAW,2,THIRD PTCG Club,16372380,2026-07-19|2026-07-20|2026-07-21|2026-07-23,14,49,"{""cynthia_garchomp"": {""draws"": 0, ""games"": 6, ""losses"": 5, ""result_rate"": 0.16666666666666666, ""wins"": 1}, ""marnie_grimmsnarl"": {""draws"": 0, ""games"": 43, ""losses"": 32, ""result_rate"": 0.2558139534883721, ""wins"": 11}}",PUBLIC_DAILY_TOP_HIGH_SCORE_SELECTED_DEPENDENT
rocket_mewtwo_spidops,2a45004015205c6f997100b0559baae28a6f00745810a4d7c83d30e31f0452c0,1134,Team Rocket's Transceiver,1,ITEM_SEARCH_OR_DRAW,4,THIRD PTCG Club,16372380,2026-07-19|2026-07-20|2026-07-21|2026-07-23,14,49,"{""cynthia_garchomp"": {""draws"": 0, ""games"": 6, ""losses"": 5, ""result_rate"": 0.16666666666666666, ""wins"": 1}, ""marnie_grimmsnarl"": {""draws"": 0, ""games"": 43, ""losses"": 32, ""result_rate"": 0.2558139534883721, ""wins"": 11}}",PUBLIC_DAILY_TOP_HIGH_SCORE_SELECTED_DEPENDENT
rocket_mewtwo_spidops,2a45004015205c6f997100b0559baae28a6f00745810a4d7c83d30e31f0452c0,1152,Poké Pad,1,ITEM_SEARCH_OR_DRAW,4,THIRD PTCG Club,16372380,2026-07-19|2026-07-20|2026-07-21|2026-07-23,14,49,"{""cynthia_garchomp"": {""draws"": 0, ""games"": 6, ""losses"": 5, ""result_rate"": 0.16666666666666666, ""wins"": 1}, ""marnie_grimmsnarl"": {""draws"": 0, ""games"": 43, ""losses"": 32, ""result_rate"": 0.2558139534883721, ""wins"": 11}}",PUBLIC_DAILY_TOP_HIGH_SCORE_SELECTED_DEPENDENT
rocket_mewtwo_spidops,2a45004015205c6f997100b0559baae28a6f00745810a4d7c83d30e31f0452c0,1159,Hero’s Cape,2,POKEMON_TOOL,1,THIRD PTCG Club,16372380,2026-07-19|2026-07-20|2026-07-21|2026-07-23,14,49,"{""cynthia_garchomp"": {""draws"": 0, ""games"": 6, ""losses"": 5, ""result_rate"": 0.16666666666666666, ""wins"": 1}, ""marnie_grimmsnarl"": {""draws"": 0, ""games"": 43, ""losses"": 32, ""result_rate"": 0.2558139534883721, ""wins"": 11}}",PUBLIC_DAILY_TOP_HIGH_SCORE_SELECTED_DEPENDENT
rocket_mewtwo_spidops,2a45004015205c6f997100b0559baae28a6f00745810a4d7c83d30e31f0452c0,1175,Brave Bangle,2,POKEMON_TOOL,1,THIRD PTCG Club,16372380,2026-07-19|2026-07-20|2026-07-21|2026-07-23,14,49,"{""cynthia_garchomp"": {""draws"": 0, ""games"": 6, ""losses"": 5, ""result_rate"": 0.16666666666666666, ""wins"": 1}, ""marnie_grimmsnarl"": {""draws"": 0, ""games"": 43, ""losses"": 32, ""result_rate"": 0.2558139534883721, ""wins"": 11}}",PUBLIC_DAILY_TOP_HIGH_SCORE_SELECTED_DEPENDENT
rocket_mewtwo_spidops,2a45004015205c6f997100b0559baae28a6f00745810a4d7c83d30e31f0452c0,1216,Team Rocket's Ariana,3,SUPPORTER_DRAW_OR_SEARCH,4,THIRD PTCG Club,16372380,2026-07-19|2026-07-20|2026-07-21|2026-07-23,14,49,"{""cynthia_garchomp"": {""draws"": 0, ""games"": 6, ""losses"": 5, ""result_rate"": 0.16666666666666666, ""wins"": 1}, ""marnie_grimmsnarl"": {""draws"": 0, ""games"": 43, ""losses"": 32, ""result_rate"": 0.2558139534883721, ""wins"": 11}}",PUBLIC_DAILY_TOP_HIGH_SCORE_SELECTED_DEPENDENT
rocket_mewtwo_spidops,2a45004015205c6f997100b0559baae28a6f00745810a4d7c83d30e31f0452c0,1217,Team Rocket's Archer,3,SUPPORTER_DRAW_OR_SEARCH,1,THIRD PTCG Club,16372380,2026-07-19|2026-07-20|2026-07-21|2026-07-23,14,49,"{""cynthia_garchomp"": {""draws"": 0, ""games"": 6, ""losses"": 5, ""result_rate"": 0.16666666666666666, ""wins"": 1}, ""marnie_grimmsnarl"": {""draws"": 0, ""games"": 43, ""losses"": 32, ""result_rate"": 0.2558139534883721, ""wins"": 11}}",PUBLIC_DAILY_TOP_HIGH_SCORE_SELECTED_DEPENDENT
rocket_mewtwo_spidops,2a45004015205c6f997100b0559baae28a6f00745810a4d7c83d30e31f0452c0,1218,Team Rocket's Giovanni,3,SUPPORTER_DISRUPTION_OR_GUST,3,THIRD PTCG Club,16372380,2026-07-19|2026-07-20|2026-07-21|2026-07-23,14,49,"{""cynthia_garchomp"": {""draws"": 0, ""games"": 6, ""losses"": 5, ""result_rate"": 0.16666666666666666, ""wins"": 1}, ""marnie_grimmsnarl"": {""draws"": 0, ""games"": 43, ""losses"": 32, ""result_rate"": 0.2558139534883721, ""wins"": 11}}",PUBLIC_DAILY_TOP_HIGH_SCORE_SELECTED_DEPENDENT
rocket_mewtwo_spidops,2a45004015205c6f997100b0559baae28a6f00745810a4d7c83d30e31f0452c0,1219,Team Rocket's Petrel,3,SUPPORTER_DRAW_OR_SEARCH,1,THIRD PTCG Club,16372380,2026-07-19|2026-07-20|2026-07-21|2026-07-23,14,49,"{""cynthia_garchomp"": {""draws"": 0, ""games"": 6, ""losses"": 5, ""result_rate"": 0.16666666666666666, ""wins"": 1}, ""marnie_grimmsnarl"": {""draws"": 0, ""games"": 43, ""losses"": 32, ""result_rate"": 0.2558139534883721, ""wins"": 11}}",PUBLIC_DAILY_TOP_HIGH_SCORE_SELECTED_DEPENDENT
rocket_mewtwo_spidops,2a45004015205c6f997100b0559baae28a6f00745810a4d7c83d30e31f0452c0,1220,Team Rocket's Proton,3,SUPPORTER_DRAW_OR_SEARCH,2,THIRD PTCG Club,16372380,2026-07-19|2026-07-20|2026-07-21|2026-07-23,14,49,"{""cynthia_garchomp"": {""draws"": 0, ""games"": 6, ""losses"": 5, ""result_rate"": 0.16666666666666666, ""wins"": 1}, ""marnie_grimmsnarl"": {""draws"": 0, ""games"": 43, ""losses"": 32, ""result_rate"": 0.2558139534883721, ""wins"": 11}}",PUBLIC_DAILY_TOP_HIGH_SCORE_SELECTED_DEPENDENT
rocket_mewtwo_spidops,2a45004015205c6f997100b0559baae28a6f00745810a4d7c83d30e31f0452c0,1227,Lillie's Determination,3,SUPPORTER_DRAW_OR_SEARCH,2,THIRD PTCG Club,16372380,2026-07-19|2026-07-20|2026-07-21|2026-07-23,14,49,"{""cynthia_garchomp"": {""draws"": 0, ""games"": 6, ""losses"": 5, ""result_rate"": 0.16666666666666666, ""wins"": 1}, ""marnie_grimmsnarl"": {""draws"": 0, ""games"": 43, ""losses"": 32, ""result_rate"": 0.2558139534883721, ""wins"": 11}}",PUBLIC_DAILY_TOP_HIGH_SCORE_SELECTED_DEPENDENT
rocket_mewtwo_spidops,2a45004015205c6f997100b0559baae28a6f00745810a4d7c83d30e31f0452c0,1257,Team Rocket's Factory,4,STADIUM_BOARD_MODIFIER,2,THIRD PTCG Club,16372380,2026-07-19|2026-07-20|2026-07-21|2026-07-23,14,49,"{""cynthia_garchomp"": {""draws"": 0, ""games"": 6, ""losses"": 5, ""result_rate"": 0.16666666666666666, ""wins"": 1}, ""marnie_grimmsnarl"": {""draws"": 0, ""games"": 43, ""losses"": 32, ""result_rate"": 0.2558139534883721, ""wins"": 11}}",PUBLIC_DAILY_TOP_HIGH_SCORE_SELECTED_DEPENDENT
rocket_mewtwo_spidops,718fa61c99f47a29ac79edac7fe5da739a0d2a6d1ca556901fc9a3296b42b2e2,1,Basic {G} Energy,5,BASIC_ENERGY,7,kashiwashira,16385372,2026-07-22,27,4,"{""marnie_grimmsnarl"": {""draws"": 0, ""games"": 4, ""losses"": 3, ""result_rate"": 0.25, ""wins"": 1}}",PUBLIC_DAILY_TOP_HIGH_SCORE_SELECTED_DEPENDENT
rocket_mewtwo_spidops,718fa61c99f47a29ac79edac7fe5da739a0d2a6d1ca556901fc9a3296b42b2e2,15,Team Rocket's Energy,6,SPECIAL_ENERGY,4,kashiwashira,16385372,2026-07-22,27,4,"{""marnie_grimmsnarl"": {""draws"": 0, ""games"": 4, ""losses"": 3, ""result_rate"": 0.25, ""wins"": 1}}",PUBLIC_DAILY_TOP_HIGH_SCORE_SELECTED_DEPENDENT
rocket_mewtwo_spidops,718fa61c99f47a29ac79edac7fe5da739a0d2a6d1ca556901fc9a3296b42b2e2,400,Team Rocket's Tarountula,0,BASIC_POKEMON_ATTACKER_OR_SETUP,4,kashiwashira,16385372,2026-07-22,27,4,"{""marnie_grimmsnarl"": {""draws"": 0, ""games"": 4, ""losses"": 3, ""result_rate"": 0.25, ""wins"": 1}}",PUBLIC_DAILY_TOP_HIGH_SCORE_SELECTED_DEPENDENT
rocket_mewtwo_spidops,718fa61c99f47a29ac79edac7fe5da739a0d2a6d1ca556901fc9a3296b42b2e2,401,Team Rocket's Spidops,0,STAGE1_ABILITY_POKEMON,4,kashiwashira,16385372,2026-07-22,27,4,"{""marnie_grimmsnarl"": {""draws"": 0, ""games"": 4, ""losses"": 3, ""result_rate"": 0.25, ""wins"": 1}}",PUBLIC_DAILY_TOP_HIGH_SCORE_SELECTED_DEPENDENT
rocket_mewtwo_spidops,718fa61c99f47a29ac79edac7fe5da739a0d2a6d1ca556901fc9a3296b42b2e2,414,Team Rocket's Articuno,0,BASIC_ABILITY_POKEMON,2,kashiwashira,16385372,2026-07-22,27,4,"{""marnie_grimmsnarl"": {""draws"": 0, ""games"": 4, ""losses"": 3, ""result_rate"": 0.25, ""wins"": 1}}",PUBLIC_DAILY_TOP_HIGH_SCORE_SELECTED_DEPENDENT
rocket_mewtwo_spidops,718fa61c99f47a29ac79edac7fe5da739a0d2a6d1ca556901fc9a3296b42b2e2,431,Team Rocket's Mewtwo ex,0,BASIC_POKEMON_EX_ATTACKER,2,kashiwashira,16385372,2026-07-22,27,4,"{""marnie_grimmsnarl"": {""draws"": 0, ""games"": 4, ""losses"": 3, ""result_rate"": 0.25, ""wins"": 1}}",PUBLIC_DAILY_TOP_HIGH_SCORE_SELECTED_DEPENDENT
rocket_mewtwo_spidops,718fa61c99f47a29ac79edac7fe5da739a0d2a6d1ca556901fc9a3296b42b2e2,434,Team Rocket's Mimikyu,0,BASIC_POKEMON_ATTACKER_OR_SETUP,3,kashiwashira,16385372,2026-07-22,27,4,"{""marnie_grimmsnarl"": {""draws"": 0, ""games"": 4, ""losses"": 3, ""result_rate"": 0.25, ""wins"": 1}}",PUBLIC_DAILY_TOP_HIGH_SCORE_SELECTED_DEPENDENT
rocket_mewtwo_spidops,718fa61c99f47a29ac79edac7fe5da739a0d2a6d1ca556901fc9a3296b42b2e2,1086,Buddy-Buddy Poffin,1,ITEM_SEARCH_OR_DRAW,1,kashiwashira,16385372,2026-07-22,27,4,"{""marnie_grimmsnarl"": {""draws"": 0, ""games"": 4, ""losses"": 3, ""result_rate"": 0.25, ""wins"": 1}}",PUBLIC_DAILY_TOP_HIGH_SCORE_SELECTED_DEPENDENT
rocket_mewtwo_spidops,718fa61c99f47a29ac79edac7fe5da739a0d2a6d1ca556901fc9a3296b42b2e2,1094,Bug Catching Set,1,ITEM_SEARCH_OR_DRAW,3,kashiwashira,16385372,2026-07-22,27,4,"{""marnie_grimmsnarl"": {""draws"": 0, ""games"": 4, ""losses"": 3, ""result_rate"": 0.25, ""wins"": 1}}",PUBLIC_DAILY_TOP_HIGH_SCORE_SELECTED_DEPENDENT
rocket_mewtwo_spidops,718fa61c99f47a29ac79edac7fe5da739a0d2a6d1ca556901fc9a3296b42b2e2,1121,Ultra Ball,1,ITEM_SEARCH_OR_DRAW,2,kashiwashira,16385372,2026-07-22,27,4,"{""marnie_grimmsnarl"": {""draws"": 0, ""games"": 4, ""losses"": 3, ""result_rate"": 0.25, ""wins"": 1}}",PUBLIC_DAILY_TOP_HIGH_SCORE_SELECTED_DEPENDENT
rocket_mewtwo_spidops,718fa61c99f47a29ac79edac7fe5da739a0d2a6d1ca556901fc9a3296b42b2e2,1134,Team Rocket's Transceiver,1,ITEM_SEARCH_OR_DRAW,4,kashiwashira,16385372,2026-07-22,27,4,"{""marnie_grimmsnarl"": {""draws"": 0, ""games"": 4, ""losses"": 3, ""result_rate"": 0.25, ""wins"": 1}}",PUBLIC_DAILY_TOP_HIGH_SCORE_SELECTED_DEPENDENT
rocket_mewtwo_spidops,718fa61c99f47a29ac79edac7fe5da739a0d2a6d1ca556901fc9a3296b42b2e2,1152,Poké Pad,1,ITEM_SEARCH_OR_DRAW,4,kashiwashira,16385372,2026-07-22,27,4,"{""marnie_grimmsnarl"": {""draws"": 0, ""games"": 4, ""losses"": 3, ""result_rate"": 0.25, ""wins"": 1}}",PUBLIC_DAILY_TOP_HIGH_SCORE_SELECTED_DEPENDENT
rocket_mewtwo_spidops,718fa61c99f47a29ac79edac7fe5da739a0d2a6d1ca556901fc9a3296b42b2e2,1159,Hero’s Cape,2,POKEMON_TOOL,1,kashiwashira,16385372,2026-07-22,27,4,"{""marnie_grimmsnarl"": {""draws"": 0, ""games"": 4, ""losses"": 3, ""result_rate"": 0.25, ""wins"": 1}}",PUBLIC_DAILY_TOP_HIGH_SCORE_SELECTED_DEPENDENT
rocket_mewtwo_spidops,718fa61c99f47a29ac79edac7fe5da739a0d2a6d1ca556901fc9a3296b42b2e2,1175,Brave Bangle,2,POKEMON_TOOL,1,kashiwashira,16385372,2026-07-22,27,4,"{""marnie_grimmsnarl"": {""draws"": 0, ""games"": 4, ""losses"": 3, ""result_rate"": 0.25, ""wins"": 1}}",PUBLIC_DAILY_TOP_HIGH_SCORE_SELECTED_DEPENDENT
rocket_mewtwo_spidops,718fa61c99f47a29ac79edac7fe5da739a0d2a6d1ca556901fc9a3296b42b2e2,1216,Team Rocket's Ariana,3,SUPPORTER_DRAW_OR_SEARCH,4,kashiwashira,16385372,2026-07-22,27,4,"{""marnie_grimmsnarl"": {""draws"": 0, ""games"": 4, ""losses"": 3, ""result_rate"": 0.25, ""wins"": 1}}",PUBLIC_DAILY_TOP_HIGH_SCORE_SELECTED_DEPENDENT
rocket_mewtwo_spidops,718fa61c99f47a29ac79edac7fe5da739a0d2a6d1ca556901fc9a3296b42b2e2,1217,Team Rocket's Archer,3,SUPPORTER_DRAW_OR_SEARCH,1,kashiwashira,16385372,2026-07-22,27,4,"{""marnie_grimmsnarl"": {""draws"": 0, ""games"": 4, ""losses"": 3, ""result_rate"": 0.25, ""wins"": 1}}",PUBLIC_DAILY_TOP_HIGH_SCORE_SELECTED_DEPENDENT
rocket_mewtwo_spidops,718fa61c99f47a29ac79edac7fe5da739a0d2a6d1ca556901fc9a3296b42b2e2,1218,Team Rocket's Giovanni,3,SUPPORTER_DISRUPTION_OR_GUST,3,kashiwashira,16385372,2026-07-22,27,4,"{""marnie_grimmsnarl"": {""draws"": 0, ""games"": 4, ""losses"": 3, ""result_rate"": 0.25, ""wins"": 1}}",PUBLIC_DAILY_TOP_HIGH_SCORE_SELECTED_DEPENDENT
rocket_mewtwo_spidops,718fa61c99f47a29ac79edac7fe5da739a0d2a6d1ca556901fc9a3296b42b2e2,1220,Team Rocket's Proton,3,SUPPORTER_DRAW_OR_SEARCH,4,kashiwashira,16385372,2026-07-22,27,4,"{""marnie_grimmsnarl"": {""draws"": 0, ""games"": 4, ""losses"": 3, ""result_rate"": 0.25, ""wins"": 1}}",PUBLIC_DAILY_TOP_HIGH_SCORE_SELECTED_DEPENDENT
rocket_mewtwo_spidops,718fa61c99f47a29ac79edac7fe5da739a0d2a6d1ca556901fc9a3296b42b2e2,1227,Lillie's Determination,3,SUPPORTER_DRAW_OR_SEARCH,3,kashiwashira,16385372,2026-07-22,27,4,"{""marnie_grimmsnarl"": {""draws"": 0, ""games"": 4, ""losses"": 3, ""result_rate"": 0.25, ""wins"": 1}}",PUBLIC_DAILY_TOP_HIGH_SCORE_SELECTED_DEPENDENT
rocket_mewtwo_spidops,718fa61c99f47a29ac79edac7fe5da739a0d2a6d1ca556901fc9a3296b42b2e2,1257,Team Rocket's Factory,4,STADIUM_BOARD_MODIFIER,3,kashiwashira,16385372,2026-07-22,27,4,"{""marnie_grimmsnarl"": {""draws"": 0, ""games"": 4, ""losses"": 3, ""result_rate"": 0.25, ""wins"": 1}}",PUBLIC_DAILY_TOP_HIGH_SCORE_SELECTED_DEPENDENT
rocket_mewtwo_spidops,787c994064089e717d7e1abb51053b79a9d4c9e79b03bb6b7fb5834b58cc903f,1,Basic {G} Energy,5,BASIC_ENERGY,8,THIRD PTCG Club,16372380,2026-07-25,14,5,"{""marnie_grimmsnarl"": {""draws"": 0, ""games"": 5, ""losses"": 4, ""result_rate"": 0.2, ""wins"": 1}}",PUBLIC_DAILY_TOP_HIGH_SCORE_SELECTED_DEPENDENT
rocket_mewtwo_spidops,787c994064089e717d7e1abb51053b79a9d4c9e79b03bb6b7fb5834b58cc903f,15,Team Rocket's Energy,6,SPECIAL_ENERGY,4,THIRD PTCG Club,16372380,2026-07-25,14,5,"{""marnie_grimmsnarl"": {""draws"": 0, ""games"": 5, ""losses"": 4, ""result_rate"": 0.2, ""wins"": 1}}",PUBLIC_DAILY_TOP_HIGH_SCORE_SELECTED_DEPENDENT
rocket_mewtwo_spidops,787c994064089e717d7e1abb51053b79a9d4c9e79b03bb6b7fb5834b58cc903f,400,Team Rocket's Tarountula,0,BASIC_POKEMON_ATTACKER_OR_SETUP,4,THIRD PTCG Club,16372380,2026-07-25,14,5,"{""marnie_grimmsnarl"": {""draws"": 0, ""games"": 5, ""losses"": 4, ""result_rate"": 0.2, ""wins"": 1}}",PUBLIC_DAILY_TOP_HIGH_SCORE_SELECTED_DEPENDENT
rocket_mewtwo_spidops,787c994064089e717d7e1abb51053b79a9d4c9e79b03bb6b7fb5834b58cc903f,401,Team Rocket's Spidops,0,STAGE1_ABILITY_POKEMON,4,THIRD PTCG Club,16372380,2026-07-25,14,5,"{""marnie_grimmsnarl"": {""draws"": 0, ""games"": 5, ""losses"": 4, ""result_rate"": 0.2, ""wins"": 1}}",PUBLIC_DAILY_TOP_HIGH_SCORE_SELECTED_DEPENDENT
rocket_mewtwo_spidops,787c994064089e717d7e1abb51053b79a9d4c9e79b03bb6b7fb5834b58cc903f,414,Team Rocket's Articuno,0,BASIC_ABILITY_POKEMON,2,THIRD PTCG Club,16372380,2026-07-25,14,5,"{""marnie_grimmsnarl"": {""draws"": 0, ""games"": 5, ""losses"": 4, ""result_rate"": 0.2, ""wins"": 1}}",PUBLIC_DAILY_TOP_HIGH_SCORE_SELECTED_DEPENDENT
rocket_mewtwo_spidops,787c994064089e717d7e1abb51053b79a9d4c9e79b03bb6b7fb5834b58cc903f,431,Team Rocket's Mewtwo ex,0,BASIC_POKEMON_EX_ATTACKER,2,THIRD PTCG Club,16372380,2026-07-25,14,5,"{""marnie_grimmsnarl"": {""draws"": 0, ""games"": 5, ""losses"": 4, ""result_rate"": 0.2, ""wins"": 1}}",PUBLIC_DAILY_TOP_HIGH_SCORE_SELECTED_DEPENDENT
rocket_mewtwo_spidops,787c994064089e717d7e1abb51053b79a9d4c9e79b03bb6b7fb5834b58cc903f,434,Team Rocket's Mimikyu,0,BASIC_POKEMON_ATTACKER_OR_SETUP,2,THIRD PTCG Club,16372380,2026-07-25,14,5,"{""marnie_grimmsnarl"": {""draws"": 0, ""games"": 5, ""losses"": 4, ""result_rate"": 0.2, ""wins"": 1}}",PUBLIC_DAILY_TOP_HIGH_SCORE_SELECTED_DEPENDENT
rocket_mewtwo_spidops,787c994064089e717d7e1abb51053b79a9d4c9e79b03bb6b7fb5834b58cc903f,1086,Buddy-Buddy Poffin,1,ITEM_SEARCH_OR_DRAW,1,THIRD PTCG Club,16372380,2026-07-25,14,5,"{""marnie_grimmsnarl"": {""draws"": 0, ""games"": 5, ""losses"": 4, ""result_rate"": 0.2, ""wins"": 1}}",PUBLIC_DAILY_TOP_HIGH_SCORE_SELECTED_DEPENDENT
rocket_mewtwo_spidops,787c994064089e717d7e1abb51053b79a9d4c9e79b03bb6b7fb5834b58cc903f,1094,Bug Catching Set,1,ITEM_SEARCH_OR_DRAW,3,THIRD PTCG Club,16372380,2026-07-25,14,5,"{""marnie_grimmsnarl"": {""draws"": 0, ""games"": 5, ""losses"": 4, ""result_rate"": 0.2, ""wins"": 1}}",PUBLIC_DAILY_TOP_HIGH_SCORE_SELECTED_DEPENDENT
rocket_mewtwo_spidops,787c994064089e717d7e1abb51053b79a9d4c9e79b03bb6b7fb5834b58cc903f,1097,Night Stretcher,1,ITEM_RESOURCE_OR_RECOVERY,2,THIRD PTCG Club,16372380,2026-07-25,14,5,"{""marnie_grimmsnarl"": {""draws"": 0, ""games"": 5, ""losses"": 4, ""result_rate"": 0.2, ""wins"": 1}}",PUBLIC_DAILY_TOP_HIGH_SCORE_SELECTED_DEPENDENT
rocket_mewtwo_spidops,787c994064089e717d7e1abb51053b79a9d4c9e79b03bb6b7fb5834b58cc903f,1121,Ultra Ball,1,ITEM_SEARCH_OR_DRAW,1,THIRD PTCG Club,16372380,2026-07-25,14,5,"{""marnie_grimmsnarl"": {""draws"": 0, ""games"": 5, ""losses"": 4, ""result_rate"": 0.2, ""wins"": 1}}",PUBLIC_DAILY_TOP_HIGH_SCORE_SELECTED_DEPENDENT
rocket_mewtwo_spidops,787c994064089e717d7e1abb51053b79a9d4c9e79b03bb6b7fb5834b58cc903f,1134,Team Rocket's Transceiver,1,ITEM_SEARCH_OR_DRAW,4,THIRD PTCG Club,16372380,2026-07-25,14,5,"{""marnie_grimmsnarl"": {""draws"": 0, ""games"": 5, ""losses"": 4, ""result_rate"": 0.2, ""wins"": 1}}",PUBLIC_DAILY_TOP_HIGH_SCORE_SELECTED_DEPENDENT
rocket_mewtwo_spidops,787c994064089e717d7e1abb51053b79a9d4c9e79b03bb6b7fb5834b58cc903f,1152,Poké Pad,1,ITEM_SEARCH_OR_DRAW,4,THIRD PTCG Club,16372380,2026-07-25,14,5,"{""marnie_grimmsnarl"": {""draws"": 0, ""games"": 5, ""losses"": 4, ""result_rate"": 0.2, ""wins"": 1}}",PUBLIC_DAILY_TOP_HIGH_SCORE_SELECTED_DEPENDENT
rocket_mewtwo_spidops,787c994064089e717d7e1abb51053b79a9d4c9e79b03bb6b7fb5834b58cc903f,1159,Hero’s Cape,2,POKEMON_TOOL,1,THIRD PTCG Club,16372380,2026-07-25,14,5,"{""marnie_grimmsnarl"": {""draws"": 0, ""games"": 5, ""losses"": 4, ""result_rate"": 0.2, ""wins"": 1}}",PUBLIC_DAILY_TOP_HIGH_SCORE_SELECTED_DEPENDENT
rocket_mewtwo_spidops,787c994064089e717d7e1abb51053b79a9d4c9e79b03bb6b7fb5834b58cc903f,1175,Brave Bangle,2,POKEMON_TOOL,2,THIRD PTCG Club,16372380,2026-07-25,14,5,"{""marnie_grimmsnarl"": {""draws"": 0, ""games"": 5, ""losses"": 4, ""result_rate"": 0.2, ""wins"": 1}}",PUBLIC_DAILY_TOP_HIGH_SCORE_SELECTED_DEPENDENT
rocket_mewtwo_spidops,787c994064089e717d7e1abb51053b79a9d4c9e79b03bb6b7fb5834b58cc903f,1216,Team Rocket's Ariana,3,SUPPORTER_DRAW_OR_SEARCH,4,THIRD PTCG Club,16372380,2026-07-25,14,5,"{""marnie_grimmsnarl"": {""draws"": 0, ""games"": 5, ""losses"": 4, ""result_rate"": 0.2, ""wins"": 1}}",PUBLIC_DAILY_TOP_HIGH_SCORE_SELECTED_DEPENDENT
rocket_mewtwo_spidops,787c994064089e717d7e1abb51053b79a9d4c9e79b03bb6b7fb5834b58cc903f,1218,Team Rocket's Giovanni,3,SUPPORTER_DISRUPTION_OR_GUST,2,THIRD PTCG Club,16372380,2026-07-25,14,5,"{""marnie_grimmsnarl"": {""draws"": 0, ""games"": 5, ""losses"": 4, ""result_rate"": 0.2, ""wins"": 1}}",PUBLIC_DAILY_TOP_HIGH_SCORE_SELECTED_DEPENDENT
rocket_mewtwo_spidops,787c994064089e717d7e1abb51053b79a9d4c9e79b03bb6b7fb5834b58cc903f,1219,Team Rocket's Petrel,3,SUPPORTER_DRAW_OR_SEARCH,1,THIRD PTCG Club,16372380,2026-07-25,14,5,"{""marnie_grimmsnarl"": {""draws"": 0, ""games"": 5, ""losses"": 4, ""result_rate"": 0.2, ""wins"": 1}}",PUBLIC_DAILY_TOP_HIGH_SCORE_SELECTED_DEPENDENT
rocket_mewtwo_spidops,787c994064089e717d7e1abb51053b79a9d4c9e79b03bb6b7fb5834b58cc903f,1220,Team Rocket's Proton,3,SUPPORTER_DRAW_OR_SEARCH,2,THIRD PTCG Club,16372380,2026-07-25,14,5,"{""marnie_grimmsnarl"": {""draws"": 0, ""games"": 5, ""losses"": 4, ""result_rate"": 0.2, ""wins"": 1}}",PUBLIC_DAILY_TOP_HIGH_SCORE_SELECTED_DEPENDENT
rocket_mewtwo_spidops,787c994064089e717d7e1abb51053b79a9d4c9e79b03bb6b7fb5834b58cc903f,1227,Lillie's Determination,3,SUPPORTER_DRAW_OR_SEARCH,4,THIRD PTCG Club,16372380,2026-07-25,14,5,"{""marnie_grimmsnarl"": {""draws"": 0, ""games"": 5, ""losses"": 4, ""result_rate"": 0.2, ""wins"": 1}}",PUBLIC_DAILY_TOP_HIGH_SCORE_SELECTED_DEPENDENT
rocket_mewtwo_spidops,787c994064089e717d7e1abb51053b79a9d4c9e79b03bb6b7fb5834b58cc903f,1257,Team Rocket's Factory,4,STADIUM_BOARD_MODIFIER,3,THIRD PTCG Club,16372380,2026-07-25,14,5,"{""marnie_grimmsnarl"": {""draws"": 0, ""games"": 5, ""losses"": 4, ""result_rate"": 0.2, ""wins"": 1}}",PUBLIC_DAILY_TOP_HIGH_SCORE_SELECTED_DEPENDENT
