submission_id,episode_id,create_time,end_time,state,type,target_reward,target_initial_score,target_updated_score,target_team,opponent_team,opponent_submission_id,opponent_reward,opponent_initial_score,opponent_updated_score,replay_path,replay_downloaded
54710399,86273617,2026-07-16T09:39:23.096721300Z,2026-07-16T09:41:42.702375100Z,COMPLETED,EPISODE_TYPE_PUBLIC,-1,744.834510018505,734.4966193768298,rurumi,Irabala,54756837,1,369.3109689678475,457.1860310733562,replays\episode_86273617.json,True
54710399,86263897,2026-07-16T08:23:17.604356400Z,2026-07-16T08:29:14.077889100Z,COMPLETED,EPISODE_TYPE_PUBLIC,1,738.9202057509568,744.834510018505,rurumi,Magikarp,54754271,-1,830.5186900108579,813.3231365456154,replays\episode_86263897.json,True
54710399,86245468,2026-07-16T05:59:21.843715100Z,2026-07-16T06:02:38.786154600Z,COMPLETED,EPISODE_TYPE_PUBLIC,1,736.3841480223479,738.9202057509568,rurumi,AmeliaLL,54424676,-1,601.7967593549442,599.2607016263353,replays\episode_86245468.json,True
54710399,86223676,2026-07-16T03:10:48.493775700Z,2026-07-16T03:13:15.349908600Z,COMPLETED,EPISODE_TYPE_PUBLIC,1,732.6311588875121,736.3841480223479,rurumi,塩尻祐大,53891049,-1,685.9548632468858,682.2018741120501,replays\episode_86223676.json,True
54710399,86200468,2026-07-16T00:18:49.897235Z,2026-07-16T00:21:01.967840300Z,COMPLETED,EPISODE_TYPE_PUBLIC,-1,737.7368741364903,732.6311588875121,rurumi,georgexue666,54745180,1,690.768759417037,712.0706910308977,replays\episode_86200468.json,True
54710399,86195927,2026-07-15T23:46:50.090021700Z,2026-07-15T23:49:14.649031100Z,COMPLETED,EPISODE_TYPE_PUBLIC,-1,741.4533359508737,737.7368741364903,rurumi,Pirate-Emperor,54370628,1,796.7956001662593,800.4172122474688,replays\episode_86195927.json,True
54710399,86180708,2026-07-15T22:10:47.863684Z,2026-07-15T22:13:47.767956200Z,COMPLETED,EPISODE_TYPE_PUBLIC,-1,745.0263800420706,741.4533359508737,rurumi,Emre Cirak,54742361,1,790.3054567650033,827.3120922356991,replays\episode_86180708.json,True
54710399,86180814,2026-07-15T22:10:47.998704200Z,2026-07-15T22:13:08.875254700Z,COMPLETED,EPISODE_TYPE_PUBLIC,-1,749.1360866681556,745.0263800420706,rurumi,BackFiring,54738952,1,784.6604053998916,791.3793366151824,replays\episode_86180814.json,True
54710399,86172537,2026-07-15T21:16:01.041138900Z,2026-07-15T21:18:12.187849300Z,COMPLETED,EPISODE_TYPE_PUBLIC,-1,752.7490977774341,749.1360866681556,rurumi,Roman Stupin,54741361,1,759.2365026305929,853.810505308594,replays\episode_86172537.json,True
54710399,86169781,2026-07-15T20:52:02.842050100Z,2026-07-15T20:54:15.467176300Z,COMPLETED,EPISODE_TYPE_PUBLIC,1,752.6612472233784,752.7490977774341,rurumi,Vookmarket,54077703,-1,191.5709139773009,191.48869227638806,replays\episode_86169781.json,True
54710399,86154095,2026-07-15T18:52:05.854479200Z,2026-07-15T18:54:27.692636700Z,COMPLETED,EPISODE_TYPE_PUBLIC,-1,757.2258296369104,752.6612472233784,rurumi,RL or RULE,54733321,1,772.2810519090791,780.0460481942644,replays\episode_86154095.json,True
54710399,86139574,2026-07-15T16:59:34.322099400Z,2026-07-15T17:02:06.787531600Z,COMPLETED,EPISODE_TYPE_PUBLIC,1,754.7084853437447,757.2258296369104,rurumi,齐乐,54733083,-1,605.2192213691168,584.2935211863764,replays\episode_86139574.json,True
54710399,86139161,2026-07-15T16:55:31.786701200Z,2026-07-15T16:57:36.295174700Z,COMPLETED,EPISODE_TYPE_PUBLIC,-1,759.5849080063352,754.7084853437447,rurumi,RMensinck,54731843,1,757.247765228062,774.4166927884767,replays\episode_86139161.json,True
54710399,86125986,2026-07-15T15:15:36.317108100Z,2026-07-15T15:17:51.337792500Z,COMPLETED,EPISODE_TYPE_PUBLIC,-1,764.2340311085233,759.5849080063352,rurumi,Kazama Yusuke,54728212,1,779.9471186776966,796.0676749982507,replays\episode_86125986.json,True
54710399,86115791,2026-07-15T13:53:11.211157300Z,2026-07-15T13:55:42.140400700Z,COMPLETED,EPISODE_TYPE_PUBLIC,-1,768.7693355005015,764.2340311085233,rurumi,panda__MB__maximus,54308784,1,804.431287900137,808.3462807709881,replays\episode_86115791.json,True
54710399,86109961,2026-07-15T13:09:08.109195100Z,2026-07-15T13:11:20.049242500Z,COMPLETED,EPISODE_TYPE_PUBLIC,-1,772.976177617394,768.7693355005015,rurumi,Charismatic Pizza Party🍕,54722749,1,828.7520017356385,836.3953617599665,replays\episode_86109961.json,True
54710399,86102156,2026-07-15T12:08:35.357217Z,2026-07-15T12:10:47.029484500Z,COMPLETED,EPISODE_TYPE_PUBLIC,-1,778.0894135461816,772.976177617394,rurumi,nigenight,54721705,1,786.4990755297349,797.684279022426,replays\episode_86102156.json,True
54710399,86097552,2026-07-15T11:32:36.539679500Z,2026-07-15T11:35:01.391693400Z,COMPLETED,EPISODE_TYPE_PUBLIC,-1,783.5662062138523,778.0894135461816,rurumi,machapin,53809414,1,784.1264424250327,788.5957811925836,replays\episode_86097552.json,True
54710399,86085816,2026-07-15T10:00:37.798562500Z,2026-07-15T10:02:53.316506700Z,COMPLETED,EPISODE_TYPE_PUBLIC,1,778.3042167447512,783.5662062138523,rurumi,dranblade,54716129,-1,763.1848524877231,757.0217586004238,replays\episode_86085816.json,True
54710399,86081147,2026-07-15T09:24:54.694080600Z,2026-07-15T09:28:39.729744300Z,COMPLETED,EPISODE_TYPE_PUBLIC,-1,783.7218434406211,778.3042167447512,rurumi,西松大祐,54717581,1,790.494310923097,804.1763808659455,replays\episode_86081147.json,True
54710399,86075811,2026-07-15T08:40:40.128210700Z,2026-07-15T08:42:47.312288900Z,COMPLETED,EPISODE_TYPE_PUBLIC,-1,793.2450816553703,783.7218434406211,rurumi,SatOmOri,53808571,1,637.996694172541,645.2750720835385,replays\episode_86075811.json,True
54710399,86069116,2026-07-15T07:48:35.598557800Z,2026-07-15T07:50:44.307132600Z,COMPLETED,EPISODE_TYPE_PUBLIC,1,787.4880463193771,793.2450816553703,rurumi,Lester Leong,54667057,-1,777.1913251275743,772.885755554735,replays\episode_86069116.json,True
54710399,86062726,2026-07-15T07:00:36.625106300Z,2026-07-15T07:02:52.526440100Z,COMPLETED,EPISODE_TYPE_PUBLIC,1,782.8467210944931,787.4880463193771,rurumi,agedashi_touhu,54709106,-1,714.3727011773104,709.418788827498,replays\episode_86062726.json,True
54710399,86058768,2026-07-15T06:28:36.415315700Z,2026-07-15T06:30:58.718048100Z,COMPLETED,EPISODE_TYPE_PUBLIC,-1,790.4248416516019,782.8467210944931,rurumi,Wisdom Dogah,53934364,1,734.3014194046914,739.7218945421537,replays\episode_86058768.json,True
54710399,86058042,2026-07-15T06:24:36.479780100Z,2026-07-15T06:26:49.071746300Z,COMPLETED,EPISODE_TYPE_PUBLIC,1,784.0645263068219,790.4248416516019,rurumi,E_96tree,54427176,-1,782.6478020986631,778.2041118766745,replays\episode_86058042.json,True
54710399,86057738,2026-07-15T06:20:37.625562900Z,2026-07-15T06:22:54.028191100Z,COMPLETED,EPISODE_TYPE_PUBLIC,-1,789.2820832612022,784.0645263068219,rurumi,M2AI,54611995,1,847.2721879205897,850.8391836712427,replays\episode_86057738.json,True
54710399,86057226,2026-07-15T06:16:37.126032300Z,2026-07-15T06:18:45.138641800Z,COMPLETED,EPISODE_TYPE_PUBLIC,1,784.2099223387519,789.2820832612022,rurumi,Luca Guerra,53860231,-1,714.319414201423,710.9260702735191,replays\episode_86057226.json,True
54710399,86056688,2026-07-15T06:12:36.513292300Z,2026-07-15T06:14:56.446842600Z,COMPLETED,EPISODE_TYPE_PUBLIC,-1,792.0778339857742,784.2099223387519,rurumi,Woohyun Nahm,54699806,1,751.5696524879122,757.5698226385795,replays\episode_86056688.json,True
54710399,86056189,2026-07-15T06:08:33.078081Z,2026-07-15T06:10:51.700868500Z,COMPLETED,EPISODE_TYPE_PUBLIC,1,783.8382174327865,792.0778339857742,rurumi,barrybao123,54360030,-1,829.3473084534838,824.1263241844136,replays\episode_86056189.json,True
54710399,86055628,2026-07-15T06:04:37.197772400Z,2026-07-15T06:06:50.262778300Z,COMPLETED,EPISODE_TYPE_PUBLIC,-1,790.6289704427735,783.8382174327865,rurumi,Gengar,54674636,1,807.0889795176223,811.2820064953007,replays\episode_86055628.json,True
54710399,86055150,2026-07-15T06:00:35.704206400Z,2026-07-15T06:02:41.986434900Z,COMPLETED,EPISODE_TYPE_PUBLIC,1,783.8434023377748,790.6289704427735,rurumi,PICNIC,54445687,-1,760.3894621535528,756.3080809708246,replays\episode_86055150.json,True
54710399,86054431,2026-07-15T05:56:35.215192600Z,2026-07-15T05:58:52.895531600Z,COMPLETED,EPISODE_TYPE_PUBLIC,-1,792.7606441545553,783.8434023377748,rurumi,Solid_Sea,54175262,1,747.5684620799249,752.7737038140699,replays\episode_86054431.json,False
54710399,86054070,2026-07-15T05:52:33.691001600Z,2026-07-15T05:54:48.126502600Z,COMPLETED,EPISODE_TYPE_PUBLIC,1,785.6019701876561,792.7606441545553,rurumi,Linda Brown,54576827,-1,761.3642278463311,757.2996531253998,replays\episode_86054070.json,False
54710399,86053034,2026-07-15T05:44:44.801964300Z,2026-07-15T05:53:13.519724Z,COMPLETED,EPISODE_TYPE_PUBLIC,1,783.5061927160034,785.6019701876561,rurumi,ML_Bear,54402822,-1,513.1504743367341,511.9768408149937,replays\episode_86053034.json,False
54710399,86053579,2026-07-15T05:48:36.297758200Z,2026-07-15T05:50:49.576700900Z,COMPLETED,EPISODE_TYPE_PUBLIC,1,780.6469230841434,783.5061927160034,rurumi,prophecy,54176313,-1,557.5460445069434,555.9718152784164,replays\episode_86053579.json,False
54710399,86052525,2026-07-15T05:40:33.566484700Z,2026-07-15T05:42:48.939183Z,COMPLETED,EPISODE_TYPE_PUBLIC,1,776.8247865335095,780.6469230841434,rurumi,okaze92,54643479,-1,602.0520197176381,599.9901750634768,replays\episode_86052525.json,False
54710399,86051957,2026-07-15T05:36:34.184618500Z,2026-07-15T05:39:27.091273700Z,COMPLETED,EPISODE_TYPE_PUBLIC,1,776.755898007526,776.8247865335095,rurumi,brackylove,54095554,-1,146.62646431516725,146.58933586401585,replays\episode_86051957.json,False
54710399,86051449,2026-07-15T05:32:34.852389100Z,2026-07-15T05:34:43.385579400Z,COMPLETED,EPISODE_TYPE_PUBLIC,1,769.3545660450071,776.755898007526,rurumi,EunchaeSong,54532761,-1,733.0891322183686,729.2153953017554,replays\episode_86051449.json,False
54710399,86050908,2026-07-15T05:28:37.930970100Z,2026-07-15T05:30:58.908200Z,COMPLETED,EPISODE_TYPE_PUBLIC,1,762.507609157838,769.3545660450071,rurumi,Albert,54689777,-1,700.2344533518951,696.1943849445839,replays\episode_86050908.json,False
54710399,86050411,2026-07-15T05:24:36.566630100Z,2026-07-15T05:26:55.420138800Z,COMPLETED,EPISODE_TYPE_PUBLIC,-1,772.398207905545,762.507609157838,rurumi,Komil Parmar,54044944,1,746.2253898221961,751.0856187809146,replays\episode_86050411.json,False
54710399,86049876,2026-07-15T05:20:33.430898800Z,2026-07-15T05:22:57.284449600Z,COMPLETED,EPISODE_TYPE_PUBLIC,-1,781.9794973112922,772.398207905545,rurumi,Satoluca,53906099,1,774.5732108906763,779.1209854461144,replays\episode_86049876.json,False
54710399,86049804,2026-07-15T05:20:33.098079100Z,2026-07-15T05:22:37.325608200Z,COMPLETED,EPISODE_TYPE_PUBLIC,-1,791.0815030365895,781.9794973112922,rurumi,Takaaki Matsuda,54710820,1,801.0778803143104,812.6145543438856,replays\episode_86049804.json,False
54710399,86049344,2026-07-15T05:16:35.186899800Z,2026-07-15T05:18:52.555900800Z,COMPLETED,EPISODE_TYPE_PUBLIC,-1,801.4466321769082,791.0815030365895,rurumi,fumishiki,53788866,1,791.2158399843278,795.8002037187301,replays\episode_86049344.json,False
54710399,86048877,2026-07-15T05:12:35.958445200Z,2026-07-15T05:14:51.675829500Z,COMPLETED,EPISODE_TYPE_PUBLIC,1,791.9563999774301,801.4466321769082,rurumi,taiyoooo,53965396,-1,768.3191997413807,764.272430036149,replays\episode_86048877.json,False
54710399,86048287,2026-07-15T05:08:38.284264900Z,2026-07-15T05:10:56.398879200Z,COMPLETED,EPISODE_TYPE_PUBLIC,1,783.3892246677615,791.9563999774301,rurumi,seiya.n21,53812382,-1,724.8370105894829,721.3110840840255,replays\episode_86048287.json,False
54710399,86047858,2026-07-15T05:04:39.806656Z,2026-07-15T05:06:52.521704100Z,COMPLETED,EPISODE_TYPE_PUBLIC,1,770.5333168079557,783.3892246677615,rurumi,takahiro k0bayashi,53904858,-1,811.0952735044286,806.0293547635708,replays\episode_86047858.json,False
54710399,86047217,2026-07-15T05:00:32.883824900Z,2026-07-15T05:02:55.919323100Z,COMPLETED,EPISODE_TYPE_PUBLIC,1,760.182952892682,770.5333168079557,rurumi,yu24march,53878436,-1,728.8472899959083,724.930284659516,replays\episode_86047217.json,False
54710399,86046615,2026-07-15T04:56:34.395368Z,2026-07-15T04:58:55.649366Z,COMPLETED,EPISODE_TYPE_PUBLIC,-1,772.3995593749507,760.182952892682,rurumi,Ash Kecap,54711909,1,725.3574695628913,782.2374925723362,replays\episode_86046615.json,False
54710399,86046753,2026-07-15T04:56:34.745420900Z,2026-07-15T04:58:47.969004900Z,COMPLETED,EPISODE_TYPE_PUBLIC,1,770.5678894600612,772.3995593749507,rurumi,yabami,54634767,-1,415.6292888565106,414.69047343806506,replays\episode_86046753.json,False
54710399,86046241,2026-07-15T04:52:34.372158600Z,2026-07-15T04:54:54.552372100Z,COMPLETED,EPISODE_TYPE_PUBLIC,1,755.9605214015534,770.5678894600612,rurumi,Deeptanush Kapaka,53891628,-1,794.3919751389623,789.388385109218,replays\episode_86046241.json,False
54710399,86045681,2026-07-15T04:48:37.060017500Z,2026-07-15T04:50:52.049862600Z,COMPLETED,EPISODE_TYPE_PUBLIC,-1,775.1778314908199,755.9605214015534,rurumi,Jason Anderson,54441561,1,665.4682210916714,671.6868688783927,replays\episode_86045681.json,False
54710399,86045168,2026-07-15T04:44:35.332021Z,2026-07-15T04:47:00.622640900Z,COMPLETED,EPISODE_TYPE_PUBLIC,1,760.8655795998844,775.1778314908199,rurumi,Got That Weedle?,54247419,-1,762.8002053263799,758.4039106383682,replays\episode_86045168.json,False
54710399,86044692,2026-07-15T04:40:37.122925600Z,2026-07-15T04:42:57.776913700Z,COMPLETED,EPISODE_TYPE_PUBLIC,-1,778.0424806746793,760.8655795998844,rurumi,pokemon experts🙆‍♀️,54694625,1,738.1325250556532,743.9717008184574,replays\episode_86044692.json,False
54710399,86044094,2026-07-15T04:36:34.033394600Z,2026-07-15T04:38:47.153126300Z,COMPLETED,EPISODE_TYPE_PUBLIC,-1,794.5255341528326,778.0424806746793,rurumi,Vavilkin Alexander,54211513,1,784.1930958160344,788.6982114090653,replays\episode_86044094.json,False
54710399,86044274,2026-07-15T04:36:34.174449400Z,2026-07-15T04:38:44.277372500Z,COMPLETED,EPISODE_TYPE_PUBLIC,-1,810.2165174393888,794.5255341528326,rurumi,Justin Kimlim,54708009,1,827.6753819669542,834.0073211109982,replays\episode_86044274.json,False
54710399,86043564,2026-07-15T04:32:32.329050400Z,2026-07-15T04:34:49.329865900Z,COMPLETED,EPISODE_TYPE_PUBLIC,-1,825.0423684111558,810.2165174393888,rurumi,ポケポケマスター,54287379,1,874.2895907616439,877.8898495529302,replays\episode_86043564.json,False
54710399,86043046,2026-07-15T04:28:34.872451200Z,2026-07-15T04:31:37.580168300Z,COMPLETED,EPISODE_TYPE_PUBLIC,1,811.0502285053815,825.0423684111558,rurumi,mocky700,54711578,-1,788.4736447238225,711.6131032121039,replays\episode_86043046.json,False
54710399,86042603,2026-07-15T04:24:35.236924600Z,2026-07-15T04:26:52.157604300Z,COMPLETED,EPISODE_TYPE_PUBLIC,1,790.133036770451,811.0502285053815,rurumi,Yamin Hossain,54391632,-1,805.1894508229132,800.6653889093135,replays\episode_86042603.json,False
54710399,86042021,2026-07-15T04:20:33.021389400Z,2026-07-15T04:22:54.344496300Z,COMPLETED,EPISODE_TYPE_PUBLIC,1,779.975996140788,790.133036770451,rurumi,Kou Nishioka,54518729,-1,608.200170945677,606.1147475842058,replays\episode_86042021.json,False
54710399,86041510,2026-07-15T04:16:33.945367400Z,2026-07-15T04:19:05.200271100Z,COMPLETED,EPISODE_TYPE_PUBLIC,-1,803.6755227099422,779.975996140788,rurumi,rikakei_no_otaku,54444127,1,789.3120874045057,793.78846956182,replays\episode_86041510.json,False
54710399,86040980,2026-07-15T04:12:34.689241700Z,2026-07-15T04:14:46.696861100Z,COMPLETED,EPISODE_TYPE_PUBLIC,-1,827.3675135394225,803.6755227099422,rurumi,CCoffie,54705211,1,835.5543176257107,840.9941746606902,replays\episode_86040980.json,False
54710399,86040494,2026-07-15T04:08:32.951762300Z,2026-07-15T04:10:51.310116900Z,COMPLETED,EPISODE_TYPE_PUBLIC,1,794.3955964529006,827.3675135394225,rurumi,lollipop947,54298979,-1,856.2263802082879,851.0886773132452,replays\episode_86040494.json,False
54710399,86039927,2026-07-15T04:04:35.499570800Z,2026-07-15T04:06:54.268457700Z,COMPLETED,EPISODE_TYPE_PUBLIC,-1,827.414536578034,794.3955964529006,rurumi,hodumi,54704864,1,796.2435212761324,802.5249173437603,replays\episode_86039927.json,False
54710399,86039409,2026-07-15T04:00:35.169372600Z,2026-07-15T04:02:51.549701900Z,COMPLETED,EPISODE_TYPE_PUBLIC,-1,867.5614026091075,827.414536578034,rurumi,Ant,54697079,1,812.4712335674316,817.7064219637587,replays\episode_86039409.json,False
54710399,86038859,2026-07-15T03:56:32.173431800Z,2026-07-15T03:58:50.974424100Z,COMPLETED,EPISODE_TYPE_PUBLIC,-1,895.846342673671,867.5614026091075,rurumi,lmaffei,54617289,1,973.8949524957378,976.9787644335869,replays\episode_86038859.json,False
54710399,86038597,2026-07-15T03:52:34.076662600Z,2026-07-15T03:54:52.862063600Z,COMPLETED,EPISODE_TYPE_PUBLIC,-1,948.9985578019498,895.846342673671,rurumi,itsuki-data,54636534,1,883.9494859614836,888.8501641419383,replays\episode_86038597.json,False
54710399,86037825,2026-07-15T03:48:33.641363200Z,2026-07-15T03:50:56.499296700Z,COMPLETED,EPISODE_TYPE_PUBLIC,1,906.3666334561339,948.9985578019498,rurumi,monsaraida,54650136,-1,857.7946452406172,854.4523023719053,replays\episode_86037825.json,False
54710399,86037316,2026-07-15T03:44:38.660873Z,2026-07-15T03:46:58.760110100Z,COMPLETED,EPISODE_TYPE_PUBLIC,1,827.2730746148465,906.3666334561339,rurumi,PP kawada,54688468,-1,917.4877717435897,912.5444243160093,replays\episode_86037316.json,False
54710399,86036755,2026-07-15T03:40:32.925988100Z,2026-07-15T03:43:17.610186500Z,COMPLETED,EPISODE_TYPE_PUBLIC,-1,888.4653803679087,827.2730746148465,rurumi,Oleksandr_Savsunenko,54679572,1,941.7862036390687,944.906310800255,replays\episode_86036755.json,False
54710399,86036244,2026-07-15T03:36:33.016360900Z,2026-07-15T03:38:39.882720400Z,COMPLETED,EPISODE_TYPE_PUBLIC,1,812.8300535834865,888.4653803679087,rurumi,haruki nishio,54454285,-1,777.0102165924171,773.8042209069182,replays\episode_86036244.json,False
54710399,86035713,2026-07-15T03:32:33.204356400Z,2026-07-15T03:34:56.390267300Z,COMPLETED,EPISODE_TYPE_PUBLIC,1,715.0182427394724,812.8300535834865,rurumi,Seungmin Ha,54628179,-1,720.3112405710729,716.8103065087232,replays\episode_86035713.json,False
54710399,86035204,2026-07-15T03:28:33.273803700Z,2026-07-15T03:30:53.313558700Z,COMPLETED,EPISODE_TYPE_PUBLIC,1,600,715.0182427394724,rurumi,Neelima,54534332,-1,620.8027047276311,617.2802710437347,replays\episode_86035204.json,False
54710399,86034564,2026-07-15T03:23:39.325475700Z,2026-07-15T03:25:46.345652500Z,COMPLETED,EPISODE_TYPE_VALIDATION,1,,600,rurumi,rurumi,54710399,-1,,600,replays\episode_86034564.json,False
54738887,86365865,2026-07-16T21:07:09.945594200Z,2026-07-16T21:11:58.058854100Z,COMPLETED,EPISODE_TYPE_PUBLIC,1,876.2929182196482,883.1080847362555,rurumi,pacific_diesel,54768163,-1,1020.2913317110476,997.5937028215741,replays\episode_86365865.json,True
54738887,86360759,2026-07-16T20:27:10.529670800Z,2026-07-16T20:29:25.256055Z,COMPLETED,EPISODE_TYPE_PUBLIC,-1,880.6634984947427,876.2929182196482,rurumi,James Cann,54767672,1,878.9653186643519,894.99353928038,replays\episode_86360759.json,True
54738887,86359489,2026-07-16T20:15:09.016537200Z,2026-07-16T20:17:30.109248300Z,COMPLETED,EPISODE_TYPE_PUBLIC,1,876.0762556267154,880.6634984947427,rurumi,TMMT,54752831,-1,881.8712408256266,877.2839979575992,replays\episode_86359489.json,True
54738887,86345596,2026-07-16T18:35:21.114569400Z,2026-07-16T18:37:22.538892800Z,COMPLETED,EPISODE_TYPE_PUBLIC,1,871.5472518975317,876.0762556267154,rurumi,Maxim Simakov,54766383,-1,887.5917056957258,865.8266260947281,replays\episode_86345596.json,True
54738887,86331873,2026-07-16T16:59:23.045698200Z,2026-07-16T17:01:28.540387400Z,COMPLETED,EPISODE_TYPE_PUBLIC,1,866.8175070428246,871.5472518975317,rurumi,Calcite Valentin,54720760,-1,881.144446620017,876.4147017653098,replays\episode_86331873.json,True
54738887,86311902,2026-07-16T14:35:21.807959400Z,2026-07-16T14:40:58.177171600Z,COMPLETED,EPISODE_TYPE_PUBLIC,1,861.7093358018334,866.8175070428246,rurumi,pipi14ramu,54761380,-1,910.74038367723,890.7413259524319,replays\episode_86311902.json,True
54738887,86302068,2026-07-16T13:19:24.724132Z,2026-07-16T13:24:16.714532100Z,COMPLETED,EPISODE_TYPE_PUBLIC,-1,865.4881323018079,861.7093358018334,rurumi,NoOne,54759375,1,905.8712460013088,916.2069795076317,replays\episode_86302068.json,True
54738887,86298474,2026-07-16T12:51:21.297720300Z,2026-07-16T12:54:14.423754300Z,COMPLETED,EPISODE_TYPE_PUBLIC,-1,867.9856510004927,865.4881323018079,rurumi,Dapp,54758677,1,1004.9481911398176,1009.6020627459098,replays\episode_86298474.json,True
54738887,86290741,2026-07-16T11:51:21.797106200Z,2026-07-16T11:53:50.653525300Z,COMPLETED,EPISODE_TYPE_PUBLIC,1,862.5093121980182,867.9856510004927,rurumi,Sera,54757396,-1,924.1134922074931,913.7712876338743,replays\episode_86290741.json,True
54738887,86283348,2026-07-16T10:55:20.796754200Z,2026-07-16T10:57:52.001536900Z,COMPLETED,EPISODE_TYPE_PUBLIC,-1,866.9413070713877,862.5093121980182,rurumi,Yudai Ueno,54758565,1,797.2226738169738,890.6660856589451,replays\episode_86283348.json,True
54738887,86281916,2026-07-16T10:43:21.006288200Z,2026-07-16T10:45:55.439154Z,COMPLETED,EPISODE_TYPE_PUBLIC,-1,871.2226774967637,866.9413070713877,rurumi,Dries @ Tufa Labs,54757271,1,876.5132851662943,890.6959137999341,replays\episode_86281916.json,True
54738887,86280582,2026-07-16T10:31:21.632643600Z,2026-07-16T10:33:54.885089Z,COMPLETED,EPISODE_TYPE_PUBLIC,1,867.7406079981599,871.2226774967637,rurumi,Yuiki,54045691,-1,802.8969576984738,799.41488819987,replays\episode_86280582.json,True
54738887,86265661,2026-07-16T08:35:18.125727100Z,2026-07-16T08:37:22.793702900Z,COMPLETED,EPISODE_TYPE_PUBLIC,-1,871.771473254214,867.7406079981599,rurumi,Thai,54749837,1,899.9607731881723,904.6457778002665,replays\episode_86265661.json,True
54738887,86257292,2026-07-16T07:31:17.903390200Z,2026-07-16T07:33:51.971057600Z,COMPLETED,EPISODE_TYPE_PUBLIC,-1,876.4707412470242,871.771473254214,rurumi,mackerel is all you need,54752184,1,862.534475487497,869.002957586479,replays\episode_86257292.json,True
54738887,86249558,2026-07-16T06:31:18.119738500Z,2026-07-16T06:33:48.788876Z,COMPLETED,EPISODE_TYPE_PUBLIC,-1,881.4330655029864,876.4707412470242,rurumi,smokyjp,54751656,1,851.1317260569394,858.8450939095602,replays\episode_86249558.json,True
54738887,86248579,2026-07-16T06:23:18.849764900Z,2026-07-16T06:25:25.846373900Z,COMPLETED,EPISODE_TYPE_PUBLIC,-1,885.5115703946802,881.4330655029864,rurumi,mmwstudy,54684209,1,911.149784947357,915.2282898390508,replays\episode_86248579.json,True
54738887,86246054,2026-07-16T06:03:18.486429800Z,2026-07-16T06:05:51.840696400Z,COMPLETED,EPISODE_TYPE_PUBLIC,-1,890.8195460380686,885.5115703946802,rurumi,suruli,54665220,1,844.6726941086956,849.9491277916838,replays\episode_86246054.json,True
54738887,86230999,2026-07-16T04:06:47.727529600Z,2026-07-16T04:09:04.161457200Z,COMPLETED,EPISODE_TYPE_PUBLIC,1,886.4131197267972,890.8195460380686,rurumi,Tys TANA,54749039,-1,876.5295944983138,870.5621433543238,replays\episode_86230999.json,True
54738887,86229792,2026-07-16T03:58:49.332934600Z,2026-07-16T04:01:15.596127100Z,COMPLETED,EPISODE_TYPE_PUBLIC,1,881.6044715012405,886.4131197267972,rurumi,near field,54750357,-1,896.6583238447109,883.3886293687217,replays\episode_86229792.json,True
54738887,86218325,2026-07-16T02:30:47.992716100Z,2026-07-16T02:33:23.392691100Z,COMPLETED,EPISODE_TYPE_PUBLIC,-1,886.8110882858218,881.6044715012405,rurumi,OctahedronBB,54739461,1,860.9164071678874,866.267309764555,replays\episode_86218325.json,True
54738887,86202608,2026-07-16T00:34:50.548083200Z,2026-07-16T00:36:55.298393200Z,COMPLETED,EPISODE_TYPE_PUBLIC,-1,890.3806695076137,886.8110882858218,rurumi,Hiro Nomo,54744378,1,963.4981586471663,971.3697361919019,replays\episode_86202608.json,True
54738887,86199864,2026-07-16T00:14:47.586596700Z,2026-07-16T00:17:24.969566600Z,COMPLETED,EPISODE_TYPE_PUBLIC,-1,894.4142369604484,890.3806695076137,rurumi,llkarill,54746947,1,921.107500812624,957.5490553606234,replays\episode_86199864.json,True
54738887,86196592,2026-07-15T23:50:50.686544100Z,2026-07-15T23:52:56.603170400Z,COMPLETED,EPISODE_TYPE_PUBLIC,-1,901.0654741630668,894.4142369604484,rurumi,박강찬,54734857,1,814.864706814733,821.6435063301927,replays\episode_86196592.json,True
54738887,86192256,2026-07-15T23:22:49.431977500Z,2026-07-15T23:25:15.488651700Z,COMPLETED,EPISODE_TYPE_PUBLIC,1,896.2395247525773,901.0654741630668,rurumi,WE LOVE KING CRIMSON,54467369,-1,882.1934977448465,877.9373805994836,replays\episode_86192256.json,True
54738887,86191571,2026-07-15T23:18:50.137207700Z,2026-07-15T23:21:26.146647300Z,COMPLETED,EPISODE_TYPE_PUBLIC,1,891.6948064364977,896.2395247525773,rurumi,Yang Jinneng,54684184,-1,857.4146414418991,853.4781332171235,replays\episode_86191571.json,True
54738887,86190945,2026-07-15T23:14:47.542058Z,2026-07-15T23:17:06.854401500Z,COMPLETED,EPISODE_TYPE_PUBLIC,1,890.0691819930572,891.6948064364977,rurumi,maniginam,54704548,-1,647.254162138231,645.614545187463,replays\episode_86190945.json,True
54738887,86190319,2026-07-15T23:10:47.952182400Z,2026-07-15T23:13:01.333322600Z,COMPLETED,EPISODE_TYPE_PUBLIC,1,884.1684658748039,890.0691819930572,rurumi,xinwang,54721200,-1,912.6398458760397,907.6832496963426,replays\episode_86190319.json,True
54738887,86189707,2026-07-15T23:06:47.536786500Z,2026-07-15T23:08:51.897890500Z,COMPLETED,EPISODE_TYPE_PUBLIC,1,883.698223626958,884.1684658748039,rurumi,Adrian Acala,54668121,-1,471.01844959210024,470.4394741705106,replays\episode_86189707.json,True
54738887,86189087,2026-07-15T23:02:47.991762900Z,2026-07-15T23:05:18.585464400Z,COMPLETED,EPISODE_TYPE_PUBLIC,1,879.5365715616157,883.698223626958,rurumi,Albert Wang,54090221,-1,810.9001257418054,807.4801694341934,replays\episode_86189087.json,True
54738887,86188455,2026-07-15T22:58:49.215920700Z,2026-07-15T23:01:15.062045900Z,COMPLETED,EPISODE_TYPE_PUBLIC,-1,886.6917118710704,879.5365715616157,rurumi,kawachi,54714714,1,812.731370010603,818.7416114198181,replays\episode_86188455.json,True
54738887,86187209,2026-07-15T22:50:49.148562100Z,2026-07-15T22:57:14.771766600Z,COMPLETED,EPISODE_TYPE_PUBLIC,1,882.5020914717397,886.6917118710704,rurumi,suguuuuu & hiehie,54711891,-1,805.9525472039516,802.6407119940719,replays\episode_86187209.json,True
54738887,86187831,2026-07-15T22:54:47.229860900Z,2026-07-15T22:57:12.792783800Z,COMPLETED,EPISODE_TYPE_PUBLIC,-1,888.1510721519371,882.5020914717397,rurumi,f,54728994,1,894.9266483172016,899.4056015511868,replays\episode_86187831.json,True
54738887,86186570,2026-07-15T22:46:48.016688800Z,2026-07-15T22:49:11.848403900Z,COMPLETED,EPISODE_TYPE_PUBLIC,1,883.1996145702244,888.1510721519371,rurumi,ElvisSikora,54473037,-1,837.0368332561219,833.28865910962,replays\episode_86186570.json,True
54738887,86185932,2026-07-15T22:42:48.291088Z,2026-07-15T22:45:02.953424500Z,COMPLETED,EPISODE_TYPE_PUBLIC,-1,888.2438094446236,883.1996145702244,rurumi,テライFACC,54743267,1,906.856924394571,947.971175057015,replays\episode_86185932.json,True
54738887,86185297,2026-07-15T22:38:51.706770800Z,2026-07-15T22:41:34.675286700Z,COMPLETED,EPISODE_TYPE_PUBLIC,-1,893.1942041190574,888.2438094446236,rurumi,Emre Cirak,54742361,1,938.3558825923706,956.3424990884538,replays\episode_86185297.json,True
54738887,86184660,2026-07-15T22:34:50.610651900Z,2026-07-15T22:37:11.598989300Z,COMPLETED,EPISODE_TYPE_PUBLIC,1,888.6498305657383,893.1942041190574,rurumi,CHAEHYUN LIM2,54279864,-1,808.6508776751866,805.3981747104602,replays\episode_86184660.json,True
54738887,86184025,2026-07-15T22:30:50.718791100Z,2026-07-15T22:33:12.634657100Z,COMPLETED,EPISODE_TYPE_PUBLIC,-1,895.2356568147962,888.6498305657383,rurumi,wally0593,54734434,1,886.7043179154754,891.5759919748207,replays\episode_86184025.json,True
54738887,86183392,2026-07-15T22:26:47.457002300Z,2026-07-15T22:29:12.004058700Z,COMPLETED,EPISODE_TYPE_PUBLIC,1,891.1878749941571,895.2356568147962,rurumi,あーとらぼ,54736920,-1,776.3065154577966,772.825522951428,replays\episode_86183392.json,True
54738887,86182755,2026-07-15T22:22:47.591978900Z,2026-07-15T22:25:08.801198100Z,COMPLETED,EPISODE_TYPE_PUBLIC,1,883.4997098567386,891.1878749941571,rurumi,fksmaaaaa,54348390,-1,923.7572132065043,918.6206848969151,replays\episode_86182755.json,True
54738887,86182114,2026-07-15T22:18:50.264683100Z,2026-07-15T22:21:01.882707300Z,COMPLETED,EPISODE_TYPE_PUBLIC,1,877.1436602501967,883.4997098567386,rurumi,yq line,54239816,-1,857.3106363295802,853.1664540856889,replays\episode_86182114.json,True
54738887,86181465,2026-07-15T22:14:47.402808500Z,2026-07-15T22:17:08.602504200Z,COMPLETED,EPISODE_TYPE_PUBLIC,1,872.1979536946143,877.1436602501967,rurumi,r0ki3day,53843617,-1,785.4942973463933,782.3394194402747,replays\episode_86181465.json,True
54738887,86180809,2026-07-15T22:10:47.993696900Z,2026-07-15T22:13:15.380026400Z,COMPLETED,EPISODE_TYPE_PUBLIC,1,865.8563720433124,872.1979536946143,rurumi,JiMing Feng,54690059,-1,833.4485322278304,829.5030165367847,replays\episode_86180809.json,True
54738887,86180153,2026-07-15T22:06:47.406738900Z,2026-07-15T22:09:23.474766700Z,COMPLETED,EPISODE_TYPE_PUBLIC,-1,873.8356484894717,865.8563720433124,rurumi,monnu,54686512,1,851.1661638835583,855.9932714426234,replays\episode_86180153.json,True
54738887,86179509,2026-07-15T22:02:47.290087800Z,2026-07-15T22:05:20.264246900Z,COMPLETED,EPISODE_TYPE_PUBLIC,-1,882.5970448138638,873.8356484894717,rurumi,neibyr,54627565,1,840.9294980695898,846.0749451337924,replays\episode_86179509.json,True
54738887,86178854,2026-07-15T21:59:06.225632200Z,2026-07-15T22:01:34.448751700Z,COMPLETED,EPISODE_TYPE_PUBLIC,1,875.5069313077669,882.5970448138638,rurumi,Koba Empire,54719102,-1,850.3628860081325,846.3118406335343,replays\episode_86178854.json,True
54738887,86178193,2026-07-15T21:52:00.127804600Z,2026-07-15T21:54:20.032820Z,COMPLETED,EPISODE_TYPE_PUBLIC,1,872.83645281828,875.5069313077669,rurumi,cAco3,54017336,-1,641.7916387426018,640.2902582691345,replays\episode_86178193.json,True
54738887,86177545,2026-07-15T21:48:01.527390100Z,2026-07-15T21:50:41.917702600Z,COMPLETED,EPISODE_TYPE_PUBLIC,-1,881.6288240642474,872.83645281828,rurumi,Exodia,54710409,1,860.3248623989336,865.117295568277,replays\episode_86177545.json,True
54738887,86176891,2026-07-15T21:44:00.841390700Z,2026-07-15T21:46:44.039727500Z,COMPLETED,EPISODE_TYPE_PUBLIC,1,876.7883748865846,881.6288240642474,rurumi,leocrivels,54078107,-1,746.3472862870259,743.7700864216735,replays\episode_86176891.json,True
54738887,86176250,2026-07-15T21:40:00.990036Z,2026-07-15T21:42:10.161069200Z,COMPLETED,EPISODE_TYPE_PUBLIC,1,869.1752285951704,876.7883748865846,rurumi,satory074,54591391,-1,836.9495020547636,833.0155040703977,replays\episode_86176250.json,True
54738887,86175603,2026-07-15T21:35:59.301365400Z,2026-07-15T21:38:27.350148500Z,COMPLETED,EPISODE_TYPE_PUBLIC,-1,877.5005728551725,869.1752285951704,rurumi,Orion,54722534,1,894.1418464534979,898.5971975741048,replays\episode_86175603.json,True
54738887,86175109,2026-07-15T21:32:00.429689800Z,2026-07-15T21:34:46.149555300Z,COMPLETED,EPISODE_TYPE_PUBLIC,1,868.2020450932221,877.5005728551725,rurumi,LumenLiquidity,54689774,-1,872.5176353417097,868.0173952179604,replays\episode_86175109.json,True
54738887,86174961,2026-07-15T21:32:00.213736900Z,2026-07-15T21:34:18.435176100Z,COMPLETED,EPISODE_TYPE_PUBLIC,1,860.0194590168943,868.2020450932221,rurumi,tk,54430867,-1,821.6923251767631,817.8589027546766,replays\episode_86174961.json,True
54738887,86174369,2026-07-15T21:27:59.726368100Z,2026-07-15T21:30:17.993955Z,COMPLETED,EPISODE_TYPE_PUBLIC,1,850.3547656170675,860.0194590168943,rurumi,DiuDiu,54635138,-1,846.9589631418103,842.5901390491829,replays\episode_86174369.json,True
54738887,86173779,2026-07-15T21:23:59.782198700Z,2026-07-15T21:26:11.799085700Z,COMPLETED,EPISODE_TYPE_PUBLIC,-1,860.6640365497735,850.3547656170675,rurumi,Peng Wang,54712318,1,856.2489164669613,860.7375758618703,replays\episode_86173779.json,True
54738887,86173254,2026-07-15T21:20:01.290715100Z,2026-07-15T21:22:08.061157300Z,COMPLETED,EPISODE_TYPE_PUBLIC,-1,871.3958876033375,860.6640365497735,rurumi,Omniscience,54624452,1,866.319402887123,870.8134500847541,replays\episode_86173254.json,True
54738887,86172609,2026-07-15T21:16:01.129303400Z,2026-07-15T21:18:37.021110100Z,COMPLETED,EPISODE_TYPE_PUBLIC,1,862.4803955144195,871.3958876033375,rurumi,Rocket is All You Need,54729509,-1,809.6629335152738,805.373769132981,replays\episode_86172609.json,True
54738887,86172213,2026-07-15T21:12:02.345683900Z,2026-07-15T21:14:10.272911900Z,COMPLETED,EPISODE_TYPE_PUBLIC,-1,876.8899265350533,862.4803955144195,rurumi,URAD,54456339,1,807.2960168923278,812.852916500997,replays\episode_86172213.json,True
54738887,86171514,2026-07-15T21:08:03.688378800Z,2026-07-15T21:10:19.408261700Z,COMPLETED,EPISODE_TYPE_PUBLIC,1,863.9436544699041,876.8899265350533,rurumi,Joseph Adamski,54489620,-1,887.4246821497985,882.6529661179516,replays\episode_86171514.json,True
54738887,86170998,2026-07-15T21:04:00.390949500Z,2026-07-15T21:06:52.472679200Z,COMPLETED,EPISODE_TYPE_PUBLIC,1,854.32761187457,863.9436544699041,rurumi,dolphin,53916231,-1,788.0714506538187,784.6672504832316,replays\episode_86170998.json,True
54738887,86170502,2026-07-15T21:00:04.136461300Z,2026-07-15T21:02:08.397688800Z,COMPLETED,EPISODE_TYPE_PUBLIC,1,844.1816354978226,854.32761187457,rurumi,Neubor,54294425,-1,780.982288978916,777.5390317477257,replays\episode_86170502.json,True
54738887,86170011,2026-07-15T20:56:06.185150100Z,2026-07-15T20:58:23.934825300Z,COMPLETED,EPISODE_TYPE_PUBLIC,-1,860.9620688993807,844.1816354978226,rurumi,Hellboy,54734631,1,797.1671885096362,803.8982994852021,replays\episode_86170011.json,True
54738887,86169465,2026-07-15T20:52:01.955992600Z,2026-07-15T20:54:44.568648500Z,COMPLETED,EPISODE_TYPE_PUBLIC,1,848.1460351308738,860.9620688993807,rurumi,Erik van de Ven,54733127,-1,819.5605959088567,814.7780472855302,replays\episode_86169465.json,True
54738887,86168917,2026-07-15T20:48:03.655138500Z,2026-07-15T20:50:11.965003500Z,COMPLETED,EPISODE_TYPE_PUBLIC,-1,862.4197582155466,848.1460351308738,rurumi,pepe,54628526,1,876.5299813103758,880.6700684975194,replays\episode_86168917.json,True
54738887,86168400,2026-07-15T20:44:00.187063300Z,2026-07-15T20:46:19.364336100Z,COMPLETED,EPISODE_TYPE_PUBLIC,1,851.2619463702783,862.4197582155466,rurumi,stardom,54715727,-1,763.030182584757,759.668125120264,replays\episode_86168400.json,True
54738887,86167857,2026-07-15T20:40:01.310879400Z,2026-07-15T20:42:21.146635700Z,COMPLETED,EPISODE_TYPE_PUBLIC,-1,870.0802324159949,851.2619463702783,rurumi,江东,54365360,1,835.5643600011093,840.4408268794915,replays\episode_86167857.json,True
54738887,86167339,2026-07-15T20:36:00.616512800Z,2026-07-15T20:38:35.111374700Z,COMPLETED,EPISODE_TYPE_PUBLIC,-1,889.7019351404705,870.0802324159949,rurumi,Joseph Adamski,54505956,1,861.9020134653551,866.6541109741735,replays\episode_86167339.json,True
54738887,86166827,2026-07-15T20:32:00.495675100Z,2026-07-15T20:34:09.104446900Z,COMPLETED,EPISODE_TYPE_PUBLIC,1,877.619080785037,889.7019351404705,rurumi,Ash Kecap,54719292,-1,766.0010198459688,762.7572234297584,replays\episode_86166827.json,True
54738887,86166306,2026-07-15T20:28:04.820289600Z,2026-07-15T20:30:31.406741800Z,COMPLETED,EPISODE_TYPE_PUBLIC,1,873.9876030777717,877.619080785037,rurumi,arrow_utpoke,54098216,-1,544.2281979821238,543.4169033688969,replays\episode_86166306.json,True
54738887,86165765,2026-07-15T20:24:04.502302300Z,2026-07-15T20:26:24.968730300Z,COMPLETED,EPISODE_TYPE_PUBLIC,1,853.8975336826383,873.9876030777717,rurumi,"Pikachu, I choose you!",54731482,-1,846.6158161551191,841.7735126984643,replays\episode_86165765.json,True
54738887,86165244,2026-07-15T20:20:02.333618300Z,2026-07-15T20:22:21.029132600Z,COMPLETED,EPISODE_TYPE_PUBLIC,1,828.2743127383084,853.8975336826383,rurumi,gecogeco,54736490,-1,872.5265450187321,863.5461417953492,replays\episode_86165244.json,True
54738887,86164816,2026-07-15T20:16:02.772149300Z,2026-07-15T20:18:24.536838400Z,COMPLETED,EPISODE_TYPE_PUBLIC,1,802.0608915039151,828.2743127383084,rurumi,gsc01,54734508,-1,825.0011595251777,819.2948738623267,replays\episode_86164816.json,True
54738887,86164712,2026-07-15T20:16:02.474298300Z,2026-07-15T20:18:05.479405300Z,COMPLETED,EPISODE_TYPE_PUBLIC,-1,831.9049950943391,802.0608915039151,rurumi,cimyzzz,54154760,1,798.7778644194774,803.4781128868768,replays\episode_86164712.json,True
54738887,86164202,2026-07-15T20:12:00.006459600Z,2026-07-15T20:14:15.337426900Z,COMPLETED,EPISODE_TYPE_PUBLIC,1,830.3798527415581,831.9049950943391,rurumi,Nineso,54096084,-1,342.2146876963525,341.97786340254385,replays\episode_86164202.json,True
54738887,86163766,2026-07-15T20:08:05.222275100Z,2026-07-15T20:13:06.916736900Z,COMPLETED,EPISODE_TYPE_PUBLIC,1,805.7646510825697,830.3798527415581,rurumi,🐱KittenLeague🐱,54736150,-1,756.8502085342421,749.8301644822108,replays\episode_86163766.json,True
54738887,86163673,2026-07-15T20:08:05.123562600Z,2026-07-15T20:10:23.984351400Z,COMPLETED,EPISODE_TYPE_PUBLIC,1,769.9806085971155,805.7646510825697,rurumi,Jake L and Kevin L,53936385,-1,793.6163765313522,789.1486214481716,replays\episode_86163673.json,True
54738887,86163159,2026-07-15T20:04:01.462398900Z,2026-07-15T20:06:27.896661800Z,COMPLETED,EPISODE_TYPE_PUBLIC,1,719.5843963211486,769.9806085971155,rurumi,Zer0 Karat,54408436,-1,812.0465700573399,806.6431687481205,replays\episode_86163159.json,True
54738887,86162625,2026-07-15T20:00:01.099838300Z,2026-07-15T20:02:21.966142Z,COMPLETED,EPISODE_TYPE_PUBLIC,1,678.8012946653414,719.5843963211486,rurumi,kashort,53792502,-1,660.0092600330669,656.2409352006031,replays\episode_86162625.json,True
54738887,86162213,2026-07-15T19:56:02.193074900Z,2026-07-15T19:59:23.516833Z,COMPLETED,EPISODE_TYPE_PUBLIC,-1,723.211773441511,678.8012946653414,rurumi,peeta pit,54733917,1,758.9035130019836,763.9135614948109,replays\episode_86162213.json,True
54738887,86162108,2026-07-15T19:56:01.987160Z,2026-07-15T19:58:10.880896400Z,COMPLETED,EPISODE_TYPE_PUBLIC,-1,796.2329557076654,723.211773441511,rurumi,mojao,54726991,1,733.8448400708037,740.1196589185618,replays\episode_86162108.json,True
54738887,86161598,2026-07-15T19:52:04.876357900Z,2026-07-15T19:54:12.340207900Z,COMPLETED,EPISODE_TYPE_PUBLIC,1,722.940402991326,796.2329557076654,rurumi,Masashi Nishimoto,54527436,-1,727.0449919519536,723.307910700028,replays\episode_86161598.json,True
54738887,86161083,2026-07-15T19:48:03.144952400Z,2026-07-15T19:50:08.791214800Z,COMPLETED,EPISODE_TYPE_PUBLIC,-1,805.9988343615489,722.940402991326,rurumi,keidroid,54719773,1,810.2695622944341,814.3743987882123,replays\episode_86161083.json,True
54738887,86160574,2026-07-15T19:44:01.890720500Z,2026-07-15T19:46:08.153921Z,COMPLETED,EPISODE_TYPE_PUBLIC,1,688.6957785124278,805.9988343615489,rurumi,Juan Lavieri Goiri,54239378,-1,762.7703888387284,758.571813428497,replays\episode_86160574.json,True
54738887,86160056,2026-07-15T19:40:04.323421100Z,2026-07-15T19:42:07.185313100Z,COMPLETED,EPISODE_TYPE_PUBLIC,1,600,688.6957785124278,rurumi,Narukos,54630577,-1,528.9194806776583,526.2031724607152,replays\episode_86160056.json,True
54738887,86159432,2026-07-15T19:35:43.704347400Z,2026-07-15T19:38:00.718984100Z,COMPLETED,EPISODE_TYPE_VALIDATION,1,,600,rurumi,rurumi,54738887,-1,,600,replays\episode_86159432.json,True
54757713,86376915,2026-07-16T22:31:09.226400600Z,2026-07-16T22:33:33.290439900Z,COMPLETED,EPISODE_TYPE_PUBLIC,-1,877.0494975402178,872.5392253628738,rurumi,Aib4,54334435,1,875.9095246801882,880.4197968575321,replays\episode_86376915.json,True
54757713,86373343,2026-07-16T22:03:09.252861400Z,2026-07-16T22:05:29.095128600Z,COMPLETED,EPISODE_TYPE_PUBLIC,1,874.2422588818276,877.0494975402178,rurumi,Got That Weedle?,54247419,-1,760.8564849330254,758.0492462746353,replays\episode_86373343.json,True
54757713,86361280,2026-07-16T20:31:12.195497700Z,2026-07-16T20:33:20.251998700Z,COMPLETED,EPISODE_TYPE_PUBLIC,-1,879.7053976167438,874.2422588818276,rurumi,Mogja J,54767510,1,813.3060471595473,830.0440803660932,replays\episode_86361280.json,True
54757713,86360855,2026-07-16T20:27:10.762580900Z,2026-07-16T20:29:53.415368300Z,COMPLETED,EPISODE_TYPE_PUBLIC,-1,884.3366867736687,879.7053976167438,rurumi,Oleksandr_Savsunenko,54766207,1,874.2610921685532,880.9333431171193,replays\episode_86360855.json,True
54757713,86360867,2026-07-16T20:27:10.779155600Z,2026-07-16T20:29:28.439723800Z,COMPLETED,EPISODE_TYPE_PUBLIC,1,878.2032647880674,884.3366867736687,rurumi,senkin13,54765802,-1,968.629632568739,961.2812040204348,replays\episode_86360867.json,True
54757713,86354919,2026-07-16T19:39:21.967471Z,2026-07-16T19:41:31.509269200Z,COMPLETED,EPISODE_TYPE_PUBLIC,1,876.6135527659092,878.2032647880674,rurumi,Mibbles' Lab,54767870,-1,644.8675282662201,608.1041614263795,replays\episode_86354919.json,True
54757713,86350554,2026-07-16T19:07:21.438219500Z,2026-07-16T19:10:39.668481Z,COMPLETED,EPISODE_TYPE_PUBLIC,-1,882.4137342701465,876.6135527659092,rurumi,Aji Samudra,54760069,1,817.4891794564262,824.8167889564169,replays\episode_86350554.json,True
54757713,86337449,2026-07-16T17:39:27.451280700Z,2026-07-16T17:41:46.896507400Z,COMPLETED,EPISODE_TYPE_PUBLIC,-1,886.6465378601939,882.4137342701465,rurumi,我脑子不太好,54764954,1,910.6223557112712,922.7970536039591,replays\episode_86337449.json,True
54757713,86332726,2026-07-16T17:07:23.413005300Z,2026-07-16T17:09:30.141411300Z,COMPLETED,EPISODE_TYPE_PUBLIC,-1,891.6853706236336,886.6465378601939,rurumi,tw_shin,54765163,1,846.5081702941555,890.6269249726843,replays\episode_86332726.json,True
54757713,86328059,2026-07-16T16:35:21.345382900Z,2026-07-16T16:38:22.739973800Z,COMPLETED,EPISODE_TYPE_PUBLIC,-1,895.1419349334946,891.6853706236336,rurumi,suguuuuu & hiehie,54764191,1,970.8040271046608,991.0842951491817,replays\episode_86328059.json,True
54757713,86327601,2026-07-16T16:31:21.361784300Z,2026-07-16T16:33:39.613093800Z,COMPLETED,EPISODE_TYPE_PUBLIC,-1,901.1126812146838,895.1419349334946,rurumi,MtN,54763039,1,840.4756860671587,854.9823864396875,replays\episode_86327601.json,True
54757713,86326058,2026-07-16T16:19:23.947342900Z,2026-07-16T16:21:37.877507500Z,COMPLETED,EPISODE_TYPE_PUBLIC,1,896.597528990795,901.1126812146838,rurumi,The Debauchery Tea Party,54760483,-1,867.5399729038428,862.0210141213005,replays\episode_86326058.json,True
54757713,86325261,2026-07-16T16:15:22.221157300Z,2026-07-16T16:17:52.441477800Z,COMPLETED,EPISODE_TYPE_PUBLIC,1,891.976396567137,896.597528990795,rurumi,sqrt4kaido,54762852,-1,868.2124343817915,857.5617199312161,replays\episode_86325261.json,True
54757713,86317792,2026-07-16T15:19:26.693865100Z,2026-07-16T15:21:37.557093300Z,COMPLETED,EPISODE_TYPE_PUBLIC,1,890.641199522061,891.976396567137,rurumi,KinpatsuPoke,54556578,-1,618.4794775892354,617.327041823978,replays\episode_86317792.json,True
54757713,86317175,2026-07-16T15:15:21.598252700Z,2026-07-16T15:17:30.294937700Z,COMPLETED,EPISODE_TYPE_PUBLIC,1,884.1125621649142,890.641199522061,rurumi,kokinnwakashuu,54760803,-1,948.6206633328775,938.6138562481677,replays\episode_86317175.json,True
54757713,86311951,2026-07-16T14:35:21.908814400Z,2026-07-16T14:37:36.364060800Z,COMPLETED,EPISODE_TYPE_PUBLIC,1,878.865120706538,884.1125621649142,rurumi,KL,54760820,-1,876.6473567021972,865.0159402660528,replays\episode_86311951.json,True
54757713,86305263,2026-07-16T13:43:21.687860800Z,2026-07-16T13:45:46.537441700Z,COMPLETED,EPISODE_TYPE_PUBLIC,-1,884.6163200978721,878.865120706538,rurumi,TA,54759039,1,870.254066006497,878.0991538072767,replays\episode_86305263.json,True
54757713,86300695,2026-07-16T13:07:21.347041100Z,2026-07-16T13:09:51.261733700Z,COMPLETED,EPISODE_TYPE_PUBLIC,-1,891.5896734033006,884.6163200978721,rurumi,Krizsó Gergely,54735774,1,829.4312933427597,834.9702733635132,replays\episode_86300695.json,True
54757713,86300144,2026-07-16T13:03:22.128256100Z,2026-07-16T13:05:52.243394800Z,COMPLETED,EPISODE_TYPE_PUBLIC,-1,898.5183837606431,891.5896734033006,rurumi,Casey,54625034,1,845.2743443711803,850.653072826636,replays\episode_86300144.json,True
54757713,86299621,2026-07-16T12:59:24.285596600Z,2026-07-16T13:01:42.915166300Z,COMPLETED,EPISODE_TYPE_PUBLIC,1,892.9242342573892,898.5183837606431,rurumi,jorge fabian avila,54401374,-1,879.1783350162125,874.9268314801046,replays\episode_86299621.json,True
54757713,86299094,2026-07-16T12:55:21.742071500Z,2026-07-16T12:57:35.312397600Z,COMPLETED,EPISODE_TYPE_PUBLIC,-1,900.448244307626,892.9242342573892,rurumi,r1ck.sync,53923738,1,835.5179831875723,841.0987055293633,replays\episode_86299094.json,True
54757713,86298555,2026-07-16T12:51:21.458514900Z,2026-07-16T12:53:49.949428400Z,COMPLETED,EPISODE_TYPE_PUBLIC,1,893.7308995031849,900.448244307626,rurumi,NuuNohjo,54531927,-1,917.6495477995478,912.7832600314139,replays\episode_86298555.json,True
54757713,86297961,2026-07-16T12:47:21.559373900Z,2026-07-16T12:49:35.454082400Z,COMPLETED,EPISODE_TYPE_PUBLIC,-1,900.7670367448599,893.7308995031849,rurumi,Nouzen,54248570,1,870.3247135735716,875.2992171196169,replays\episode_86297961.json,True
54757713,86297504,2026-07-16T12:43:22.506030900Z,2026-07-16T12:45:35.385770Z,COMPLETED,EPISODE_TYPE_PUBLIC,1,896.2747185355337,900.7670367448599,rurumi,mgn,54366283,-1,806.3139633363136,803.200890143035,replays\episode_86297504.json,True
54757713,86296987,2026-07-16T12:39:24.002859700Z,2026-07-16T12:41:52.047645600Z,COMPLETED,EPISODE_TYPE_PUBLIC,1,891.655364132479,896.2747185355337,rurumi,Justin Kimlim,54708011,-1,803.4222069836337,800.2860839223358,replays\episode_86296987.json,True
54757713,86296462,2026-07-16T12:35:21.346441500Z,2026-07-16T12:37:48.275672300Z,COMPLETED,EPISODE_TYPE_PUBLIC,1,886.0889031081598,891.655364132479,rurumi,matcha110,54732713,-1,836.8003999001147,833.1062214437617,replays\episode_86296462.json,True
54757713,86296402,2026-07-16T12:35:21.198716200Z,2026-07-16T12:37:44.865313900Z,COMPLETED,EPISODE_TYPE_PUBLIC,1,878.9951147883472,886.0889031081598,rurumi,5.5,54758362,-1,890.7539669632648,881.461858151803,replays\episode_86296402.json,True
54757713,86295925,2026-07-16T12:31:21.694759800Z,2026-07-16T12:33:37.270302500Z,COMPLETED,EPISODE_TYPE_PUBLIC,-1,886.8152409652903,878.9951147883472,rurumi,tetsu2131,54189751,1,858.5827558807077,863.5077603156884,replays\episode_86295925.json,True
54757713,86295411,2026-07-16T12:27:21.243822500Z,2026-07-16T12:29:40.982321Z,COMPLETED,EPISODE_TYPE_PUBLIC,1,880.3675172184261,886.8152409652903,rurumi,哈基米南北绿豆,54756877,-1,849.6627336794887,844.7030515620237,replays\episode_86295411.json,True
54757713,86294889,2026-07-16T12:23:21.711851900Z,2026-07-16T12:25:40.102205800Z,COMPLETED,EPISODE_TYPE_PUBLIC,-1,888.4505618751069,880.3675172184261,rurumi,john jiang zhifeng,54710218,1,865.833315676912,870.6580759767191,replays\episode_86294889.json,True
54757713,86294373,2026-07-16T12:19:24.954613700Z,2026-07-16T12:21:56.540805300Z,COMPLETED,EPISODE_TYPE_PUBLIC,-1,898.0419607336582,888.4505618751069,rurumi,Binghui Xu,54755807,1,831.6205647789462,838.6858734532801,replays\episode_86294373.json,True
54757713,86293819,2026-07-16T12:15:24.120013300Z,2026-07-16T12:17:59.444972Z,COMPLETED,EPISODE_TYPE_PUBLIC,1,892.3071785287792,898.0419607336582,rurumi,Albert Wang,54090221,-1,811.9353692254706,808.697989336503,replays\episode_86293819.json,True
54757713,86293689,2026-07-16T12:15:23.877103400Z,2026-07-16T12:17:55.996235500Z,COMPLETED,EPISODE_TYPE_PUBLIC,1,884.6416156872455,892.3071785287792,rurumi,MR.h,54759393,-1,884.6625182754904,861.6165113697947,replays\episode_86293689.json,True
54757713,86293848,2026-07-16T12:15:24.193032500Z,2026-07-16T12:17:34.464312300Z,COMPLETED,EPISODE_TYPE_PUBLIC,-1,892.5312267117736,884.6416156872455,rurumi,sea8gull,54757353,1,905.2142475037795,911.8850453814772,replays\episode_86293848.json,True
54757713,86293299,2026-07-16T12:11:21.624977100Z,2026-07-16T12:13:50.046048600Z,COMPLETED,EPISODE_TYPE_PUBLIC,-1,903.3047972956906,892.5312267117736,rurumi,LinZihanAdam,54672523,1,837.0765449846755,842.6296845210619,replays\episode_86293299.json,True
54757713,86292781,2026-07-16T12:07:21.022725Z,2026-07-16T12:09:47.595462200Z,COMPLETED,EPISODE_TYPE_PUBLIC,1,895.3822467977573,903.3047972956906,rurumi,Aikimi,54757896,-1,867.6389607490701,860.2325512488255,replays\episode_86292781.json,True
54757713,86292272,2026-07-16T12:03:21.226558200Z,2026-07-16T12:08:48.070480500Z,COMPLETED,EPISODE_TYPE_PUBLIC,1,888.1455969417499,895.3822467977573,rurumi,Cem Orhan,54659854,-1,827.6785745232896,824.1678899524269,replays\episode_86292272.json,True
54757713,86291748,2026-07-16T11:59:25.597936100Z,2026-07-16T12:01:49.762733700Z,COMPLETED,EPISODE_TYPE_PUBLIC,-1,897.5184058719749,888.1455969417499,rurumi,zzholo,54634487,1,899.6968803670045,904.0893084785653,replays\episode_86291748.json,True
54757713,86291240,2026-07-16T11:55:21.251627800Z,2026-07-16T11:57:34.524316400Z,COMPLETED,EPISODE_TYPE_PUBLIC,1,885.5949660395132,897.5184058719749,rurumi,Bocchieri Alberto,54688766,-1,942.836249271033,937.462556174613,replays\episode_86291240.json,True
54757713,86290921,2026-07-16T11:51:22.090591200Z,2026-07-16T11:53:42.515608400Z,COMPLETED,EPISODE_TYPE_PUBLIC,1,875.5580424824531,885.5949660395132,rurumi,Seiyo,54755603,-1,872.7339586095708,867.2761719210632,replays\episode_86290921.json,True
54757713,86290709,2026-07-16T11:51:21.733980500Z,2026-07-16T11:53:33.254806300Z,COMPLETED,EPISODE_TYPE_PUBLIC,-1,886.0542373421952,875.5580424824531,rurumi,gecogeco,54753654,1,887.3028189892149,892.2149310449914,replays\episode_86290709.json,True
54757713,86290190,2026-07-16T11:47:21.928942600Z,2026-07-16T11:49:44.321654Z,COMPLETED,EPISODE_TYPE_PUBLIC,-1,894.5229567427915,886.0542373421952,rurumi,fuga doggo,54754492,1,960.598863314192,964.2071042005929,replays\episode_86290190.json,True
54757713,86289672,2026-07-16T11:43:21.253353600Z,2026-07-16T11:45:51.973252700Z,COMPLETED,EPISODE_TYPE_PUBLIC,-1,909.6059623670039,894.5229567427915,rurumi,yamamon,54596242,1,825.8322772092506,831.6367891035935,replays\episode_86289672.json,True
54757713,86289156,2026-07-16T11:39:23.912872900Z,2026-07-16T11:42:45.573150100Z,COMPLETED,EPISODE_TYPE_PUBLIC,1,900.4923601959762,909.6059623670039,rurumi,tokimashita,54493693,-1,831.8785000963221,828.5034931956204,replays\episode_86289156.json,True
54757713,86288643,2026-07-16T11:35:21.794061200Z,2026-07-16T11:37:42.198308700Z,COMPLETED,EPISODE_TYPE_PUBLIC,1,890.3575046362547,900.4923601959762,rurumi,NSK,54676597,-1,837.980195986183,834.3788183809432,replays\episode_86288643.json,True
54757713,86288117,2026-07-16T11:31:22.223355800Z,2026-07-16T11:33:44.995012200Z,COMPLETED,EPISODE_TYPE_PUBLIC,-1,906.5119604108904,890.3575046362547,rurumi,datawizardd,54381545,1,841.3837520139084,846.8331935644344,replays\episode_86288117.json,True
54757713,86287594,2026-07-16T11:27:21.624626300Z,2026-07-16T11:29:46.344039400Z,COMPLETED,EPISODE_TYPE_PUBLIC,1,891.0343350495314,906.5119604108904,rurumi,yuki0202,54718280,-1,927.2634251608469,922.3102340974838,replays\episode_86287594.json,True
54757713,86287070,2026-07-16T11:23:26.800560Z,2026-07-16T11:25:39.963315900Z,COMPLETED,EPISODE_TYPE_PUBLIC,1,878.3790549577471,891.0343350495314,rurumi,Kakimoto Takahiro,54108675,-1,844.6341303964023,840.7796824209049,replays\episode_86287070.json,True
54757713,86286558,2026-07-16T11:19:27.695617800Z,2026-07-16T11:21:54.896342900Z,COMPLETED,EPISODE_TYPE_PUBLIC,1,864.5921147748576,878.3790549577471,rurumi,hayle60,54638698,-1,840.0471144892333,836.0641949696594,replays\episode_86286558.json,True
54757713,86286038,2026-07-16T11:15:21.598518Z,2026-07-16T11:18:07.749553Z,COMPLETED,EPISODE_TYPE_PUBLIC,1,861.2729923357222,864.5921147748576,rurumi,齋藤壮汰,53932917,-1,554.245122776634,553.3080161401316,replays\episode_86286038.json,True
54757713,86285514,2026-07-16T11:11:21.731314Z,2026-07-16T11:13:40.546649800Z,COMPLETED,EPISODE_TYPE_PUBLIC,-1,879.4214542537405,861.2729923357222,rurumi,Battle Data Base,54657041,1,849.1394190939174,853.9536697688521,replays\episode_86285514.json,True
54757713,86284988,2026-07-16T11:07:21.452067700Z,2026-07-16T11:09:55.097262700Z,COMPLETED,EPISODE_TYPE_PUBLIC,-1,899.2725140132083,879.4214542537405,rurumi,DiuDiu,54635138,1,861.0886187567344,866.0127582113641,replays\episode_86284988.json,True
54757713,86284465,2026-07-16T11:03:22.189858500Z,2026-07-16T11:05:44.969413Z,COMPLETED,EPISODE_TYPE_PUBLIC,-1,917.516928721551,899.2725140132083,rurumi,NuuNohjo,54531927,1,922.7374783155235,926.9697375668115,replays\episode_86284465.json,True
54757713,86283948,2026-07-16T10:59:25.725393Z,2026-07-16T11:02:04.490718900Z,COMPLETED,EPISODE_TYPE_PUBLIC,-1,936.090618938819,917.516928721551,rurumi,hirune924,54385366,1,954.8121212312715,958.8296906272634,replays\episode_86283948.json,True
54757713,86283423,2026-07-16T10:55:20.901580200Z,2026-07-16T10:57:34.346481600Z,COMPLETED,EPISODE_TYPE_PUBLIC,1,919.6157378412207,936.090618938819,rurumi,AEONcorridor,54405501,-1,852.425889692141,849.0971198824693,replays\episode_86283423.json,True
54757713,86282903,2026-07-16T10:51:21.027219800Z,2026-07-16T10:55:57.544319600Z,COMPLETED,EPISODE_TYPE_PUBLIC,1,896.6560469384938,919.6157378412207,rurumi,Olegolas1,54587351,-1,897.4985461002034,893.2286956670521,replays\episode_86282903.json,True
54757713,86282379,2026-07-16T10:47:21.192059500Z,2026-07-16T10:49:43.584274200Z,COMPLETED,EPISODE_TYPE_PUBLIC,-1,922.6706954206277,896.6560469384938,rurumi,BluesLeeTW,54752095,1,909.9428888689106,914.7743622797029,replays\episode_86282379.json,True
54757713,86281862,2026-07-16T10:43:20.927455100Z,2026-07-16T10:45:50.110113700Z,COMPLETED,EPISODE_TYPE_PUBLIC,1,898.3449099553632,922.6706954206277,rurumi,XP3RiX,54422319,-1,866.8721362753673,863.1104077118467,replays\episode_86281862.json,True
54757713,86281333,2026-07-16T10:39:24.510829400Z,2026-07-16T10:42:02.511222100Z,COMPLETED,EPISODE_TYPE_PUBLIC,1,875.5587753094718,898.3449099553632,rurumi,unknown,54453928,-1,803.5660905603256,800.357765348848,replays\episode_86281333.json,True
54757713,86280801,2026-07-16T10:35:21.964948700Z,2026-07-16T10:37:48.984995400Z,COMPLETED,EPISODE_TYPE_PUBLIC,-1,910.0466680976044,875.5587753094718,rurumi,Pokémon-team17,54755252,1,896.5966969709527,902.1997392248603,replays\episode_86280801.json,True
54757713,86280283,2026-07-16T10:31:21.247920500Z,2026-07-16T10:33:34.403688700Z,COMPLETED,EPISODE_TYPE_PUBLIC,1,904.6775385280403,910.0466680976044,rurumi,takumayellow,54708062,-1,532.8487632572584,532.0613138775724,replays\episode_86280283.json,True
54757713,86279750,2026-07-16T10:27:20.881341100Z,2026-07-16T10:29:42.269912500Z,COMPLETED,EPISODE_TYPE_PUBLIC,1,883.4838767396932,904.6775385280403,rurumi,tereka,54705840,-1,735.5339851369208,733.2279597855229,replays\episode_86279750.json,True
54757713,86279220,2026-07-16T10:23:17.399314500Z,2026-07-16T10:25:39.177658900Z,COMPLETED,EPISODE_TYPE_PUBLIC,-1,936.3653570825336,883.4838767396932,rurumi,jorge fabian avila,54401374,1,873.6086007080543,878.475551316948,replays\episode_86279220.json,True
54757713,86278699,2026-07-16T10:19:22.114777400Z,2026-07-16T10:24:06.822091600Z,COMPLETED,EPISODE_TYPE_PUBLIC,-1,994.2302094855584,936.3653570825336,rurumi,mutualns,54734826,1,956.3505534263828,960.7562685585234,replays\episode_86278699.json,True
54757713,86278174,2026-07-16T10:15:18.179683300Z,2026-07-16T10:17:30.940474100Z,COMPLETED,EPISODE_TYPE_PUBLIC,1,940.6566449749796,994.2302094855584,rurumi,Michael Krager,53900795,-1,900.314571365838,896.9662235839269,replays\episode_86278174.json,True
54757713,86277656,2026-07-16T10:11:18.235187400Z,2026-07-16T10:13:37.976417100Z,COMPLETED,EPISODE_TYPE_PUBLIC,1,876.6903608142345,940.6566449749796,rurumi,齐乐,54751098,-1,837.3607782811898,833.5366556135917,replays\episode_86277656.json,True
54757713,86277145,2026-07-16T10:07:17.954110500Z,2026-07-16T10:09:35.144427600Z,COMPLETED,EPISODE_TYPE_PUBLIC,1,783.7245764681664,876.6903608142345,rurumi,Samuel Verneri Ojala,53752354,-1,818.6956056618537,814.7550144568734,replays\episode_86277145.json,True
54757713,86276619,2026-07-16T10:03:17.375252700Z,2026-07-16T10:05:46.522311400Z,COMPLETED,EPISODE_TYPE_PUBLIC,1,696.4444842294589,783.7245764681664,rurumi,Shigu Marimo,54523297,-1,662.1709278697473,659.0469508648556,replays\episode_86276619.json,True
54757713,86276097,2026-07-16T09:59:21.039040500Z,2026-07-16T10:01:53.979046100Z,COMPLETED,EPISODE_TYPE_PUBLIC,1,600,696.4444842294589,rurumi,Heros,54296451,-1,557.1035320230145,554.1499196934873,replays\episode_86276097.json,True
54757713,86275463,2026-07-16T09:53:03.418446Z,2026-07-16T09:55:18.879757800Z,COMPLETED,EPISODE_TYPE_VALIDATION,1,,600,rurumi,rurumi,54757713,-1,,600,replays\episode_86275463.json,True
54927163,88700377,2026-07-28T23:43:28.323079400Z,2026-07-28T23:44:06.137256600Z,COMPLETED,EPISODE_TYPE_PUBLIC,-1,823.9523276769912,819.9162786604211,rurumi,Shota Hirao,55030820,1,852.2899306678747,856.3259796844449,replays\episode_88700377.json,True
54927163,88691801,2026-07-28T22:31:28.264937600Z,2026-07-28T22:32:02.533901300Z,COMPLETED,EPISODE_TYPE_PUBLIC,-1,827.7389880312787,823.9523276769912,rurumi,Ewart ML,54987219,1,872.2011750323626,875.9878353866501,replays\episode_88691801.json,True
54927163,88688484,2026-07-28T22:03:28.228789900Z,2026-07-28T22:04:01.622461700Z,COMPLETED,EPISODE_TYPE_PUBLIC,1,826.0972390983836,827.7389880312787,rurumi,junhyeokFP,54638952,-1,610.6473811232089,609.0056321903138,replays\episode_88688484.json,True
54927163,88684372,2026-07-28T21:27:28.543264400Z,2026-07-28T21:28:03.823889700Z,COMPLETED,EPISODE_TYPE_PUBLIC,1,821.0283640789984,826.0972390983836,rurumi,f,55059467,-1,856.187459418462,849.9853388167572,replays\episode_88684372.json,True
54927163,88683180,2026-07-28T21:19:30.633287500Z,2026-07-28T21:20:12.263797200Z,COMPLETED,EPISODE_TYPE_PUBLIC,1,816.6185743955642,821.0283640789984,rurumi,GuerillaMoon,55064614,-1,836.5477978679941,800.8183831187737,replays\episode_88683180.json,True
54927163,88683394,2026-07-28T21:19:30.940697Z,2026-07-28T21:20:02.515823900Z,COMPLETED,EPISODE_TYPE_PUBLIC,-1,821.7879975888301,816.6185743955642,rurumi,车嘉宁（Mr-Car）,55014093,1,781.782600202942,786.9520233962079,replays\episode_88683394.json,True
54927163,88669861,2026-07-28T19:17:24.700267500Z,2026-07-28T19:18:16.228303200Z,COMPLETED,EPISODE_TYPE_PUBLIC,-1,825.8807714169828,821.7879975888301,rurumi,u2,55060169,1,849.0812959589313,855.2426765991192,replays\episode_88669861.json,True
54927163,88661788,2026-07-28T18:09:25.212490600Z,2026-07-28T18:10:17.078308Z,COMPLETED,EPISODE_TYPE_PUBLIC,1,820.7209632817022,825.8807714169828,rurumi,【ＡＩと共に、ＡＩと戦う】tubotu,55061502,-1,892.0632566154653,849.5770204467393,replays\episode_88661788.json,True
54927163,88661318,2026-07-28T18:05:26.036306900Z,2026-07-28T18:06:02.439555700Z,COMPLETED,EPISODE_TYPE_PUBLIC,-1,823.5888200093009,820.7209632817022,rurumi,tamakiken_OB,55061320,1,919.4419537940156,946.8013874623052,replays\episode_88661318.json,True
54927163,88660007,2026-07-28T17:53:46.742337300Z,2026-07-28T17:54:24.899258800Z,COMPLETED,EPISODE_TYPE_PUBLIC,-1,827.9651821636166,823.5888200093009,rurumi,Skyraider,55060369,1,825.3265283504758,842.0933910443981,replays\episode_88660007.json,True
54927163,88655752,2026-07-28T17:15:46.855277100Z,2026-07-28T17:16:19.234314200Z,COMPLETED,EPISODE_TYPE_PUBLIC,-1,832.084418548293,827.9651821636166,rurumi,Decision Treecko,55060395,1,830.7785257898661,866.7022644915925,replays\episode_88655752.json,True
54927163,88651183,2026-07-28T16:35:23.257189600Z,2026-07-28T16:36:07.286862300Z,COMPLETED,EPISODE_TYPE_PUBLIC,1,827.1860233527709,832.084418548293,rurumi,Troy_xx,55057489,-1,855.4861707681777,845.7137151901659,replays\episode_88651183.json,True
54927163,88643491,2026-07-28T15:26:45.271363800Z,2026-07-28T15:27:20.488963700Z,COMPLETED,EPISODE_TYPE_PUBLIC,-1,832.1101289396597,827.1860233527709,rurumi,Help-Computa,55056978,1,797.2899314635838,813.1146641797126,replays\episode_88643491.json,True
54927163,88632705,2026-07-28T13:54:51.119532700Z,2026-07-28T13:55:26.975510300Z,COMPLETED,EPISODE_TYPE_PUBLIC,1,828.1636413908438,832.1101289396597,rurumi,Benjamin Zhao3927,53881533,-1,794.0891909472123,790.1427033983964,replays\episode_88632705.json,True
54927163,88614404,2026-07-28T11:22:46.679278600Z,2026-07-28T11:23:37.405194700Z,COMPLETED,EPISODE_TYPE_PUBLIC,-1,831.8530128333196,828.1636413908438,rurumi,控制一些扫福瑞,55052118,1,874.6832631808895,890.0183999926004,replays\episode_88614404.json,True
54927163,88613615,2026-07-28T11:14:47.367229600Z,2026-07-28T11:15:31.617425100Z,COMPLETED,EPISODE_TYPE_PUBLIC,-1,837.8171422555258,831.8530128333196,rurumi,shibuyaboy,54521658,1,753.4873959540306,759.4515253762369,replays\episode_88613615.json,True
54927163,88602602,2026-07-28T09:42:46.615872900Z,2026-07-28T09:43:32.009912200Z,COMPLETED,EPISODE_TYPE_PUBLIC,-1,841.542178402158,837.8171422555258,rurumi,Unreal Drip,55049301,1,884.1018151261741,896.4130885651814,replays\episode_88602602.json,True
54927163,88589778,2026-07-28T07:54:51.682326Z,2026-07-28T07:55:31.927945600Z,COMPLETED,EPISODE_TYPE_PUBLIC,1,837.33208850875,841.542178402158,rurumi,Денис,55047640,-1,830.3792724914774,812.5608888281745,replays\episode_88589778.json,True
54927163,88587335,2026-07-28T07:34:47.521179Z,2026-07-28T07:35:20.618991500Z,COMPLETED,EPISODE_TYPE_PUBLIC,-1,842.2735340151607,837.33208850875,rurumi,mamematcha,55047420,1,796.7421382379455,824.1217217685538,replays\episode_88587335.json,True
54927163,88584180,2026-07-28T07:06:46.853498Z,2026-07-28T07:07:36.853173100Z,COMPLETED,EPISODE_TYPE_PUBLIC,-1,846.1910579772313,842.2735340151607,rurumi,DON,55044758,1,880.9313910625453,886.5253380421616,replays\episode_88584180.json,True
54927163,88579549,2026-07-28T06:26:47.878182Z,2026-07-28T06:27:44.027898800Z,COMPLETED,EPISODE_TYPE_PUBLIC,1,842.3357842922184,846.1910579772313,rurumi,Nikita Babych,55006604,-1,802.357283735678,798.5020100506651,replays\episode_88579549.json,True
54927163,88571937,2026-07-28T05:26:47.236137900Z,2026-07-28T05:27:30.822740900Z,COMPLETED,EPISODE_TYPE_PUBLIC,1,837.5919311452042,842.3357842922184,rurumi,Hiro Nomo,55043871,-1,856.0152456784771,847.2518808860281,replays\episode_88571937.json,True
54927163,88565866,2026-07-28T04:38:48.548820500Z,2026-07-28T04:39:30.557011600Z,COMPLETED,EPISODE_TYPE_PUBLIC,1,832.7009034314897,837.5919311452042,rurumi,arai9953,55043547,-1,862.9917810461138,850.2920221591178,replays\episode_88565866.json,True
54927163,88563380,2026-07-28T04:18:47.005424600Z,2026-07-28T04:19:26.599657900Z,COMPLETED,EPISODE_TYPE_PUBLIC,-1,836.2985587259554,832.7009034314897,rurumi,lll,55042577,1,890.8331490691584,898.1446586810858,replays\episode_88563380.json,True
54927163,88562299,2026-07-28T04:10:46.649563800Z,2026-07-28T04:11:36.477896600Z,COMPLETED,EPISODE_TYPE_PUBLIC,1,831.5146993783505,836.2985587259554,rurumi,Hiro Nomo,55043871,-1,860.9438435890277,841.6434287918827,replays\episode_88562299.json,True
54927163,88555397,2026-07-28T03:14:46.771135400Z,2026-07-28T03:18:00.412537900Z,COMPLETED,EPISODE_TYPE_PUBLIC,1,827.8576460161189,831.5146993783505,rurumi,Ikeda0516,55042023,-1,779.3336064726772,769.0514656335199,replays\episode_88555397.json,True
54927163,88543447,2026-07-28T01:42:38.821064900Z,2026-07-28T01:43:13.655319900Z,COMPLETED,EPISODE_TYPE_PUBLIC,1,824.6393398435589,827.8576460161189,rurumi,S,55041963,-1,772.5732879700586,721.0803892090994,replays\episode_88543447.json,True
54927163,88535913,2026-07-28T00:46:38.720065100Z,2026-07-28T00:47:39.118340400Z,COMPLETED,EPISODE_TYPE_PUBLIC,1,818.53359086434,824.6393398435589,rurumi,pokemon,55030534,-1,910.7503801459278,904.3881269109341,replays\episode_88535913.json,True
54927163,88527053,2026-07-27T23:46:42.041260800Z,2026-07-27T23:47:24.368751900Z,COMPLETED,EPISODE_TYPE_PUBLIC,1,814.9076217130325,818.53359086434,rurumi,Misha Shikhov,54899061,-1,759.7939117120643,756.1679425607568,replays\episode_88527053.json,True
54927163,88509934,2026-07-27T21:41:01.003119800Z,2026-07-27T21:41:32.818881400Z,COMPLETED,EPISODE_TYPE_PUBLIC,-1,820.6086353026866,814.9076217130325,rurumi,Ayanokoji Fan Club,55037674,1,734.6633858146853,758.6398142400525,replays\episode_88509934.json,True
54927163,88507294,2026-07-27T21:21:02.037653500Z,2026-07-27T21:22:26.708698900Z,COMPLETED,EPISODE_TYPE_PUBLIC,-1,825.1558694733701,820.6086353026866,rurumi,Emre Cirak,55037047,1,814.3230836802118,828.2336107211505,replays\episode_88507294.json,True
54927163,88499767,2026-07-27T20:21:45.609065900Z,2026-07-27T20:22:14.839833800Z,COMPLETED,EPISODE_TYPE_PUBLIC,-1,829.806720977817,825.1558694733701,rurumi,keteru,54909694,1,820.1897576351142,824.8406091395611,replays\episode_88499767.json,True
54927163,88485817,2026-07-27T18:25:08.247452600Z,2026-07-27T18:25:45.324030600Z,COMPLETED,EPISODE_TYPE_PUBLIC,-1,834.7628320737293,829.806720977817,rurumi,Tatsuya Goto,55034306,1,798.9294622805744,813.7291355124462,replays\episode_88485817.json,True
54927163,88483727,2026-07-27T18:09:04.581192100Z,2026-07-27T18:09:53.436420900Z,COMPLETED,EPISODE_TYPE_PUBLIC,1,829.0294993669197,834.7628320737293,rurumi,Benarg,55033888,-1,911.5916594047569,893.471616627964,replays\episode_88483727.json,True
54927163,88482123,2026-07-27T17:57:05.796674500Z,2026-07-27T17:57:43.351552800Z,COMPLETED,EPISODE_TYPE_PUBLIC,1,824.3188258515156,829.0294993669197,rurumi,Ni123456&,55033963,-1,846.4190131583784,830.728034895883,replays\episode_88482123.json,False
54927163,88479736,2026-07-27T17:37:04.963847700Z,2026-07-27T17:37:46.343700900Z,COMPLETED,EPISODE_TYPE_PUBLIC,-1,828.0994721686504,824.3188258515156,rurumi,Nobu Kimura,54964520,1,872.9564480569386,876.7370943740734,replays\episode_88479736.json,True
54927163,88457867,2026-07-27T14:53:04.594757300Z,2026-07-27T14:53:43.546925800Z,COMPLETED,EPISODE_TYPE_PUBLIC,-1,832.3943581263608,828.0994721686504,rurumi,田原,55030208,1,836.0984820612864,851.2369511412893,replays\episode_88457867.json,True
54927163,88454146,2026-07-27T14:25:04.352991900Z,2026-07-27T14:26:00.497588800Z,COMPLETED,EPISODE_TYPE_PUBLIC,-1,840.3008999983698,832.3943581263608,rurumi,Shake912,55029722,1,635.409490485938,664.8991409439569,replays\episode_88454146.json,True
54927163,88443760,2026-07-27T13:05:02.893916900Z,2026-07-27T13:05:38.138403900Z,COMPLETED,EPISODE_TYPE_PUBLIC,1,836.6788600318807,840.3008999983698,rurumi,Yuzuki,53787873,-1,781.3019458797824,777.6799059132933,replays\episode_88443760.json,True
54927163,88425777,2026-07-27T10:49:03.203327900Z,2026-07-27T10:49:50.885773200Z,COMPLETED,EPISODE_TYPE_PUBLIC,1,831.5608147670619,836.6788600318807,rurumi,RamenBoy,55022967,-1,871.66953234078,862.9062346417765,replays\episode_88425777.json,True
54927163,88417236,2026-07-27T09:45:07.546363100Z,2026-07-27T09:46:03.853099200Z,COMPLETED,EPISODE_TYPE_PUBLIC,-1,834.6789219245893,831.5608147670619,rurumi,Orion,55024406,1,906.6567657220631,940.2937580147978,replays\episode_88417236.json,True
54927163,88411737,2026-07-27T09:01:06.287930700Z,2026-07-27T09:01:38.989280Z,COMPLETED,EPISODE_TYPE_PUBLIC,-1,838.7179927094226,834.6789219245893,rurumi,suk1yak1,54980146,1,866.8630471737061,870.9021179585394,replays\episode_88411737.json,True
54927163,88401321,2026-07-27T07:41:06.299773600Z,2026-07-27T07:42:15.313998Z,COMPLETED,EPISODE_TYPE_PUBLIC,-1,843.0927207392368,838.7179927094226,rurumi,Roman Stupin,55002291,1,850.1129144735361,854.643881449724,replays\episode_88401321.json,True
54927163,88399026,2026-07-27T07:24:57.365670Z,2026-07-27T07:31:27.674169500Z,COMPLETED,EPISODE_TYPE_PUBLIC,-1,847.0675596705128,843.0927207392368,rurumi,OSELCOUN,55019091,1,875.7183868002969,884.6398524168495,replays\episode_88399026.json,True
54927163,88399550,2026-07-27T07:29:01.097100800Z,2026-07-27T07:29:45.542913600Z,COMPLETED,EPISODE_TYPE_PUBLIC,1,841.6043456763674,847.0675596705128,rurumi,Kyoungwon Jeong,55019306,-1,903.7444204416041,891.9361850883924,replays\episode_88399550.json,True
54927163,88397927,2026-07-27T07:16:57.155291200Z,2026-07-27T07:17:40.782968Z,COMPLETED,EPISODE_TYPE_PUBLIC,1,835.5974161734836,841.6043456763674,rurumi,DeeSaa,55020059,-1,938.9023833797252,914.1910850047133,replays\episode_88397927.json,True
54927163,88397067,2026-07-27T07:08:57.806156200Z,2026-07-27T07:10:54.021526Z,COMPLETED,EPISODE_TYPE_PUBLIC,1,831.2232081988851,835.5974161734836,rurumi,kmizunoster,55018268,-1,825.5774665550692,819.2303582561291,replays\episode_88397067.json,True
54927163,88396015,2026-07-27T07:00:59.531431500Z,2026-07-27T07:01:58.430823Z,COMPLETED,EPISODE_TYPE_PUBLIC,1,826.2223211521149,831.2232081988851,rurumi,ばう,55017876,-1,858.4278926892773,851.0962572074344,replays\episode_88396015.json,True
54927163,88395799,2026-07-27T07:00:59.125935900Z,2026-07-27T07:01:46.567265Z,COMPLETED,EPISODE_TYPE_PUBLIC,-1,829.9170825476399,826.2223211521149,rurumi,Yudai Ueno,55020438,1,858.4167938103948,893.1143399367874,replays\episode_88395799.json,True
54927163,88391698,2026-07-27T06:28:58.095200600Z,2026-07-27T06:29:30.598114800Z,COMPLETED,EPISODE_TYPE_PUBLIC,-1,834.4445650476608,829.9170825476399,rurumi,ばう,55017872,1,830.0574679971171,837.3733646958332,replays\episode_88391698.json,True
54927163,88389000,2026-07-27T06:08:56.965933800Z,2026-07-27T06:09:35.184989300Z,COMPLETED,EPISODE_TYPE_PUBLIC,-1,838.8799347998906,834.4445650476608,rurumi,Dreamer,55018080,1,838.1821365195575,847.8823790762948,replays\episode_88389000.json,True
54927163,88385805,2026-07-27T05:44:56.872103200Z,2026-07-27T05:45:31.776038Z,COMPLETED,EPISODE_TYPE_PUBLIC,1,835.5805330594175,838.8799347998906,rurumi,BULBUL2DAO,55018502,-1,763.051394184478,751.680596960321,replays\episode_88385805.json,True
54927163,88385224,2026-07-27T05:41:04.661695400Z,2026-07-27T05:42:00.187337700Z,COMPLETED,EPISODE_TYPE_PUBLIC,-1,839.433026907564,835.5805330594175,rurumi,doctorw,55018963,1,862.4072481545519,889.8993873824121,replays\episode_88385224.json,True
54927163,88385256,2026-07-27T05:41:04.704796100Z,2026-07-27T05:41:49.941166400Z,COMPLETED,EPISODE_TYPE_PUBLIC,1,834.7245216544851,839.433026907564,rurumi,CoorDi,55018550,-1,860.2114358369031,840.2274685397491,replays\episode_88385256.json,True
54927163,88383347,2026-07-27T05:24:57.880503700Z,2026-07-27T05:25:33.461830900Z,COMPLETED,EPISODE_TYPE_PUBLIC,1,830.7914959940955,834.7245216544851,rurumi,AURORA,55016756,-1,797.3348406596884,791.3379038355495,replays\episode_88383347.json,True
54927163,88381215,2026-07-27T05:08:57.016824900Z,2026-07-27T05:09:44.585215600Z,COMPLETED,EPISODE_TYPE_PUBLIC,1,826.0194481661907,830.7914959940955,rurumi,mtskggle,55016925,-1,846.4085805402369,837.2696515641774,replays\episode_88381215.json,True
54927163,88371644,2026-07-27T03:56:26.759688100Z,2026-07-27T03:57:07.552788900Z,COMPLETED,EPISODE_TYPE_PUBLIC,1,822.7784035143533,826.0194481661907,rurumi,ryusei,55017416,-1,761.2895367676275,726.2028709128726,replays\episode_88371644.json,True
54927163,88367994,2026-07-27T03:28:33.765496200Z,2026-07-27T03:29:03.696224500Z,COMPLETED,EPISODE_TYPE_PUBLIC,-1,826.9508041206637,822.7784035143533,rurumi,monnosuke,55016547,1,832.0446233908075,855.3602924771996,replays\episode_88367994.json,True
54927163,88357830,2026-07-27T02:08:27.761305900Z,2026-07-27T02:09:05.106141900Z,COMPLETED,EPISODE_TYPE_PUBLIC,1,821.7163188519537,826.9508041206637,rurumi,Kurokawa,55012643,-1,867.4866217472991,859.8386576108911,replays\episode_88357830.json,True
54927163,88356203,2026-07-27T01:56:29.229581200Z,2026-07-27T01:57:04.932470800Z,COMPLETED,EPISODE_TYPE_PUBLIC,-1,827.7183707086225,821.7163188519537,rurumi,Team_Rocket,55013135,1,736.2158259577949,747.9861262685979,replays\episode_88356203.json,True
54927163,88338429,2026-07-26T23:40:33.946393500Z,2026-07-26T23:41:03.641747400Z,COMPLETED,EPISODE_TYPE_PUBLIC,-1,833.3843467876856,827.7183707086225,rurumi,Yamin Hossain,54391632,1,765.4028003984266,771.0687764774897,replays\episode_88338429.json,True
54927163,88323824,2026-07-26T21:48:28.103439800Z,2026-07-26T21:49:07.360652700Z,COMPLETED,EPISODE_TYPE_PUBLIC,-1,838.6535796539338,833.3843467876856,rurumi,⸻AgentZZ ⸻,54840037,1,792.9433747467602,798.2126076130085,replays\episode_88323824.json,True
54927163,88309008,2026-07-26T19:56:27.158354800Z,2026-07-26T19:57:01.767972800Z,COMPLETED,EPISODE_TYPE_PUBLIC,1,832.7099250418751,838.6535796539338,rurumi,Banjo,55007694,-1,920.1994518096747,909.4230404844496,replays\episode_88309008.json,True
54927163,88293552,2026-07-26T17:56:27.326795100Z,2026-07-26T17:57:05.572671700Z,COMPLETED,EPISODE_TYPE_PUBLIC,1,828.9422688435272,832.7099250418751,rurumi,Shubham Phapale,55003110,-1,784.9500302909471,778.7096984723734,replays\episode_88293552.json,True
54927163,88272191,2026-07-26T15:16:28.632649300Z,2026-07-26T15:17:23.015731500Z,COMPLETED,EPISODE_TYPE_PUBLIC,-1,833.0919877289682,828.9422688435272,rurumi,less,55003120,1,846.2725676088257,860.9643654243268,replays\episode_88272191.json,True
54927163,88252126,2026-07-26T12:44:24.639349800Z,2026-07-26T12:44:58.385455600Z,COMPLETED,EPISODE_TYPE_PUBLIC,1,828.758179688223,833.0919877289682,rurumi,FlameZywoo,54999257,-1,825.8443337085537,812.7949475512222,replays\episode_88252126.json,True
54927163,88247531,2026-07-26T12:08:24.862570700Z,2026-07-26T12:08:57.625439800Z,COMPLETED,EPISODE_TYPE_PUBLIC,-1,832.0284558708653,828.758179688223,rurumi,Haumea,54958396,1,911.5541026872497,914.824378869892,replays\episode_88247531.json,True
54927163,88246735,2026-07-26T12:04:24.491340300Z,2026-07-26T12:05:12.916853100Z,COMPLETED,EPISODE_TYPE_PUBLIC,1,829.4588094792146,832.0284558708653,rurumi,qb,54999891,-1,710.2010907838534,678.7715330133782,replays\episode_88246735.json,True
54927163,88244115,2026-07-26T11:44:24.090222Z,2026-07-26T11:45:01.950667200Z,COMPLETED,EPISODE_TYPE_PUBLIC,-1,835.2674087862845,829.4588094792146,rurumi,AmadeusAN,54998671,1,743.0852472970217,767.4230053148005,replays\episode_88244115.json,False
54927163,88242194,2026-07-26T11:28:26.333649200Z,2026-07-26T11:29:11.864196500Z,COMPLETED,EPISODE_TYPE_PUBLIC,-1,839.1330567765253,835.2674087862845,rurumi,fuga doggo,54996171,1,877.0755426120461,882.8595765549742,replays\episode_88242194.json,True
54927163,88239598,2026-07-26T11:08:24.708375700Z,2026-07-26T11:08:56.962314900Z,COMPLETED,EPISODE_TYPE_PUBLIC,1,834.9479511483908,839.1330567765253,rurumi,keiichi11,54452543,-1,816.0326043967001,811.8474987685655,replays\episode_88239598.json,True
54927163,88232035,2026-07-26T10:12:25.829863800Z,2026-07-26T10:13:07.356225700Z,COMPLETED,EPISODE_TYPE_PUBLIC,-1,839.6594224459525,834.9479511483908,rurumi,sliver,54996376,1,818.3067640023544,833.0240783401609,replays\episode_88232035.json,True
54927163,88225916,2026-07-26T09:23:56.716762400Z,2026-07-26T09:24:30.569902200Z,COMPLETED,EPISODE_TYPE_PUBLIC,-1,845.0357967693296,839.6594224459525,rurumi,Takuto Nishimine,54988654,1,791.9082889155666,798.854144867511,replays\episode_88225916.json,True
54927163,88215221,2026-07-26T08:03:56.266286200Z,2026-07-26T08:04:32.722900800Z,COMPLETED,EPISODE_TYPE_PUBLIC,1,839.749072874826,845.0357967693296,rurumi,What Lucario,54993133,-1,891.9087310968634,880.2102194811629,replays\episode_88215221.json,True
54927163,88210887,2026-07-26T07:31:55.022738200Z,2026-07-26T07:32:31.061429Z,COMPLETED,EPISODE_TYPE_PUBLIC,-1,843.0994762301646,839.749072874826,rurumi,Tsuyoshi Suketomo,54993092,1,913.1075641641729,922.7436415134231,replays\episode_88210887.json,True
54927163,88203480,2026-07-26T06:35:50.043681100Z,2026-07-26T06:36:19.332317200Z,COMPLETED,EPISODE_TYPE_PUBLIC,1,837.9108958634893,843.0994762301646,rurumi,Topdecking is All You Need,54992125,-1,889.1246441895611,871.9954491288892,replays\episode_88203480.json,True
54927163,88197270,2026-07-26T05:47:51.266627200Z,2026-07-26T05:48:32.125986500Z,COMPLETED,EPISODE_TYPE_PUBLIC,-1,842.1318570610803,837.9108958634893,rurumi,Junichi Saigou,54946646,1,858.8030937938631,863.0240549914541,replays\episode_88197270.json,True
54927163,88195925,2026-07-26T05:39:51.856671600Z,2026-07-26T05:40:47.270054500Z,COMPLETED,EPISODE_TYPE_PUBLIC,1,839.0185944248938,842.1318570610803,rurumi,sk1012,54992457,-1,793.7774187373615,720.3298349122261,replays\episode_88195925.json,True
54927163,88191793,2026-07-26T05:07:51.250045200Z,2026-07-26T05:08:37.187464800Z,COMPLETED,EPISODE_TYPE_PUBLIC,-1,843.4443433712016,839.0185944248938,rurumi,Ryota1216,54990709,1,840.1727647077413,853.8850589486625,replays\episode_88191793.json,True
54927163,88186004,2026-07-26T04:23:51.600892200Z,2026-07-26T04:26:45.582792600Z,COMPLETED,EPISODE_TYPE_PUBLIC,-1,847.4931554799264,843.4443433712016,rurumi,pacific_diesel,54989677,1,869.8326811528749,880.8923464536865,replays\episode_88186004.json,True
54927163,88171291,2026-07-26T02:31:51.326573600Z,2026-07-26T02:32:29.307519400Z,COMPLETED,EPISODE_TYPE_PUBLIC,-1,851.8249564514582,847.4931554799264,rurumi,nopoly1k,54987125,1,859.424544659132,866.5962109036351,replays\episode_88171291.json,True
54927163,88163977,2026-07-26T01:35:54.162993900Z,2026-07-26T01:36:41.280321Z,COMPLETED,EPISODE_TYPE_PUBLIC,-1,855.3869265934928,851.8249564514582,rurumi,syuuuuu,54971388,1,914.8047691684421,918.3667393104768,replays\episode_88163977.json,True
54927163,88148268,2026-07-25T23:39:52.853201300Z,2026-07-25T23:40:27.738180500Z,COMPLETED,EPISODE_TYPE_PUBLIC,1,850.7717003235266,855.3869265934928,rurumi,カドラバ Kadoraba,54985313,-1,864.2239755772097,852.1528728428277,replays\episode_88148268.json,True
54927163,88147935,2026-07-25T23:35:51.058544400Z,2026-07-25T23:36:26.711688200Z,COMPLETED,EPISODE_TYPE_PUBLIC,1,849.5727148249895,850.7717003235266,rurumi,kibake,53943873,-1,583.6360795790973,582.4370940805602,replays\episode_88147935.json,True
54927163,88134743,2026-07-25T21:55:51.427799500Z,2026-07-25T21:56:21.591639100Z,COMPLETED,EPISODE_TYPE_PUBLIC,-1,855.270039261099,849.5727148249895,rurumi,Zhongyuan Zhang,54494599,1,785.5546795443408,791.2520039804504,replays\episode_88134743.json,True
54927163,88121035,2026-07-25T20:11:49.937710300Z,2026-07-25T20:12:22.270117Z,COMPLETED,EPISODE_TYPE_PUBLIC,1,850.6175648202726,855.270039261099,rurumi,MJVinay,54982256,-1,865.9627600975393,854.3082348338606,replays\episode_88121035.json,True
54927163,88106558,2026-07-25T18:23:51.030778700Z,2026-07-25T18:24:27.080245100Z,COMPLETED,EPISODE_TYPE_PUBLIC,1,846.2364522387788,850.6175648202726,rurumi,sereinless,54979815,-1,842.937788708428,834.1138935024097,replays\episode_88106558.json,True
54927163,88096059,2026-07-25T17:07:51.452053800Z,2026-07-25T17:14:53.923120800Z,COMPLETED,EPISODE_TYPE_PUBLIC,-1,850.8878873223945,846.2364522387788,rurumi,gogogozi migimimi,54731784,1,841.2359615194082,845.8873966030238,replays\episode_88096059.json,True
54927163,88096405,2026-07-25T17:11:50.419578200Z,2026-07-25T17:12:22.602653800Z,COMPLETED,EPISODE_TYPE_PUBLIC,-1,854.5540731636273,850.8878873223945,rurumi,ykhnkf,54979663,1,898.0129191083716,914.6914101325416,replays\episode_88096405.json,True
54927163,88086830,2026-07-25T16:07:51.138621900Z,2026-07-25T16:11:57.585943800Z,COMPLETED,EPISODE_TYPE_PUBLIC,1,850.6821945929022,854.5540731636273,rurumi,Iliamna,54977237,-1,815.8004758436288,806.3024282904246,replays\episode_88086830.json,True
54927163,88073289,2026-07-25T14:39:53.409699Z,2026-07-25T14:40:23.334698500Z,COMPLETED,EPISODE_TYPE_PUBLIC,1,848.7872076530493,850.6821945929022,rurumi,nao2002_,54835362,-1,658.4264860248776,656.5314990850247,replays\episode_88073289.json,True
54927163,88053190,2026-07-25T12:27:53.947751500Z,2026-07-25T12:28:32.516850400Z,COMPLETED,EPISODE_TYPE_PUBLIC,1,844.9256555234952,848.7872076530493,rurumi,Venture2525?,54477049,-1,805.3555849051589,801.4940327756048,replays\episode_88053190.json,True
54927163,88035562,2026-07-25T10:31:55.173730Z,2026-07-25T10:35:51.803730300Z,COMPLETED,EPISODE_TYPE_PUBLIC,-1,849.4209741192733,844.9256555234952,rurumi,AliLucky,54886462,1,849.1892766666581,853.6845952624362,replays\episode_88035562.json,True
54927163,88017509,2026-07-25T08:28:07.460022200Z,2026-07-25T08:28:39.481248300Z,COMPLETED,EPISODE_TYPE_PUBLIC,-1,853.6520159165755,849.4209741192733,rurumi,Kerem çelik,54968901,1,866.5544202496772,874.9179902083737,replays\episode_88017509.json,True
54927163,88010578,2026-07-25T07:43:59.028367300Z,2026-07-25T07:44:55.146357700Z,COMPLETED,EPISODE_TYPE_PUBLIC,1,850.5383571630686,853.6520159165755,rurumi,cununn,54969847,-1,781.7402625800204,742.6553758355973,replays\episode_88010578.json,True
54927163,87996118,2026-07-25T06:07:29.449286600Z,2026-07-25T06:08:27.337159100Z,COMPLETED,EPISODE_TYPE_PUBLIC,-1,853.5450394153384,850.5383571630686,rurumi,giacomovin,54770014,1,952.0206085918625,955.0272908441323,replays\episode_87996118.json,True
54927163,87994013,2026-07-25T05:55:28.677767100Z,2026-07-25T05:56:08.924842600Z,COMPLETED,EPISODE_TYPE_PUBLIC,-1,857.7565639877764,853.5450394153384,rurumi,Himi Yamato,54967481,1,856.5647106080676,884.7040488901822,replays\episode_87994013.json,True
54927163,87980916,2026-07-25T04:23:29.170403600Z,2026-07-25T04:24:03.118046Z,COMPLETED,EPISODE_TYPE_PUBLIC,1,854.5337286007334,857.7565639877764,rurumi,Snorlax,54965049,-1,773.594260335353,767.0783464885795,replays\episode_87980916.json,True
54927163,87974582,2026-07-25T03:39:33.325747400Z,2026-07-25T03:40:07.377784200Z,COMPLETED,EPISODE_TYPE_PUBLIC,-1,858.9662033473519,854.5337286007334,rurumi,gamesu7107,54963166,1,861.5440528093985,867.2869555036642,replays\episode_87974582.json,True
54927163,87970271,2026-07-25T03:07:29.873306700Z,2026-07-25T03:08:09.558402700Z,COMPLETED,EPISODE_TYPE_PUBLIC,1,855.0361130679739,858.9662033473519,rurumi,Xstella,53798257,-1,819.9049515261078,815.9748612467298,replays\episode_87970271.json,True
54927163,87953269,2026-07-25T01:03:29.649706500Z,2026-07-25T01:04:05.630484600Z,COMPLETED,EPISODE_TYPE_PUBLIC,1,848.9163120914629,855.0361130679739,rurumi,KakuTakagawa,54940314,-1,941.6612825396112,935.5414815631002,replays\episode_87953269.json,True
54927163,87952737,2026-07-25T00:59:35.140789300Z,2026-07-25T01:00:12.452108Z,COMPLETED,EPISODE_TYPE_PUBLIC,1,844.616435731076,848.9163120914629,rurumi,LeeVvin,54852361,-1,832.8549021680195,828.5550258076325,replays\episode_87952737.json,True
54927163,87935410,2026-07-24T23:07:24.963880100Z,2026-07-24T23:08:16.711938500Z,COMPLETED,EPISODE_TYPE_PUBLIC,-1,848.2741624537392,844.616435731076,rurumi,jp_nerdery,54960463,1,892.0841863129901,909.0833252688615,replays\episode_87935410.json,True
54927163,87928720,2026-07-24T22:23:19.620219Z,2026-07-24T22:23:53.715387400Z,COMPLETED,EPISODE_TYPE_PUBLIC,-1,854.4273028647117,848.2741624537392,rurumi,Abdul Rauf,54335407,1,759.8902787820456,766.043419193018,replays\episode_87928720.json,True
54927163,87911959,2026-07-24T20:43:20.513013500Z,2026-07-24T20:44:08.328403600Z,COMPLETED,EPISODE_TYPE_PUBLIC,1,850.8993148638972,854.4273028647117,rurumi,Pascal Pfeiffer,54954032,-1,789.8324203861924,785.3042852212552,replays\episode_87911959.json,True
54927163,87911107,2026-07-24T20:39:24.298418600Z,2026-07-24T20:40:17.030352800Z,COMPLETED,EPISODE_TYPE_PUBLIC,-1,854.2249851284486,850.8993148638972,rurumi,Orion,54956859,1,928.807940078016,933.8685097063916,replays\episode_87911107.json,True
54927163,87911060,2026-07-24T20:39:24.221633400Z,2026-07-24T20:40:02.425550700Z,COMPLETED,EPISODE_TYPE_PUBLIC,1,851.1558341823636,854.2249851284486,rurumi,Malla,54958019,-1,760.2054960035146,751.7794401152019,replays\episode_87911060.json,True
54927163,87899857,2026-07-24T19:23:20.706911400Z,2026-07-24T19:24:03.341548500Z,COMPLETED,EPISODE_TYPE_PUBLIC,1,848.4160422327067,851.1558341823636,rurumi,Haokai Ding,54956608,-1,731.6290775621811,724.930888115297,replays\episode_87899857.json,True
54927163,87897543,2026-07-24T19:07:19.720508500Z,2026-07-24T19:08:41.894702400Z,COMPLETED,EPISODE_TYPE_PUBLIC,1,844.7036217291927,848.4160422327067,rurumi,Civitasmass,54956626,-1,799.4951079591272,789.7685801904693,replays\episode_87897543.json,True
54927163,87892692,2026-07-24T18:31:19.486786Z,2026-07-24T18:35:22.470765800Z,COMPLETED,EPISODE_TYPE_PUBLIC,-1,846.2992916029842,844.7036217291927,rurumi,Benarg,54933084,1,1066.5645726733794,1068.1602425471708,replays\episode_87892692.json,True
54927163,87878368,2026-07-24T16:47:20.647716200Z,2026-07-24T16:48:05.479539800Z,COMPLETED,EPISODE_TYPE_PUBLIC,1,840.1829097972449,846.2992916029842,rurumi,Rockway Chen,54630715,-1,932.7438936844562,926.6275118787169,replays\episode_87878368.json,True
54927163,87877210,2026-07-24T16:39:22.615140100Z,2026-07-24T16:40:00.660467900Z,COMPLETED,EPISODE_TYPE_PUBLIC,1,835.2249624883335,840.1829097972449,rurumi,Kyohei,54953818,-1,868.9529850020596,856.8077518080721,replays\episode_87877210.json,True
54927163,87868636,2026-07-24T15:30:55.672130700Z,2026-07-24T15:31:54.119551100Z,COMPLETED,EPISODE_TYPE_PUBLIC,-1,840.7719888766846,835.2249624883335,rurumi,e-toppo + kurupical,54953975,1,752.5831563792432,788.8465165317407,replays\episode_87868636.json,True
54927163,87859142,2026-07-24T14:18:55.776509100Z,2026-07-24T14:19:45.968807Z,COMPLETED,EPISODE_TYPE_PUBLIC,1,837.28447391092,840.7719888766846,rurumi,Pokémon Day Care,54952493,-1,787.5721022811862,761.9872885316532,replays\episode_87859142.json,True
54927163,87858380,2026-07-24T14:10:58.027967600Z,2026-07-24T14:12:57.746857Z,COMPLETED,EPISODE_TYPE_PUBLIC,1,833.4261895541056,837.28447391092,rurumi,Joseph Adamski,54505956,-1,793.643579625197,789.7852952683826,replays\episode_87858380.json,True
54927163,87842092,2026-07-24T12:07:02.232828800Z,2026-07-24T12:07:53.337757900Z,COMPLETED,EPISODE_TYPE_PUBLIC,-1,837.9969354901835,833.4261895541056,rurumi,Kento Umeda,54863019,1,833.1968348102862,837.7675807463642,replays\episode_87842092.json,True
54927163,87825800,2026-07-24T10:02:27.896853900Z,2026-07-24T10:03:05.257220700Z,COMPLETED,EPISODE_TYPE_PUBLIC,-1,843.9282855476956,837.9969354901835,rurumi,LiFeng Wen,54788158,1,761.3807438941175,767.3120939516295,replays\episode_87825800.json,True
54927163,87810085,2026-07-24T08:01:55.842876400Z,2026-07-24T08:02:57.155337900Z,COMPLETED,EPISODE_TYPE_PUBLIC,1,839.2917605522525,843.9282855476956,rurumi,宝糕手,54943245,-1,849.2680649703135,843.1080793699944,replays\episode_87810085.json,True
54927163,87805151,2026-07-24T07:26:00.323866400Z,2026-07-24T07:26:42.445743800Z,COMPLETED,EPISODE_TYPE_PUBLIC,-1,843.8406823986247,839.2917605522525,rurumi,Concord_k,54945141,1,814.5709468154968,851.0218050435433,replays\episode_87805151.json,True
54927163,87800215,2026-07-24T06:45:57.647637800Z,2026-07-24T06:46:38.710020700Z,COMPLETED,EPISODE_TYPE_PUBLIC,1,839.211839817932,843.8406823986247,rurumi,machapin,53809414,-1,847.5088886769107,842.8800460962179,replays\episode_87800215.json,True
54927163,87794644,2026-07-24T06:05:57.199497200Z,2026-07-24T06:07:02.345667300Z,COMPLETED,EPISODE_TYPE_PUBLIC,1,834.7037586156399,839.211839817932,rurumi,DiT PTCG AK,54944080,-1,905.1712123137479,816.7576197545105,replays\episode_87794644.json,True
54927163,87794812,2026-07-24T06:05:57.546436500Z,2026-07-24T06:06:35.085850600Z,COMPLETED,EPISODE_TYPE_PUBLIC,-1,838.6407370482004,834.7037586156399,rurumi,Raihan Ramadistra,54942381,1,870.4701468859756,878.3656888064979,replays\episode_87794812.json,True
54927163,87792210,2026-07-24T05:45:58.293904200Z,2026-07-24T05:46:44.931184300Z,COMPLETED,EPISODE_TYPE_PUBLIC,-1,841.7088294198124,838.6407370482004,rurumi,Voyager,54941626,1,934.6558207202768,939.6291228766062,replays\episode_87792210.json,True
54927163,87781574,2026-07-24T04:26:02.188156500Z,2026-07-24T04:26:47.886675600Z,COMPLETED,EPISODE_TYPE_PUBLIC,-1,845.707110234999,841.7088294198124,rurumi,KatR,54941936,1,866.56244674828,883.9639242517766,replays\episode_87781574.json,True
54927163,87778059,2026-07-24T03:57:56.398281800Z,2026-07-24T03:58:37.901756200Z,COMPLETED,EPISODE_TYPE_PUBLIC,-1,849.9297325056534,845.707110234999,rurumi,Water Xiao,54939752,1,864.7027707894412,871.2946315509377,replays\episode_87778059.json,True
54927163,87773965,2026-07-24T03:25:58.350155600Z,2026-07-24T03:26:36.300783700Z,COMPLETED,EPISODE_TYPE_PUBLIC,1,844.5230020698841,849.9297325056534,rurumi,mimi,54858427,-1,898.0229466661292,892.6162162303599,replays\episode_87773965.json,True
54927163,87770485,2026-07-24T03:02:09.124688200Z,2026-07-24T03:02:44.107237500Z,COMPLETED,EPISODE_TYPE_PUBLIC,1,840.6682914161277,844.5230020698841,rurumi,HongchenDai,54941112,-1,825.3989637610619,783.7599831736579,replays\episode_87770485.json,True
54927163,87766498,2026-07-24T02:29:55.633775400Z,2026-07-24T02:30:31.463270Z,COMPLETED,EPISODE_TYPE_PUBLIC,1,835.8580636730752,840.6682914161277,rurumi,dranblade,54938834,-1,850.1503178023888,841.426692570033,replays\episode_87766498.json,True
54927163,87761984,2026-07-24T01:53:55.719170500Z,2026-07-24T01:54:41.563839200Z,COMPLETED,EPISODE_TYPE_PUBLIC,-1,840.0029815036013,835.8580636730752,rurumi,Yuzuki,53787873,1,873.0186127571791,876.9794944884385,replays\episode_87761984.json,True
54927163,87750669,2026-07-24T00:29:54.733059100Z,2026-07-24T00:30:38.917101400Z,COMPLETED,EPISODE_TYPE_PUBLIC,1,834.9590646780373,840.0029815036013,rurumi,AlphaMon,54938071,-1,867.5937977999279,841.6170752958391,replays\episode_87750669.json,True
54927163,87738210,2026-07-23T22:50:10.227072100Z,2026-07-23T22:50:41.823186800Z,COMPLETED,EPISODE_TYPE_PUBLIC,-1,841.3557038934028,834.9590646780373,rurumi,mojyaP,54919103,1,760.1405122947142,766.3807407903042,replays\episode_87738210.json,True
54927163,87732111,2026-07-23T22:06:11.767357800Z,2026-07-23T22:06:49.362187300Z,COMPLETED,EPISODE_TYPE_PUBLIC,-1,847.0882900723136,841.3557038934028,rurumi,Masato_Hidaka,54936413,1,782.1574722498995,814.6753285473969,replays\episode_87732111.json,True
54927163,87732417,2026-07-23T22:06:12.411391400Z,2026-07-23T22:06:47.051804300Z,COMPLETED,EPISODE_TYPE_PUBLIC,1,843.1203660362056,847.0882900723136,rurumi,変化の書ゾロアーク,54492388,-1,782.0076627796735,778.4749270251591,replays\episode_87732417.json,True
54927163,87722446,2026-07-23T20:50:10.398141300Z,2026-07-23T20:50:55.550764800Z,COMPLETED,EPISODE_TYPE_PUBLIC,-1,848.0778623278378,843.1203660362056,rurumi,Misaka Mikoto,54897144,1,857.3588694278742,861.6910748680548,replays\episode_87722446.json,True
54927163,87718210,2026-07-23T20:18:11.096563300Z,2026-07-23T20:19:28.754303100Z,COMPLETED,EPISODE_TYPE_PUBLIC,-1,853.1781192113531,848.0778623278378,rurumi,We Only Played Red,54855606,1,859.8812701387342,864.2539715044518,replays\episode_87718210.json,True
54927163,87709435,2026-07-23T19:14:09.752775Z,2026-07-23T19:14:56.483230900Z,COMPLETED,EPISODE_TYPE_PUBLIC,-1,857.5107800204793,853.1781192113531,rurumi,Skyraider,54934640,1,859.2685923941932,931.1687474626924,replays\episode_87709435.json,True
54927163,87707888,2026-07-23T19:02:08.800503900Z,2026-07-23T19:03:01.495935400Z,COMPLETED,EPISODE_TYPE_PUBLIC,-1,863.4258021988375,857.5107800204793,rurumi,Peng Wang,54934053,1,819.4348795071564,846.1269307638354,replays\episode_87707888.json,True
54927163,87701753,2026-07-23T18:14:11.299250700Z,2026-07-23T18:23:28.236480Z,COMPLETED,EPISODE_TYPE_PUBLIC,-1,868.4817142895281,863.4258021988375,rurumi,Mew World Order,54655862,1,891.0226177850141,895.1390208356939,replays\episode_87701753.json,True
54927163,87690776,2026-07-23T16:46:03.902153900Z,2026-07-23T16:46:33.466045500Z,COMPLETED,EPISODE_TYPE_PUBLIC,-1,874.0914912225011,868.4817142895281,rurumi,くりたんとたけちゃん,54931342,1,866.0819182628003,880.6115264467885,replays\episode_87690776.json,True
54927163,87683041,2026-07-23T15:50:05.419387500Z,2026-07-23T15:50:41.864419200Z,COMPLETED,EPISODE_TYPE_PUBLIC,-1,879.2884703676395,874.0914912225011,rurumi,Takahashi,54930414,1,895.0090665594904,911.9182790051915,replays\episode_87683041.json,True
54927163,87677784,2026-07-23T15:10:06.428065Z,2026-07-23T15:10:49.462404400Z,COMPLETED,EPISODE_TYPE_PUBLIC,-1,883.4839099920522,879.2884703676395,rurumi,AdrianWang2003,54927321,1,965.0468357001434,969.1368459174823,replays\episode_87677784.json,True
54927163,87675476,2026-07-23T14:54:06.806597100Z,2026-07-23T15:00:15.379301300Z,COMPLETED,EPISODE_TYPE_PUBLIC,1,878.9179959805759,883.4839099920522,rurumi,TsuMakoto,54928732,-1,816.6700617415266,806.4945347353736,replays\episode_87675476.json,True
54927163,87675086,2026-07-23T14:50:05.533392700Z,2026-07-23T14:50:35.493953800Z,COMPLETED,EPISODE_TYPE_PUBLIC,-1,886.0587503062777,878.9179959805759,rurumi,"Pikachu, I choose you!",54871273,1,839.1633733402371,844.4254667310854,replays\episode_87675086.json,True
54927163,87674566,2026-07-23T14:46:05.791781Z,2026-07-23T14:46:47.551203Z,COMPLETED,EPISODE_TYPE_PUBLIC,1,881.869966510139,886.0587503062777,rurumi,tk,54432575,-1,785.639378640072,782.6105246014846,replays\episode_87674566.json,True
54927163,87674023,2026-07-23T14:42:05.206041100Z,2026-07-23T14:43:08.733602900Z,COMPLETED,EPISODE_TYPE_PUBLIC,1,878.6107004447641,881.869966510139,rurumi,Prudhvi Sairam Chundru,54419360,-1,726.274925369355,723.9571165462287,replays\episode_87674023.json,True
54927163,87673473,2026-07-23T14:38:05.747151Z,2026-07-23T14:40:06.681048Z,COMPLETED,EPISODE_TYPE_PUBLIC,1,872.2365844272226,878.6107004447641,rurumi,Choruru,54721533,-1,869.8292035682223,865.4020523211805,replays\episode_87673473.json,True
54927163,87673483,2026-07-23T14:38:05.783929400Z,2026-07-23T14:38:48.898844900Z,COMPLETED,EPISODE_TYPE_PUBLIC,-1,877.8922871749468,872.2365844272226,rurumi,Pascal Pfeiffer,54927095,1,916.5389725320111,921.7747156585882,replays\episode_87673483.json,True
54927163,87672938,2026-07-23T14:34:05.344544100Z,2026-07-23T14:34:42.718907700Z,COMPLETED,EPISODE_TYPE_PUBLIC,-1,884.9390557422145,877.8922871749468,rurumi,Nicolas Gomasjaya,54919624,1,872.2662477003485,877.2189352177128,replays\episode_87672938.json,True
54927163,87672288,2026-07-23T14:30:05.153353200Z,2026-07-23T14:33:05.335606500Z,COMPLETED,EPISODE_TYPE_PUBLIC,-1,891.3813251645898,884.9390557422145,rurumi,Thai,54927991,1,904.6887494757873,915.6523487363127,replays\episode_87672288.json,True
54927163,87671854,2026-07-23T14:26:05.587057400Z,2026-07-23T14:30:43.654571900Z,COMPLETED,EPISODE_TYPE_PUBLIC,1,884.54487863311,891.3813251645898,rurumi,Arti-fish-ial Intelligence,54910062,-1,875.2291513907005,870.9211079805017,replays\episode_87671854.json,True
54927163,87672388,2026-07-23T14:30:05.327370Z,2026-07-23T14:30:42.941754Z,COMPLETED,EPISODE_TYPE_PUBLIC,-1,892.4632491514434,884.54487863311,rurumi,Praxel,54883423,1,868.3194164272985,873.1726448330224,replays\episode_87672388.json,True
54927163,87671305,2026-07-23T14:22:07.686825200Z,2026-07-23T14:22:53.337629800Z,COMPLETED,EPISODE_TYPE_PUBLIC,1,883.9713230471882,892.4632491514434,rurumi,Pika-Zard,54875643,-1,920.2941962571158,915.2384133208511,replays\episode_87671305.json,True
54927163,87670767,2026-07-23T14:18:06.432977400Z,2026-07-23T14:18:39.669976900Z,COMPLETED,EPISODE_TYPE_PUBLIC,1,877.7269372195193,883.9713230471882,rurumi,jin hiratsuka,54921717,-1,824.7086192712884,820.3636318791423,replays\episode_87670767.json,True
54927163,87670217,2026-07-23T14:14:05.441184Z,2026-07-23T14:14:42.898891400Z,COMPLETED,EPISODE_TYPE_PUBLIC,1,870.935947615993,877.7269372195193,rurumi,Kuu-Lab ,54356249,-1,831.7601914113046,827.9246246137737,replays\episode_87670217.json,True
54927163,87670335,2026-07-23T14:14:05.625709100Z,2026-07-23T14:14:40.924299Z,COMPLETED,EPISODE_TYPE_PUBLIC,-1,877.4828951067375,870.935947615993,rurumi,kazusw,54850762,1,932.4252814065138,936.0245036609527,replays\episode_87670335.json,True
54927163,87669685,2026-07-23T14:10:05.630597200Z,2026-07-23T14:10:40.054645100Z,COMPLETED,EPISODE_TYPE_PUBLIC,1,868.4768367194736,877.4828951067375,rurumi,genki toyama,54587804,-1,890.2041133421682,885.4074404187912,replays\episode_87669685.json,True
54927163,87669149,2026-07-23T14:06:06.039512700Z,2026-07-23T14:06:35.168032Z,COMPLETED,EPISODE_TYPE_PUBLIC,1,859.4052413693464,868.4768367194736,rurumi,しんぴのしずく💧,54919040,-1,874.2786711249781,869.46685181,replays\episode_87669149.json,True
54927163,87668611,2026-07-23T14:02:05.318987Z,2026-07-23T14:02:36.944242900Z,COMPLETED,EPISODE_TYPE_PUBLIC,1,851.2748683367117,859.4052413693464,rurumi,yuhei,54920148,-1,828.1021692156769,823.4682656841892,replays\episode_87668611.json,True
54927163,87668046,2026-07-23T13:58:05.220062500Z,2026-07-23T14:00:58.988583200Z,COMPLETED,EPISODE_TYPE_PUBLIC,1,841.8102874708724,851.2748683367117,rurumi,PyJa,54843266,-1,850.5328484512256,845.9616180962133,replays\episode_87668046.json,True
54927163,87667527,2026-07-23T13:54:05.240283300Z,2026-07-23T13:54:37.105941Z,COMPLETED,EPISODE_TYPE_PUBLIC,1,833.7420693034297,841.8102874708724,rurumi,sitne,53973636,-1,791.3663070621552,787.5935067001603,replays\episode_87667527.json,True
54927163,87666992,2026-07-23T13:50:05.486011600Z,2026-07-23T13:50:38.652927700Z,COMPLETED,EPISODE_TYPE_PUBLIC,-1,843.6751578323342,833.7420693034297,rurumi,renta.k,54835372,1,840.1034951688629,844.5831492938561,replays\episode_87666992.json,True
54927163,87666443,2026-07-23T13:46:05.038273800Z,2026-07-23T13:46:46.630734900Z,COMPLETED,EPISODE_TYPE_PUBLIC,-1,852.8027742690296,843.6751578323342,rurumi,すーぱーひとで,54869976,1,881.437803672522,885.4105351104679,replays\episode_87666443.json,True
54927163,87665900,2026-07-23T13:42:04.945483100Z,2026-07-23T13:42:36.867631300Z,COMPLETED,EPISODE_TYPE_PUBLIC,1,843.8069814236427,852.8027742690296,rurumi,sinoyuta,54854282,-1,802.3704104765216,798.5932471790547,replays\episode_87665900.json,True
54927163,87665374,2026-07-23T13:38:05.034381500Z,2026-07-23T13:38:46.700277800Z,COMPLETED,EPISODE_TYPE_PUBLIC,-1,855.3465977750384,843.8069814236427,rurumi,otashue,54928697,1,801.2016734255762,850.594823261535,replays\episode_87665374.json,True
54927163,87664837,2026-07-23T13:34:07.384218900Z,2026-07-23T13:37:43.089855900Z,COMPLETED,EPISODE_TYPE_PUBLIC,-1,871.8853331599712,855.3465977750384,rurumi,ayato_suzuki10,54839535,1,755.413609325305,761.8063198141069,replays\episode_87664837.json,True
54927163,87664300,2026-07-23T13:30:05.346397800Z,2026-07-23T13:30:45.019381700Z,COMPLETED,EPISODE_TYPE_PUBLIC,1,859.6618266032241,871.8853331599712,rurumi,Amon Suzuki,54890097,-1,867.5585767620394,863.0375553249104,replays\episode_87664300.json,True
54927163,87663771,2026-07-23T13:26:05.397732500Z,2026-07-23T13:26:37.167549900Z,COMPLETED,EPISODE_TYPE_PUBLIC,1,848.5766898966359,859.6618266032241,rurumi,Yusuke Aoki002,54854897,-1,818.4136666229738,814.4868230058527,replays\episode_87663771.json,True
54927163,87663229,2026-07-23T13:22:05.806158800Z,2026-07-23T13:22:39.945937700Z,COMPLETED,EPISODE_TYPE_PUBLIC,-1,865.6905019990129,848.5766898966359,rurumi,Noma34x6773,54821215,1,783.2272960635707,788.9749963165416,replays\episode_87663229.json,True
54927163,87662703,2026-07-23T13:18:06.289172700Z,2026-07-23T13:18:38.593337100Z,COMPLETED,EPISODE_TYPE_PUBLIC,1,854.2275103284132,865.6905019990129,rurumi,NullPointer,54761509,-1,807.8339146770172,804.1572821766348,replays\episode_87662703.json,True
54927163,87662159,2026-07-23T13:14:05.017381600Z,2026-07-23T13:14:37.991217900Z,COMPLETED,EPISODE_TYPE_PUBLIC,-1,874.5042994180649,854.2275103284132,rurumi,A.T.,54875320,1,768.9946363892919,775.1165458588883,replays\episode_87662159.json,True
54927163,87661646,2026-07-23T13:10:05.183882100Z,2026-07-23T13:10:34.666217500Z,COMPLETED,EPISODE_TYPE_PUBLIC,1,859.5590501636198,874.5042994180649,rurumi,keita,54924314,-1,855.0117368728343,849.7350976304198,replays\episode_87661646.json,True
54927163,87661127,2026-07-23T13:06:06.531998500Z,2026-07-23T13:06:41.429006700Z,COMPLETED,EPISODE_TYPE_PUBLIC,-1,877.9916998047078,859.5590501636198,rurumi,MJVinay,54911069,1,839.5009434971374,844.4505588776375,replays\episode_87661127.json,True
54927163,87660565,2026-07-23T13:02:08.180556700Z,2026-07-23T13:02:46.579757400Z,COMPLETED,EPISODE_TYPE_PUBLIC,-1,893.0417017274609,877.9916998047078,rurumi,PavelLiashkov,54925201,1,926.8752839223428,932.0302368571502,replays\episode_87660565.json,True
54927163,87660034,2026-07-23T12:58:04.808276900Z,2026-07-23T12:58:43.144640Z,COMPLETED,EPISODE_TYPE_PUBLIC,-1,906.70748283155,893.0417017274609,rurumi,SORA,54926507,1,976.0287304289612,984.9884435010291,replays\episode_87660034.json,True
54927163,87659504,2026-07-23T12:54:05.597745900Z,2026-07-23T12:54:38.809015300Z,COMPLETED,EPISODE_TYPE_PUBLIC,1,890.7171118470249,906.70748283155,rurumi,Dicer992,54176771,-1,841.80079391772,838.2074072740156,replays\episode_87659504.json,True
54927163,87658981,2026-07-23T12:50:07.942408800Z,2026-07-23T12:50:51.853105800Z,COMPLETED,EPISODE_TYPE_PUBLIC,1,869.3482294577909,890.7171118470249,rurumi,xiaoxin zhao,54646456,-1,880.2736185044943,875.8225286368033,replays\episode_87658981.json,True
54927163,87658443,2026-07-23T12:46:03.405736800Z,2026-07-23T12:46:38.545499800Z,COMPLETED,EPISODE_TYPE_PUBLIC,1,869.2308304505808,869.3482294577909,rurumi,AMIBEN,54861077,-1,173.27652318494734,173.20733284827898,replays\episode_87658443.json,True
54927163,87657918,2026-07-23T12:42:03.400159500Z,2026-07-23T12:42:37.529737300Z,COMPLETED,EPISODE_TYPE_PUBLIC,1,848.6234729599246,869.2308304505808,rurumi,S. B.,54850087,-1,828.0483961206029,824.0825974255818,replays\episode_87657918.json,True
54927163,87657398,2026-07-23T12:38:04.224400800Z,2026-07-23T12:38:39.512955300Z,COMPLETED,EPISODE_TYPE_PUBLIC,1,834.4245861822221,848.6234729599246,rurumi,ことこと,54913372,-1,706.4666236505266,703.320848335247,replays\episode_87657398.json,True
54927163,87656855,2026-07-23T12:34:03.704582900Z,2026-07-23T12:34:41.000333600Z,COMPLETED,EPISODE_TYPE_PUBLIC,1,806.9615075986023,834.4245861822221,rurumi,Pixegami,54830784,-1,825.6684801958895,821.1711328565486,replays\episode_87656855.json,True
54927163,87656322,2026-07-23T12:30:08.324350400Z,2026-07-23T12:31:37.176626800Z,COMPLETED,EPISODE_TYPE_PUBLIC,-1,838.3226556131694,806.9615075986023,rurumi,カドラバ Kadoraba,54925759,1,803.3609619482396,814.0092002847017,replays\episode_87656322.json,True
54927163,87655800,2026-07-23T12:26:09.979806900Z,2026-07-23T12:26:42.078810Z,COMPLETED,EPISODE_TYPE_PUBLIC,1,813.5830227877833,838.3226556131694,rurumi,Aurora wy,54915541,-1,750.3467993450794,746.5510097448389,replays\episode_87655800.json,True
54927163,87655255,2026-07-23T12:22:09.547065400Z,2026-07-23T12:23:15.781235600Z,COMPLETED,EPISODE_TYPE_PUBLIC,-1,842.8008766827148,813.5830227877833,rurumi,theredbluepill,54890050,1,890.3012402713604,893.78441660566,replays\episode_87655255.json,True
54927163,87654847,2026-07-23T12:18:09.519446100Z,2026-07-23T12:18:43.746179700Z,COMPLETED,EPISODE_TYPE_PUBLIC,1,787.0630140521527,842.8008766827148,rurumi,Malyshev Danil,54925697,-1,905.4750212821582,893.004033929215,replays\episode_87654847.json,True
54927163,87654711,2026-07-23T12:18:09.344168500Z,2026-07-23T12:18:40.455380600Z,COMPLETED,EPISODE_TYPE_PUBLIC,-1,860.7027582631252,787.0630140521527,rurumi,Sukjae Cho,54857175,1,706.4238970039364,712.5516134762958,replays\episode_87654711.json,True
54927163,87654182,2026-07-23T12:14:09.235597400Z,2026-07-23T12:14:42.605820300Z,COMPLETED,EPISODE_TYPE_PUBLIC,-1,925.9382207899112,860.7027582631252,rurumi,hell yeah,54370884,1,882.4360286984308,886.8336381539679,replays\episode_87654182.json,True
54927163,87653648,2026-07-23T12:10:21.739878700Z,2026-07-23T12:13:56.234158500Z,COMPLETED,EPISODE_TYPE_PUBLIC,1,870.2716298361946,925.9382207899112,rurumi,Julian,54912656,-1,806.7412024277666,803.4458338087683,replays\episode_87653648.json,True
54927163,87653119,2026-07-23T12:06:11.899363700Z,2026-07-23T12:08:08.177024500Z,COMPLETED,EPISODE_TYPE_PUBLIC,1,860.0915720644092,870.2716298361946,rurumi,Spacekuma,54226135,-1,429.12795861183923,428.60889219059317,replays\episode_87653119.json,True
54927163,87652037,2026-07-23T11:58:15.511332700Z,2026-07-23T12:03:01.106004300Z,COMPLETED,EPISODE_TYPE_PUBLIC,1,806.8212415625577,860.0915720644092,rurumi,enim,54863865,-1,667.3912881930585,665.1332897548313,replays\episode_87652037.json,True
54927163,87652569,2026-07-23T12:02:14.946169600Z,2026-07-23T12:02:49.494628100Z,COMPLETED,EPISODE_TYPE_PUBLIC,1,725.6777674698783,806.8212415625577,rurumi,Plamen,54807139,-1,667.362544983489,664.4582131861615,replays\episode_87652569.json,True
54927163,87651518,2026-07-23T11:54:11.686256200Z,2026-07-23T11:54:46.680783500Z,COMPLETED,EPISODE_TYPE_PUBLIC,1,600,725.6777674698783,rurumi,MEWTWO CANT WIN,54636913,-1,655.3946180783537,651.5457364495886,replays\episode_87651518.json,True
54927163,87651381,2026-07-23T11:52:06.276709Z,2026-07-23T11:52:40.025339700Z,COMPLETED,EPISODE_TYPE_VALIDATION,1,,600,rurumi,rurumi,54927163,-1,,600,replays\episode_87651381.json,True
55064711,88723360,2026-07-29T02:43:40.084303Z,2026-07-29T02:44:14.662156800Z,COMPLETED,EPISODE_TYPE_PUBLIC,1,754.1503804517473,759.2247362076054,rurumi,pp25,54034892,-1,706.3113374298628,702.5900225039477,replays\episode_88723360.json,True
55064711,88716677,2026-07-29T01:51:26.019518100Z,2026-07-29T01:53:03.481276200Z,COMPLETED,EPISODE_TYPE_PUBLIC,-1,761.7125722611704,754.1503804517473,rurumi,Theo Neilson,54957282,1,706.222669246671,711.6319967455509,replays\episode_88716677.json,True
55064711,88700259,2026-07-28T23:43:28.148467200Z,2026-07-28T23:44:42.910337600Z,COMPLETED,EPISODE_TYPE_PUBLIC,-1,767.7302186662025,761.7125722611704,rurumi,みがわり,54571652,1,783.9137442152551,788.1206352740587,replays\episode_88700259.json,True
55064711,88699760,2026-07-28T23:39:28.021167400Z,2026-07-28T23:40:04.441383800Z,COMPLETED,EPISODE_TYPE_PUBLIC,-1,774.4375158331502,767.7302186662025,rurumi,yuki16,54381655,1,767.620356995269,772.1964726836335,replays\episode_88699760.json,True
55064711,88699274,2026-07-28T23:35:28.536229300Z,2026-07-28T23:36:11.174258500Z,COMPLETED,EPISODE_TYPE_PUBLIC,1,768.0517725802124,774.4375158331502,rurumi,Sayid Mabrur & James Michael,54843946,-1,754.9814376853031,750.7287567466715,replays\episode_88699274.json,True
55064711,88698875,2026-07-28T23:31:28.183732400Z,2026-07-28T23:32:03.208588200Z,COMPLETED,EPISODE_TYPE_PUBLIC,1,758.5275687795618,768.0517725802124,rurumi,hiro094,54501110,-1,856.5559247797595,850.3936541719927,replays\episode_88698875.json,True
55064711,88698781,2026-07-28T23:31:27.996867300Z,2026-07-28T23:32:00.311878700Z,COMPLETED,EPISODE_TYPE_PUBLIC,-1,764.381554191408,758.5275687795618,rurumi,https://sunnyinspires.com/,54281675,1,813.2043619838618,816.9026112764105,replays\episode_88698781.json,True
55064711,88698306,2026-07-28T23:27:27.994046600Z,2026-07-28T23:28:08.123135200Z,COMPLETED,EPISODE_TYPE_PUBLIC,1,758.7244932537579,764.381554191408,rurumi,DeeSaa,55058537,-1,696.8286477767122,691.8510935505549,replays\episode_88698306.json,True
55064711,88697810,2026-07-28T23:23:28.122384300Z,2026-07-28T23:24:02.600229100Z,COMPLETED,EPISODE_TYPE_PUBLIC,1,750.6146251860786,758.7244932537579,rurumi,黒田彩人,55021375,-1,775.5471790072464,770.6831113112955,replays\episode_88697810.json,True
55064711,88697975,2026-07-28T23:23:28.454972400Z,2026-07-28T23:24:00.504761100Z,COMPLETED,EPISODE_TYPE_PUBLIC,1,740.2071018210427,750.6146251860786,rurumi,Dmitry Volovikov,55059263,-1,834.0357994199323,826.724651537274,replays\episode_88697975.json,True
55064711,88697666,2026-07-28T23:23:27.882043800Z,2026-07-28T23:23:59.726805400Z,COMPLETED,EPISODE_TYPE_PUBLIC,1,732.7283393635586,740.2071018210427,rurumi,\bleel00,55066335,-1,739.6161773474034,709.608740593005,replays\episode_88697666.json,True
55064711,88697334,2026-07-28T23:19:28.305481700Z,2026-07-28T23:20:28.638700200Z,COMPLETED,EPISODE_TYPE_PUBLIC,1,725.851551780454,732.7283393635586,rurumi,G-Lin1k,54620103,-1,683.7694741426441,679.9794300634466,replays\episode_88697334.json,True
55064711,88696854,2026-07-28T23:15:28.899086800Z,2026-07-28T23:16:04.057105500Z,COMPLETED,EPISODE_TYPE_PUBLIC,-1,736.4649507744986,725.851551780454,rurumi,塩尻祐大,53891049,1,664.7834116808904,670.4382487485783,replays\episode_88696854.json,True
55064711,88696373,2026-07-28T23:11:28.181818600Z,2026-07-28T23:12:05.203489800Z,COMPLETED,EPISODE_TYPE_PUBLIC,-1,741.3544680556039,736.4649507744986,rurumi,Tatsuya Goto,55060076,1,874.3965239650879,877.1158467721477,replays\episode_88696373.json,True
55064711,88695893,2026-07-28T23:07:27.889129800Z,2026-07-28T23:07:58.968931Z,COMPLETED,EPISODE_TYPE_PUBLIC,-1,749.829068632078,741.3544680556039,rurumi,fumishiki,53788866,1,760.1674149803022,764.4384509981355,replays\episode_88695893.json,True
55064711,88695415,2026-07-28T23:03:28.392773600Z,2026-07-28T23:04:15.655865300Z,COMPLETED,EPISODE_TYPE_PUBLIC,1,742.3099583014703,749.829068632078,rurumi,あれすくん,54062544,-1,693.1087882086761,689.4334720004651,replays\episode_88695415.json,True
55064711,88694948,2026-07-28T22:59:27.892557300Z,2026-07-28T23:00:13.621904900Z,COMPLETED,EPISODE_TYPE_PUBLIC,-1,750.8475816594743,742.3099583014703,rurumi,Kasasree Google,55027642,1,775.7705608325641,779.8082151826729,replays\episode_88694948.json,True
55064711,88694478,2026-07-28T22:55:29.193844Z,2026-07-28T22:56:02.938111500Z,COMPLETED,EPISODE_TYPE_PUBLIC,-1,759.5922238130489,750.8475816594743,rurumi,The Blos,55065428,1,779.1329724431642,793.061272437829,replays\episode_88694478.json,True
55064711,88693996,2026-07-28T22:51:28.546510100Z,2026-07-28T22:52:02.992836100Z,COMPLETED,EPISODE_TYPE_PUBLIC,-1,770.393800970279,759.5922238130489,rurumi,Aayush Sigdel,55009474,1,749.2842618213028,754.0455171136446,replays\episode_88693996.json,True
55064711,88693525,2026-07-28T22:47:27.981188800Z,2026-07-28T22:48:02.450381400Z,COMPLETED,EPISODE_TYPE_PUBLIC,1,761.7326860350744,770.393800970279,rurumi,Zihao Zeng,54992029,-1,714.0435772510134,710.3573376564856,replays\episode_88693525.json,True
55064711,88693043,2026-07-28T22:43:28.352396200Z,2026-07-28T22:44:06.976253700Z,COMPLETED,EPISODE_TYPE_PUBLIC,1,749.4861880507888,761.7326860350744,rurumi,ayato_suzuki10,54828450,-1,785.672073826031,780.6731633342278,replays\episode_88693043.json,True
55064711,88692566,2026-07-28T22:39:27.838203600Z,2026-07-28T22:40:14.925303300Z,COMPLETED,EPISODE_TYPE_PUBLIC,-1,761.1792946290734,749.4861880507888,rurumi,Sophie,54579196,1,750.3288149526917,754.9057859077071,replays\episode_88692566.json,True
55064711,88692096,2026-07-28T22:35:28.199392Z,2026-07-28T22:36:16.982857500Z,COMPLETED,EPISODE_TYPE_PUBLIC,-1,775.4765333033944,761.1792946290734,rurumi,TOSS,55041002,1,717.5980444505996,723.4398902578948,replays\episode_88692096.json,True
55064711,88691619,2026-07-28T22:31:28.018646800Z,2026-07-28T22:32:17.438334900Z,COMPLETED,EPISODE_TYPE_PUBLIC,1,764.793896265852,775.4765333033944,rurumi,Zihe Henry Zhang,54982924,-1,727.7617062372072,723.9357409857148,replays\episode_88691619.json,True
55064711,88691145,2026-07-28T22:27:28.524431500Z,2026-07-28T22:27:58.101338600Z,COMPLETED,EPISODE_TYPE_PUBLIC,1,753.5040498439321,764.793896265852,rurumi,門司 匡広,53885611,-1,719.6883983964043,715.8199730855712,replays\episode_88691145.json,True
55064711,88690672,2026-07-28T22:23:29.854196200Z,2026-07-28T22:24:00.655897100Z,COMPLETED,EPISODE_TYPE_PUBLIC,1,737.3892851076872,753.5040498439321,rurumi,srm463,54169684,-1,790.4520154808089,785.2158673543767,replays\episode_88690672.json,True
55064711,88690190,2026-07-28T22:19:28.648070Z,2026-07-28T22:20:01.518165700Z,COMPLETED,EPISODE_TYPE_PUBLIC,1,724.8932782414986,737.3892851076872,rurumi,HOMEWORK_L,53943753,-1,691.8498626899335,687.9829619844053,replays\episode_88690190.json,True
55064711,88689738,2026-07-28T22:15:29.494753800Z,2026-07-28T22:16:04.701700500Z,COMPLETED,EPISODE_TYPE_PUBLIC,1,710.7827716726954,724.8932782414986,rurumi,akiyamage,54025042,-1,696.6132416701555,692.4721317813509,replays\episode_88689738.json,True
55064711,88689259,2026-07-28T22:11:28.097864300Z,2026-07-28T22:11:58.548287Z,COMPLETED,EPISODE_TYPE_PUBLIC,-1,716.1531268074999,710.7827716726954,rurumi,lilishyxf,54874169,1,945.6175959896923,947.1446966214946,replays\episode_88689259.json,True
55064711,88688790,2026-07-28T22:07:27.852172700Z,2026-07-28T22:08:03.781388200Z,COMPLETED,EPISODE_TYPE_PUBLIC,1,700.8144230614869,716.1531268074999,rurumi,shiv,55016214,-1,686.0846418527605,681.9670258314554,replays\episode_88688790.json,True
55064711,88688314,2026-07-28T22:03:27.985111Z,2026-07-28T22:04:02.677596500Z,COMPLETED,EPISODE_TYPE_PUBLIC,-1,721.5501835808084,700.8144230614869,rurumi,Kei Yamashita,54724091,1,666.5432766188299,671.7443624533736,replays\episode_88688314.json,True
55064711,88687848,2026-07-28T21:59:27.811126200Z,2026-07-28T22:00:04.260020100Z,COMPLETED,EPISODE_TYPE_PUBLIC,1,702.7600006358106,721.5501835808084,rurumi,omaru25chan,54944482,-1,708.7940787396548,704.3887674712822,replays\episode_88687848.json,True
55064711,88687388,2026-07-28T21:55:28.981726200Z,2026-07-28T21:56:04.289417600Z,COMPLETED,EPISODE_TYPE_PUBLIC,-1,721.1458836448018,702.7600006358106,rurumi,大野ユウラ,54345060,1,739.7096688035202,743.7318449259986,replays\episode_88687388.json,True
55064711,88686922,2026-07-28T21:51:27.820210100Z,2026-07-28T21:52:00.978189800Z,COMPLETED,EPISODE_TYPE_PUBLIC,-1,747.8099740890497,721.1458836448018,rurumi,xiang li122,54843749,1,678.6808011363454,684.0397270969336,replays\episode_88686922.json,True
55064711,88686456,2026-07-28T21:47:27.813782300Z,2026-07-28T21:47:57.617352200Z,COMPLETED,EPISODE_TYPE_PUBLIC,1,730.5118113560469,747.8099740890497,rurumi,kinakomochi,53797516,-1,656.9726741905758,653.7385148372969,replays\episode_88686456.json,True
55064711,88685984,2026-07-28T21:43:28.010893800Z,2026-07-28T21:44:00.913505Z,COMPLETED,EPISODE_TYPE_PUBLIC,1,705.1988625007216,730.5118113560469,rurumi,[RU] Nikita Kuznetsov,53767862,-1,711.3239769463833,707.0000204558572,replays\episode_88685984.json,True
55064711,88685506,2026-07-28T21:39:27.942447600Z,2026-07-28T21:40:10.596301100Z,COMPLETED,EPISODE_TYPE_PUBLIC,-1,737.6401460024392,705.1988625007216,rurumi,john jiang zhifeng,54866261,1,685.2679191738063,690.252472421947,replays\episode_88685506.json,True
55064711,88685040,2026-07-28T21:35:28.248951500Z,2026-07-28T21:36:00.434121Z,COMPLETED,EPISODE_TYPE_PUBLIC,1,735.9522370354854,737.6401460024392,rurumi,shuto,53916508,-1,255.32755396331154,255.07217363438866,replays\episode_88685040.json,True
55064711,88684574,2026-07-28T21:31:27.941642500Z,2026-07-28T21:32:04.572934200Z,COMPLETED,EPISODE_TYPE_PUBLIC,-1,763.7901627705057,735.9522370354854,rurumi,maxwell_ml,54578821,1,790.5950783738003,794.387415626618,replays\episode_88684574.json,True
55064711,88684114,2026-07-28T21:27:28.178799200Z,2026-07-28T21:28:02.387310500Z,COMPLETED,EPISODE_TYPE_PUBLIC,-1,801.0542564647849,763.7901627705057,rurumi,Riko Hirano,54516071,1,776.0238898544801,780.4945574036512,replays\episode_88684114.json,True
55064711,88683647,2026-07-28T21:23:28.414927200Z,2026-07-28T21:23:58.334863300Z,COMPLETED,EPISODE_TYPE_PUBLIC,-1,847.2882083932949,801.0542564647849,rurumi,yash bhaskar,54769611,1,795.8176493860461,800.5929925736654,replays\episode_88683647.json,True
55064711,88683171,2026-07-28T21:19:30.622058500Z,2026-07-28T21:23:33.213162300Z,COMPLETED,EPISODE_TYPE_PUBLIC,1,818.0527083741661,847.2882083932949,rurumi,Đức Nguyễn Minh,54680593,-1,705.8577023654088,703.1956847018383,replays\episode_88683171.json,True
55064711,88682711,2026-07-28T21:15:29.446473300Z,2026-07-28T21:16:05.382845800Z,COMPLETED,EPISODE_TYPE_PUBLIC,1,773.657941631031,818.0527083741661,rurumi,sqafu12,55033607,-1,732.6706532281473,728.949417446964,replays\episode_88682711.json,True
55064711,88682248,2026-07-28T21:11:28.185715200Z,2026-07-28T21:12:00.141555700Z,COMPLETED,EPISODE_TYPE_PUBLIC,1,712.6730124839896,773.657941631031,rurumi,sugayuki_993,53852120,-1,712.4154515852155,708.6052910204306,replays\episode_88682248.json,True
55064711,88681773,2026-07-28T21:07:28.074670600Z,2026-07-28T21:08:00.498544500Z,COMPLETED,EPISODE_TYPE_PUBLIC,1,662.313918828353,712.6730124839896,rurumi,kabu strongest legend,54826226,-1,552.9040471633149,550.3363098177101,replays\episode_88681773.json,True
55064711,88681309,2026-07-28T21:03:27.942411500Z,2026-07-28T21:03:56.859669Z,COMPLETED,EPISODE_TYPE_PUBLIC,1,590.8849607235725,662.313918828353,rurumi,Eamonn Kashyap,54303483,-1,536.8361996498047,533.8085015986505,replays\episode_88681309.json,True
55064711,88680842,2026-07-28T20:59:31.256596200Z,2026-07-28T21:00:02.362389100Z,COMPLETED,EPISODE_TYPE_PUBLIC,-1,679.7277862363122,590.8849607235725,rurumi,Ghulam Ahmad,54123067,1,708.0026125586512,711.1825237713059,replays\episode_88680842.json,True
55064711,88680370,2026-07-28T20:55:33.289454200Z,2026-07-28T20:58:16.680774300Z,COMPLETED,EPISODE_TYPE_PUBLIC,1,600,679.7277862363122,rurumi,KT MATA,54128628,-1,494.801603780033,492.35994032654594,replays\episode_88680370.json,True
55064711,88679860,2026-07-28T20:51:02.902944600Z,2026-07-28T20:52:04.789432700Z,COMPLETED,EPISODE_TYPE_VALIDATION,1,,600,rurumi,rurumi,55064711,-1,,600,replays\episode_88679860.json,True
55067020,88744833,2026-07-29T05:27:41.656036200Z,2026-07-29T05:32:12.885555700Z,COMPLETED,EPISODE_TYPE_PUBLIC,1,780.1981763095009,787.8437709814,rurumi,joinus,55066898,-1,834.7738351651864,827.5967859309933,replays\episode_88744833.json,True
55067020,88742706,2026-07-29T05:11:42.838349200Z,2026-07-29T05:12:16.522736100Z,COMPLETED,EPISODE_TYPE_PUBLIC,-1,786.517195672767,780.1981763095009,rurumi,Tsukuru,54419591,1,794.9254932887252,799.2548293950318,replays\episode_88742706.json,True
55067020,88735827,2026-07-29T04:19:39.980262300Z,2026-07-29T04:20:16.308260600Z,COMPLETED,EPISODE_TYPE_PUBLIC,-1,792.3702613000061,786.517195672767,rurumi,Viturv Pathak,54951837,1,826.8781497940162,830.7963936672027,replays\episode_88735827.json,True
55067020,88732108,2026-07-29T03:51:40.238810200Z,2026-07-29T03:52:19.575294900Z,COMPLETED,EPISODE_TYPE_PUBLIC,1,786.0536169506706,792.3702613000061,rurumi,Myaano,54476941,-1,765.1196348935863,760.992578556277,replays\episode_88732108.json,True
55067020,88728186,2026-07-29T03:23:40.252038900Z,2026-07-29T03:24:13.785350800Z,COMPLETED,EPISODE_TYPE_PUBLIC,1,775.9910861703338,786.0536169506706,rurumi,clouds111,55068638,-1,890.4736823220198,879.330079585833,replays\episode_88728186.json,True
55067020,88726212,2026-07-29T03:07:40.099895800Z,2026-07-29T03:08:34.059011100Z,COMPLETED,EPISODE_TYPE_PUBLIC,1,769.8074705053797,775.9910861703338,rurumi,LULI24,54974995,-1,729.6713442709707,725.8439438865655,replays\episode_88726212.json,True
55067020,88722418,2026-07-29T02:35:44.372219400Z,2026-07-29T02:36:34.551682900Z,COMPLETED,EPISODE_TYPE_PUBLIC,-1,779.3617707917119,769.8074705053797,rurumi,NoxMetenis,54868999,1,704.0948244424108,709.8322817122397,replays\episode_88722418.json,True
55067020,88720420,2026-07-29T02:19:41.476003100Z,2026-07-29T02:20:17.121996200Z,COMPLETED,EPISODE_TYPE_PUBLIC,1,771.8494091216987,779.3617707917119,rurumi,Prema Ananda,53905732,-1,767.9027488149751,763.5155183373488,replays\episode_88720420.json,True
55067020,88719876,2026-07-29T02:15:47.290609200Z,2026-07-29T02:16:41.995663300Z,COMPLETED,EPISODE_TYPE_PUBLIC,1,771.6782238161175,771.8494091216987,rurumi,SHUN_04,53787544,-1,223.32242136294545,223.2226444682791,replays\episode_88719876.json,True
55067020,88719885,2026-07-29T02:15:47.301404800Z,2026-07-29T02:16:22.702429400Z,COMPLETED,EPISODE_TYPE_PUBLIC,-1,780.3753778503154,771.6782238161175,rurumi,AbhilashVJ,54808248,1,751.8005641511085,756.7189755063928,replays\episode_88719885.json,True
55067020,88719330,2026-07-29T02:11:45.168925200Z,2026-07-29T02:12:24.632114400Z,COMPLETED,EPISODE_TYPE_PUBLIC,1,773.9314445073219,780.3753778503154,rurumi,nisimu197,53854678,-1,715.4654069101105,711.9175172874757,replays\episode_88719330.json,True
55067020,88718768,2026-07-29T02:07:42.558695400Z,2026-07-29T02:08:37.523139800Z,COMPLETED,EPISODE_TYPE_PUBLIC,1,764.7710323942832,773.9314445073219,rurumi,near field,54750357,-1,791.7982299497392,786.9130326281733,replays\episode_88718768.json,True
55067020,88718183,2026-07-29T02:03:42.197409800Z,2026-07-29T02:04:17.365253300Z,COMPLETED,EPISODE_TYPE_PUBLIC,-1,780.1192517036761,764.7710323942832,rurumi,peacemonkey,53784018,1,590.3570133364432,598.2263001883888,replays\episode_88718183.json,True
55067020,88717598,2026-07-29T01:59:40.901337500Z,2026-07-29T02:00:29.531832300Z,COMPLETED,EPISODE_TYPE_PUBLIC,-1,788.841205026532,780.1192517036761,rurumi,Latios17,54931598,1,795.4188301963204,799.7477577243005,replays\episode_88717598.json,True
55067020,88717032,2026-07-29T01:56:02.374333600Z,2026-07-29T01:56:39.054236800Z,COMPLETED,EPISODE_TYPE_PUBLIC,1,780.9968002972902,788.841205026532,rurumi,luck is all you need,55057074,-1,739.2294691237242,734.4242932051466,replays\episode_88717032.json,True
55067020,88716577,2026-07-29T01:51:25.840070700Z,2026-07-29T01:52:00.612950900Z,COMPLETED,EPISODE_TYPE_PUBLIC,1,774.1364902140247,780.9968002972902,rurumi,razona,53979968,-1,691.9744358806923,688.7716110059287,replays\episode_88716577.json,True
55067020,88715996,2026-07-29T01:47:25.937513Z,2026-07-29T01:48:01.629100100Z,COMPLETED,EPISODE_TYPE_PUBLIC,-1,787.3919380081765,774.1364902140247,rurumi,eiji noguchi,53968591,1,697.8445146181795,703.7855908248334,replays\episode_88715996.json,True
55067020,88715417,2026-07-29T01:43:27.028481200Z,2026-07-29T01:43:57.271335500Z,COMPLETED,EPISODE_TYPE_PUBLIC,1,780.813300042446,787.3919380081765,rurumi,Javier Arturo Gutierrez Sanchez ,54953961,-1,673.2935633208253,670.4328058962919,replays\episode_88715417.json,True
55067020,88714803,2026-07-29T01:39:36.970854400Z,2026-07-29T01:40:10.964256300Z,COMPLETED,EPISODE_TYPE_PUBLIC,1,772.2065348370772,780.813300042446,rurumi,MarKoz,55028197,-1,719.5974300223527,715.9841348432312,replays\episode_88714803.json,True
55067020,88714219,2026-07-29T01:35:50.731650900Z,2026-07-29T01:36:24.964402200Z,COMPLETED,EPISODE_TYPE_PUBLIC,-1,783.8557339386243,772.2065348370772,rurumi,suhzh zjjzh,54902920,1,766.0959702672966,770.7890356732116,replays\episode_88714219.json,True
55067020,88713618,2026-07-29T01:31:28.384974500Z,2026-07-29T01:32:09.861455600Z,COMPLETED,EPISODE_TYPE_PUBLIC,1,774.5838659540327,783.8557339386243,rurumi,yatosa,54893452,-1,721.2830763374446,717.6867128830008,replays\episode_88713618.json,True
55067020,88712990,2026-07-29T01:27:28.296924400Z,2026-07-29T01:28:12.040867100Z,COMPLETED,EPISODE_TYPE_PUBLIC,-1,782.9125173946763,774.5838659540327,rurumi,monsaraida,55066986,1,867.0882407638593,875.7557310728089,replays\episode_88712990.json,True
55067020,88713004,2026-07-29T01:27:28.314204400Z,2026-07-29T01:28:00.043219700Z,COMPLETED,EPISODE_TYPE_PUBLIC,-1,799.4804441943353,782.9125173946763,rurumi,DiuDiu,54895156,1,709.4712636517623,715.3664836742998,replays\episode_88713004.json,True
55067020,88712428,2026-07-29T01:23:28.232903300Z,2026-07-29T01:23:56.381345Z,COMPLETED,EPISODE_TYPE_PUBLIC,1,787.6291597335729,799.4804441943353,rurumi,Lixin73,54933154,-1,764.6550269798939,760.6253642739122,replays\episode_88712428.json,True
55067020,88711917,2026-07-29T01:19:29.248758600Z,2026-07-29T01:20:00.349926300Z,COMPLETED,EPISODE_TYPE_PUBLIC,-1,805.4102746405839,787.6291597335729,rurumi,Affan,54973576,1,723.898524936067,729.6181429421272,replays\episode_88711917.json,True
55067020,88711409,2026-07-29T01:15:28.227333300Z,2026-07-29T01:16:19.263584500Z,COMPLETED,EPISODE_TYPE_PUBLIC,-1,823.2473500862965,805.4102746405839,rurumi,born,54787469,1,758.458789500052,763.8761950070274,replays\episode_88711409.json,True
55067020,88710913,2026-07-29T01:11:27.724029600Z,2026-07-29T01:12:06.612537700Z,COMPLETED,EPISODE_TYPE_PUBLIC,1,812.4338065118774,823.2473500862965,rurumi,CYLik,53912806,-1,727.5988075420632,724.4650396788355,replays\episode_88710913.json,True
55067020,88710425,2026-07-29T01:07:30.604112100Z,2026-07-29T01:08:17.449826900Z,COMPLETED,EPISODE_TYPE_PUBLIC,1,793.6596202845507,812.4338065118774,rurumi,nsytsqdtn,55059252,-1,842.5937159599183,836.7003380890582,replays\episode_88710425.json,True
55067020,88709913,2026-07-29T01:03:29.129503500Z,2026-07-29T01:04:05.216746900Z,COMPLETED,EPISODE_TYPE_PUBLIC,-1,812.2697844051593,793.6596202845507,rurumi,Mr. Crowley,55014313,1,785.2676909353992,790.0203805004692,replays\episode_88709913.json,True
55067020,88709422,2026-07-29T00:59:27.802784200Z,2026-07-29T01:00:03.354307600Z,COMPLETED,EPISODE_TYPE_PUBLIC,1,797.8124916301783,812.2697844051593,rurumi,cicada,54769848,-1,740.0442071088546,736.5636850037458,replays\episode_88709422.json,True
55067020,88708915,2026-07-29T00:55:29.559489800Z,2026-07-29T00:56:05.022660Z,COMPLETED,EPISODE_TYPE_PUBLIC,-1,821.1685303134688,797.8124916301783,rurumi,hatata,55051568,1,762.4752051214718,768.5733964984602,replays\episode_88708915.json,True
55067020,88708405,2026-07-29T00:51:30.706890900Z,2026-07-29T00:52:20.644154800Z,COMPLETED,EPISODE_TYPE_PUBLIC,-1,838.6164416002784,821.1685303134688,rurumi,LumenLiquidity,55068174,1,814.1488139616629,901.6658943291721,replays\episode_88708405.json,True
55067020,88707907,2026-07-29T00:47:28.133487200Z,2026-07-29T00:48:01.653228100Z,COMPLETED,EPISODE_TYPE_PUBLIC,1,820.0371120619427,838.6164416002784,rurumi,変化の書ゾロアーク,54492388,-1,778.3139277194385,774.64192856535,replays\episode_88707907.json,True
55067020,88707432,2026-07-29T00:43:30.562383Z,2026-07-29T00:44:16.135141500Z,COMPLETED,EPISODE_TYPE_PUBLIC,-1,837.2637438420627,820.0371120619427,rurumi,kwa,55064514,1,915.4617050116336,919.2095798918458,replays\episode_88707432.json,True
55067020,88706916,2026-07-29T00:39:28.021342100Z,2026-07-29T00:40:00.327165100Z,COMPLETED,EPISODE_TYPE_PUBLIC,1,807.9371723834201,837.2637438420627,rurumi,barrybao123,54484841,-1,852.1127339257717,847.2217735769261,replays\episode_88706916.json,True
55067020,88706442,2026-07-29T00:35:30.240427500Z,2026-07-29T00:36:11.497648200Z,COMPLETED,EPISODE_TYPE_PUBLIC,0,806.593379911226,807.9371723834201,rurumi,ysowkx,55003332,0,816.3921702171675,816.1683655913544,replays\episode_88706442.json,True
55067020,88705914,2026-07-29T00:31:33.251282600Z,2026-07-29T00:34:10.192334Z,COMPLETED,EPISODE_TYPE_PUBLIC,1,776.9260058019281,806.593379911226,rurumi,Nora,54978533,-1,794.8865194107225,790.4298559228744,replays\episode_88705914.json,True
55067020,88705584,2026-07-29T00:27:27.922430800Z,2026-07-29T00:28:07.928623300Z,COMPLETED,EPISODE_TYPE_PUBLIC,1,753.124354292462,776.9260058019281,rurumi,Anjana mohan,55066002,-1,687.4395359808204,680.4026561584635,replays\episode_88705584.json,True
55067020,88705415,2026-07-29T00:27:27.652965500Z,2026-07-29T00:28:00.877317Z,COMPLETED,EPISODE_TYPE_PUBLIC,1,719.869880149296,753.124354292462,rurumi,Koki Funahashi,55067064,-1,747.2273599473164,706.3433526436014,replays\episode_88705415.json,True
55067020,88704915,2026-07-29T00:23:27.839978100Z,2026-07-29T00:24:03.147477200Z,COMPLETED,EPISODE_TYPE_PUBLIC,-1,757.139897216681,719.869880149296,rurumi,みずあめ,54746018,1,761.376717044709,765.3967117956912,replays\episode_88704915.json,True
55067020,88704414,2026-07-29T00:19:27.907216900Z,2026-07-29T00:20:30.502027Z,COMPLETED,EPISODE_TYPE_PUBLIC,1,708.4557005691994,757.139897216681,rurumi,Aib4,54153701,-1,742.6403767899116,738.1737608269954,replays\episode_88704414.json,True
55067020,88703935,2026-07-29T00:15:29.703914100Z,2026-07-29T00:16:19.117245100Z,COMPLETED,EPISODE_TYPE_PUBLIC,1,668.3286566113134,708.4557005691994,rurumi,taku_sid,54723485,-1,602.7823949561646,599.6364347098663,replays\episode_88703935.json,True
55067020,88703428,2026-07-29T00:11:27.915547600Z,2026-07-29T00:12:28.108104500Z,COMPLETED,EPISODE_TYPE_PUBLIC,1,594.8519438123193,668.3286566113134,rurumi,Kunal Aarse,55052994,-1,659.6987407481928,653.1309878959171,replays\episode_88703428.json,True
55067020,88702908,2026-07-29T00:07:30.316407Z,2026-07-29T00:07:58.191916100Z,COMPLETED,EPISODE_TYPE_PUBLIC,-1,681.7237989996291,594.8519438123193,rurumi,Trii,54396318,1,617.8026106248437,622.2320808685255,replays\episode_88702908.json,True
55067020,88702417,2026-07-29T00:03:27.943038400Z,2026-07-29T00:04:14.833443Z,COMPLETED,EPISODE_TYPE_PUBLIC,1,632.6747932093009,681.7237989996291,rurumi,Oleh Patsan,55044510,-1,471.8808229299264,468.43617604044783,replays\episode_88702417.json,True
55067020,88701878,2026-07-28T23:59:27.704065400Z,2026-07-29T00:00:00.918396600Z,COMPLETED,EPISODE_TYPE_PUBLIC,-1,730.7541837200458,632.6747932093009,rurumi,gabrielep09,54922145,1,724.4806200410678,727.9911314618322,replays\episode_88701878.json,True
55067020,88701405,2026-07-28T23:55:28.257880100Z,2026-07-28T23:56:00.023105Z,COMPLETED,EPISODE_TYPE_PUBLIC,1,600,730.7541837200458,rurumi,ひげだるま(inovie株式会社),54220056,-1,671.453182453528,667.4488355771016,replays\episode_88701405.json,True
55067020,88701350,2026-07-28T23:51:55.769701900Z,2026-07-28T23:52:27.009566100Z,COMPLETED,EPISODE_TYPE_VALIDATION,1,,600,rurumi,rurumi,55067020,-1,,600,replays\episode_88701350.json,True
55070349,88764088,2026-07-29T07:55:41.296360300Z,2026-07-29T07:56:25.894671300Z,COMPLETED,EPISODE_TYPE_PUBLIC,1,579.4889216202741,587.492446928926,rurumi,今井大登,55074854,-1,580.9252707507596,551.9122178465055,replays\episode_88764088.json,True
55070349,88755340,2026-07-29T06:47:40.397335700Z,2026-07-29T06:48:15.801865500Z,COMPLETED,EPISODE_TYPE_PUBLIC,1,571.6681908649392,579.4889216202741,rurumi,RyuseiHiko,54412766,-1,539.9940860576772,536.0538465504759,replays\episode_88755340.json,True
55070349,88745163,2026-07-29T05:31:42.253720100Z,2026-07-29T05:36:24.024490300Z,COMPLETED,EPISODE_TYPE_PUBLIC,-1,576.2257575463985,571.6681908649392,rurumi,SantaClaws,55071299,1,733.5738692705145,740.0107300621033,replays\episode_88745163.json,True
55070349,88741618,2026-07-29T05:03:40.190444800Z,2026-07-29T05:04:13.153170300Z,COMPLETED,EPISODE_TYPE_PUBLIC,-1,586.9437183979114,576.2257575463985,rurumi,fu,55027477,1,545.2994251892703,552.0422433095836,replays\episode_88741618.json,True
55070349,88741083,2026-07-29T04:59:39.781331500Z,2026-07-29T05:00:28.930271900Z,COMPLETED,EPISODE_TYPE_PUBLIC,-1,587.8236068736652,586.9437183979114,rurumi,hatry,55066902,1,996.6661217040105,997.1388065050353,replays\episode_88741083.json,True
55070349,88740556,2026-07-29T04:55:41.467701100Z,2026-07-29T04:56:21.120076400Z,COMPLETED,EPISODE_TYPE_PUBLIC,1,577.4715906318065,587.8236068736652,rurumi,リュミオーネTom,53935646,-1,594.8628231720996,590.1582425021634,replays\episode_88740556.json,True
55070349,88740019,2026-07-29T04:51:40.643495800Z,2026-07-29T04:52:14.529363Z,COMPLETED,EPISODE_TYPE_PUBLIC,-1,587.5865189339039,577.4715906318065,rurumi,_vasu_.063,53980125,1,586.9200427256411,591.3495481627161,replays\episode_88740019.json,True
55070349,88739492,2026-07-29T04:47:40.152994500Z,2026-07-29T04:48:15.138328Z,COMPLETED,EPISODE_TYPE_PUBLIC,1,575.0623928925177,587.5865189339039,rurumi,NekoChan-NekoChan,55058868,-1,628.2778838602637,621.0579007563473,replays\episode_88739492.json,True
55070349,88738949,2026-07-29T04:43:39.841586900Z,2026-07-29T04:44:42.700276500Z,COMPLETED,EPISODE_TYPE_PUBLIC,1,563.2781713428498,575.0623928925177,rurumi,Shake912,55029722,-1,585.0595290109175,579.7987250702488,replays\episode_88738949.json,True
55070349,88738383,2026-07-29T04:39:40.074361200Z,2026-07-29T04:40:13.646290700Z,COMPLETED,EPISODE_TYPE_PUBLIC,-1,575.4309147912833,563.2781713428498,rurumi,Ryu310_bnb,54349186,1,557.1692944059472,561.86392438441,replays\episode_88738383.json,True
55070349,88737838,2026-07-29T04:35:40.957978900Z,2026-07-29T04:36:55.022733300Z,COMPLETED,EPISODE_TYPE_PUBLIC,-1,582.5502730996728,575.4309147912833,rurumi,Đức Nguyễn Minh,54680593,1,705.5135160537075,708.1726454035785,replays\episode_88737838.json,True
55070349,88737268,2026-07-29T04:31:39.884603900Z,2026-07-29T04:32:15.744600400Z,COMPLETED,EPISODE_TYPE_PUBLIC,-1,598.4392142661151,582.5502730996728,rurumi,Nori,55005606,1,522.459822761565,528.3907581275461,replays\episode_88737268.json,True
55070349,88736720,2026-07-29T04:27:39.978411500Z,2026-07-29T04:28:16.147759900Z,COMPLETED,EPISODE_TYPE_PUBLIC,1,588.3310370730247,598.4392142661151,rurumi,ZealChou,54206729,-1,525.0879557151289,521.6449748520175,replays\episode_88736720.json,True
55070349,88736175,2026-07-29T04:23:39.747119400Z,2026-07-29T04:24:13.166248900Z,COMPLETED,EPISODE_TYPE_PUBLIC,1,576.294721026014,588.3310370730247,rurumi,Miltank Lovers,54239913,-1,545.8794252066727,541.9671527339609,replays\episode_88736175.json,True
55070349,88735630,2026-07-29T04:19:39.647104400Z,2026-07-29T04:20:16.516580Z,COMPLETED,EPISODE_TYPE_PUBLIC,-1,589.2017454652856,576.294721026014,rurumi,GluePickel,54002625,1,613.7827182410775,617.7751801756646,replays\episode_88735630.json,True
55070349,88735092,2026-07-29T04:15:43.245291300Z,2026-07-29T04:18:55.793935800Z,COMPLETED,EPISODE_TYPE_PUBLIC,1,563.2631260359028,589.2017454652856,rurumi,Gregers Rygg,54937586,-1,744.7799747334138,737.2806930581513,replays\episode_88735092.json,True
55070349,88734544,2026-07-29T04:11:39.855319700Z,2026-07-29T04:12:14.149820500Z,COMPLETED,EPISODE_TYPE_PUBLIC,-1,574.1424930483047,563.2631260359028,rurumi,gakki,55071541,1,600,699.6041395840203,replays\episode_88734544.json,True
55070349,88734005,2026-07-29T04:07:39.900433Z,2026-07-29T04:08:12.910097Z,COMPLETED,EPISODE_TYPE_PUBLIC,1,562.5685755021382,574.1424930483047,rurumi,AFC,53890408,-1,474.6254071275962,471.539796688587,replays\episode_88734005.json,True
55070349,88733441,2026-07-29T04:03:39.997196400Z,2026-07-29T04:04:15.196598500Z,COMPLETED,EPISODE_TYPE_PUBLIC,-1,577.9979773834807,562.5685755021382,rurumi,NekoChan-NekoChan,55055460,1,607.0125823462961,612.5618701788821,replays\episode_88733441.json,True
55070349,88732894,2026-07-29T03:59:39.849654800Z,2026-07-29T04:00:16.727470700Z,COMPLETED,EPISODE_TYPE_PUBLIC,-1,594.5581821326109,577.9979773834807,rurumi,Hiroki Koga,55051704,1,620.7646011503613,626.3549338468546,replays\episode_88732894.json,True
55070349,88732347,2026-07-29T03:55:40.649901400Z,2026-07-29T03:56:12.249417500Z,COMPLETED,EPISODE_TYPE_PUBLIC,-1,615.914944818849,594.5581821326109,rurumi,osugi-1,53911292,1,591.0424073936485,595.7219859358602,replays\episode_88732347.json,True
55070349,88731880,2026-07-29T03:51:39.874911700Z,2026-07-29T03:52:14.211217600Z,COMPLETED,EPISODE_TYPE_PUBLIC,1,589.0407648181387,615.914944818849,rurumi,Adam Conan,54366324,-1,661.1806020625487,655.7718640903479,replays\episode_88731880.json,True
55070349,88731335,2026-07-29T03:47:39.804320900Z,2026-07-29T03:48:08.943158800Z,COMPLETED,EPISODE_TYPE_PUBLIC,-1,610.2826237336798,589.0407648181387,rurumi,ok method,54393439,1,631.6759333635077,635.6220743856239,replays\episode_88731335.json,True
55070349,88730782,2026-07-29T03:43:39.484743100Z,2026-07-29T03:45:31.214157300Z,COMPLETED,EPISODE_TYPE_PUBLIC,-1,636.309287112566,610.2826237336798,rurumi,AlJan,54945176,1,624.1426176112959,628.5536120741909,replays\episode_88730782.json,True
55070349,88730230,2026-07-29T03:39:39.564068200Z,2026-07-29T03:40:14.403565Z,COMPLETED,EPISODE_TYPE_PUBLIC,-1,659.3624895533203,636.309287112566,rurumi,InkCartridge,55056698,1,704.0837534889167,708.8643424865041,replays\episode_88730230.json,True
55070349,88729684,2026-07-29T03:35:41.751319100Z,2026-07-29T03:36:23.432274600Z,COMPLETED,EPISODE_TYPE_PUBLIC,1,640.5179956097347,659.3624895533203,rurumi,blibli.com,54554587,-1,524.8448160445565,522.1622099131473,replays\episode_88729684.json,True
55070349,88729123,2026-07-29T03:31:39.487884500Z,2026-07-29T03:32:18.542348900Z,COMPLETED,EPISODE_TYPE_PUBLIC,1,593.3367691308176,640.5179956097347,rurumi,iruka4444,53763872,-1,708.4192813958886,702.5655029062204,replays\episode_88729123.json,True
55070349,88728569,2026-07-29T03:27:39.564578100Z,2026-07-29T03:28:16.559107900Z,COMPLETED,EPISODE_TYPE_PUBLIC,-1,633.0066260635798,593.3367691308176,rurumi,Shion Fukuzawa,53925317,1,617.4804180664988,621.7716535503085,replays\episode_88728569.json,True
55070349,88728032,2026-07-29T03:23:39.994327800Z,2026-07-29T03:24:26.504508900Z,COMPLETED,EPISODE_TYPE_PUBLIC,1,584.3070692438432,633.0066260635798,rurumi,POKEN,55020410,-1,620.214724694032,615.0157554182173,replays\episode_88728032.json,True
55070349,88727552,2026-07-29T03:19:39.701111900Z,2026-07-29T03:20:20.077942900Z,COMPLETED,EPISODE_TYPE_PUBLIC,-1,644.1518354928461,584.3070692438432,rurumi,nakano?neru?maru?ruru,53795267,1,595.6364175106274,600.1811126697436,replays\episode_88727552.json,True
55070349,88727004,2026-07-29T03:15:41.515337900Z,2026-07-29T03:16:32.148280100Z,COMPLETED,EPISODE_TYPE_PUBLIC,1,591.2121058338392,644.1518354928461,rurumi,Tatsuhiro Nakamori,55048772,-1,548.3925314170009,543.5824436053873,replays\episode_88727004.json,True
55070349,88726457,2026-07-29T03:11:39.764103900Z,2026-07-29T03:12:20.904293400Z,COMPLETED,EPISODE_TYPE_PUBLIC,-1,646.3923467028335,591.2121058338392,rurumi,Davide,54840048,1,730.183373274109,732.9969339427674,replays\episode_88726457.json,True
55070349,88725909,2026-07-29T03:07:39.632586400Z,2026-07-29T03:08:08.949267100Z,COMPLETED,EPISODE_TYPE_PUBLIC,1,576.4727799498995,646.3923467028335,rurumi,chihiro tomioka,54191883,-1,515.7627543903162,512.7990357303735,replays\episode_88725909.json,True
55070349,88725375,2026-07-29T03:03:39.750719600Z,2026-07-29T03:04:19.809561200Z,COMPLETED,EPISODE_TYPE_PUBLIC,1,501.3549304418569,576.4727799498995,rurumi,imamutya,53927244,-1,418.59459169088063,415.9059323585986,replays\episode_88725375.json,True
55070349,88724889,2026-07-29T02:59:39.657502300Z,2026-07-29T03:00:14.006086700Z,COMPLETED,EPISODE_TYPE_PUBLIC,-1,600,501.3549304418569,rurumi,sea_mountain,53916498,1,635.0835540954513,638.1045593506694,replays\episode_88724889.json,True
55070349,88724838,2026-07-29T02:57:21.795045600Z,2026-07-29T02:57:52.171904400Z,COMPLETED,EPISODE_TYPE_VALIDATION,1,,600,rurumi,rurumi,55070349,-1,,600,replays\episode_88724838.json,True
55073442,88806379,2026-07-29T13:15:42.380428900Z,2026-07-29T13:16:15.142244200Z,COMPLETED,EPISODE_TYPE_PUBLIC,-1,774.3527398024996,769.1621560121243,rurumi,Ray,54988921,1,816.1660751517812,819.978420259567,replays\episode_88806379.json,True
55073442,88794865,2026-07-29T11:47:40.356979Z,2026-07-29T11:48:17.027351400Z,COMPLETED,EPISODE_TYPE_PUBLIC,-1,778.9496648370952,774.3527398024996,rurumi,Seiyo,54991608,1,854.9191805940997,858.2290035263991,replays\episode_88794865.json,True
55073442,88783155,2026-07-29T10:19:38.391759300Z,2026-07-29T10:20:16.999915500Z,COMPLETED,EPISODE_TYPE_PUBLIC,1,770.5960308605509,778.9496648370952,rurumi,低消650元任你吃啊,55075614,-1,855.247974274732,845.1695365058199,replays\episode_88783155.json,True
55073442,88783236,2026-07-29T10:19:38.567561300Z,2026-07-29T10:20:13.701505900Z,COMPLETED,EPISODE_TYPE_PUBLIC,-1,778.4842978610296,770.5960308605509,rurumi,tks,54282563,1,723.6302038713616,729.0230924537916,replays\episode_88783236.json,True
55073442,88773847,2026-07-29T09:07:43.541769400Z,2026-07-29T09:11:59.986066400Z,COMPLETED,EPISODE_TYPE_PUBLIC,1,773.8420062793639,778.4842978610296,rurumi,yuki0731,55067758,-1,684.5723222764867,679.9076435600771,replays\episode_88773847.json,True
55073442,88770926,2026-07-29T08:47:45.649283300Z,2026-07-29T08:48:17.094867200Z,COMPLETED,EPISODE_TYPE_PUBLIC,-1,780.3035622934244,773.8420062793639,rurumi,ベイズVMAX,55076540,1,742.7358579469554,810.6853162406562,replays\episode_88770926.json,True
55073442,88770225,2026-07-29T08:39:40.162551600Z,2026-07-29T08:40:25.914975200Z,COMPLETED,EPISODE_TYPE_PUBLIC,1,775.4162567915539,780.3035622934244,rurumi,Satoluca,53906099,-1,687.8545619085446,684.711196829036,replays\episode_88770225.json,True
55073442,88769620,2026-07-29T08:35:42.964843Z,2026-07-29T08:36:17.715993900Z,COMPLETED,EPISODE_TYPE_PUBLIC,-1,785.2939067524425,775.4162567915539,rurumi,takuya noto,54004858,1,686.7642002089664,692.9299764737966,replays\episode_88769620.json,True
55073442,88769097,2026-07-29T08:31:40.955356400Z,2026-07-29T08:32:20.627377100Z,COMPLETED,EPISODE_TYPE_PUBLIC,1,778.8452576021086,785.2939067524425,rurumi,kambarakun,54408830,-1,745.1444613964696,741.2203239792852,replays\episode_88769097.json,True
55073442,88768540,2026-07-29T08:27:44.855314500Z,2026-07-29T08:28:20.536940800Z,COMPLETED,EPISODE_TYPE_PUBLIC,0,775.9663261007587,778.8452576021086,rurumi,Brian Naff,54845337,0,844.8885476630666,843.1401733936613,replays\episode_88768540.json,True
55073442,88768028,2026-07-29T08:23:40.400329700Z,2026-07-29T08:24:13.855540100Z,COMPLETED,EPISODE_TYPE_PUBLIC,-1,783.759861789946,775.9663261007587,rurumi,MahLong,55066154,1,773.5493501976168,779.3553396555398,replays\episode_88768028.json,True
55073442,88767480,2026-07-29T08:19:40.316480600Z,2026-07-29T08:20:23.203818700Z,COMPLETED,EPISODE_TYPE_PUBLIC,1,775.402347996712,783.759861789946,rurumi,Pixegami,55017908,-1,796.3266907257189,791.5346775386132,replays\episode_88767480.json,True
55073442,88766929,2026-07-29T08:15:41.502291600Z,2026-07-29T08:16:14.397700400Z,COMPLETED,EPISODE_TYPE_PUBLIC,1,767.5651641274457,775.402347996712,rurumi,Лукин Алексей,54789536,-1,762.4905160932774,758.1258929982945,replays\episode_88766929.json,True
55073442,88766359,2026-07-29T08:11:40.293750600Z,2026-07-29T08:12:30.260166200Z,COMPLETED,EPISODE_TYPE_PUBLIC,1,756.405456376586,767.5651641274457,rurumi,Troy_xx,55073653,-1,852.9235841788109,841.1341550727801,replays\episode_88766359.json,True
55073442,88766393,2026-07-29T08:11:40.369400500Z,2026-07-29T08:12:14.418012800Z,COMPLETED,EPISODE_TYPE_PUBLIC,1,749.1078999418661,756.405456376586,rurumi,guohaowen,53986192,-1,709.0839932367761,705.2669676054669,replays\episode_88766393.json,True
55073442,88765742,2026-07-29T08:07:39.889862700Z,2026-07-29T08:08:36.268827300Z,COMPLETED,EPISODE_TYPE_PUBLIC,-1,754.4738892757147,749.1078999418661,rurumi,Kai_zuta,55074213,1,869.588246079729,877.4026244743342,replays\episode_88765742.json,True
55073442,88765841,2026-07-29T08:07:40.089535900Z,2026-07-29T08:08:18.101041900Z,COMPLETED,EPISODE_TYPE_PUBLIC,-1,762.7341845339114,754.4738892757147,rurumi,kokomi,54282282,1,784.8938198582588,788.978327326185,replays\episode_88765841.json,True
55073442,88765301,2026-07-29T08:03:40.358694600Z,2026-07-29T08:04:18.303742400Z,COMPLETED,EPISODE_TYPE_PUBLIC,1,751.5082514297235,762.7341845339114,rurumi,fsun,55058553,-1,807.0271085321054,801.4318645134422,replays\episode_88765301.json,True
55073442,88764741,2026-07-29T07:59:39.976206400Z,2026-07-29T08:00:12.361177Z,COMPLETED,EPISODE_TYPE_PUBLIC,-1,762.0974962496904,751.5082514297235,rurumi,anngle,55000806,1,735.1308945714488,739.9948641811809,replays\episode_88764741.json,True
55073442,88764209,2026-07-29T07:55:41.481257500Z,2026-07-29T07:56:16.547417200Z,COMPLETED,EPISODE_TYPE_PUBLIC,1,751.9764626414593,762.0974962496904,rurumi,Baidalin Adilzhan [dsml.kz],55071494,-1,757.6426791946365,750.9063228572392,replays\episode_88764209.json,True
55073442,88763663,2026-07-29T07:51:40.061678600Z,2026-07-29T07:52:20.749005400Z,COMPLETED,EPISODE_TYPE_PUBLIC,-1,761.2060654681936,751.9764626414593,rurumi,corelattice,54920818,1,791.6928239626836,795.6355949941263,replays\episode_88763663.json,True
55073442,88763496,2026-07-29T07:51:39.786772700Z,2026-07-29T07:52:14.936714400Z,COMPLETED,EPISODE_TYPE_PUBLIC,1,752.008961799427,761.2060654681936,rurumi,Handry Novianto,55075197,-1,759.5196037385373,694.9994716243333,replays\episode_88763496.json,True
55073442,88763105,2026-07-29T07:47:41.063955100Z,2026-07-29T07:48:17.007466100Z,COMPLETED,EPISODE_TYPE_PUBLIC,1,738.445634997404,752.008961799427,rurumi,Aib4,54334435,-1,798.0282698361284,792.6379437263647,replays\episode_88763105.json,True
55073442,88763128,2026-07-29T07:47:41.092253700Z,2026-07-29T07:48:16.533002200Z,COMPLETED,EPISODE_TYPE_PUBLIC,-1,748.5680614341667,738.445634997404,rurumi,Banjo,55073257,1,779.6020255585308,788.3718062035907,replays\episode_88763128.json,True
55073442,88762571,2026-07-29T07:43:40.446479700Z,2026-07-29T07:44:10.812997100Z,COMPLETED,EPISODE_TYPE_PUBLIC,1,745.9773926813556,748.5680614341667,rurumi,Yuta Tadokoro,53770358,-1,446.0990214502491,445.12625461644217,replays\episode_88762571.json,True
55073442,88762026,2026-07-29T07:39:40.138526Z,2026-07-29T07:40:14.460293600Z,COMPLETED,EPISODE_TYPE_PUBLIC,-1,760.205650915876,745.9773926813556,rurumi,hank0123,55054350,1,715.8022349150616,722.1439921374204,replays\episode_88762026.json,True
55073442,88761482,2026-07-29T07:35:43.457778Z,2026-07-29T07:36:12.040091300Z,COMPLETED,EPISODE_TYPE_PUBLIC,-1,772.159670117404,760.205650915876,rurumi,Ryan Offstein,54113378,1,791.2173567875548,795.3071836462808,replays\episode_88761482.json,True
55073442,88760869,2026-07-29T07:31:39.849356800Z,2026-07-29T07:32:15.497062900Z,COMPLETED,EPISODE_TYPE_PUBLIC,-1,783.2200124873025,772.159670117404,rurumi,s@sak1,55074206,1,822.292279951305,841.205476687713,replays\episode_88760869.json,True
55073442,88760931,2026-07-29T07:31:39.950706200Z,2026-07-29T07:32:12.641256200Z,COMPLETED,EPISODE_TYPE_PUBLIC,1,766.1230733091743,783.2200124873025,rurumi,monnosuke,55068255,-1,825.645849509569,818.6394517216339,replays\episode_88760931.json,True
55073442,88760387,2026-07-29T07:27:40.684627100Z,2026-07-29T07:28:13.498772Z,COMPLETED,EPISODE_TYPE_PUBLIC,-1,787.4592569190229,766.1230733091743,rurumi,Team 阿頼耶識,54466736,1,675.6599761860216,681.8820377847042,replays\episode_88760387.json,True
55073442,88759829,2026-07-29T07:23:40.177341500Z,2026-07-29T07:24:13.875050900Z,COMPLETED,EPISODE_TYPE_PUBLIC,1,778.4549028339967,787.4592569190229,rurumi,わかくさコーン,54360201,-1,644.4994063034846,641.9846251984052,replays\episode_88759829.json,True
55073442,88759316,2026-07-29T07:19:40.061032600Z,2026-07-29T07:20:29.836439200Z,COMPLETED,EPISODE_TYPE_PUBLIC,-1,796.9755750316514,778.4549028339967,rurumi,Mahog,55030242,1,763.9517730896599,768.8071490959169,replays\episode_88759316.json,True
55073442,88758772,2026-07-29T07:15:42.348498Z,2026-07-29T07:16:30.658803700Z,COMPLETED,EPISODE_TYPE_PUBLIC,-1,813.1635762897763,796.9755750316514,rurumi,Jose Angel Jude Telan,55067437,1,834.6148364953164,839.6041819498037,replays\episode_88758772.json,True
55073442,88758235,2026-07-29T07:11:41.746856600Z,2026-07-29T07:12:28.520149300Z,COMPLETED,EPISODE_TYPE_PUBLIC,1,812.0075744861998,813.1635762897763,rurumi,yaphanqiii,54604729,-1,352.75421942788313,352.47220406306445,replays\episode_88758235.json,True
55073442,88757687,2026-07-29T07:07:43.363640600Z,2026-07-29T07:08:55.467890600Z,COMPLETED,EPISODE_TYPE_PUBLIC,-1,827.9341893175979,812.0075744861998,rurumi,没落者,55030695,1,873.2240074197307,876.8710368469198,replays\episode_88757687.json,True
55073442,88757150,2026-07-29T07:03:40.009321900Z,2026-07-29T07:07:50.275238900Z,COMPLETED,EPISODE_TYPE_PUBLIC,-1,844.383378198295,827.9341893175979,rurumi,Kyohei,55066196,1,897.1650590435951,901.4080264672103,replays\episode_88757150.json,True
55073442,88756629,2026-07-29T06:59:39.953943300Z,2026-07-29T07:00:18.495909Z,COMPLETED,EPISODE_TYPE_PUBLIC,1,824.6928918396189,844.383378198295,rurumi,Ishi-eenn,54870549,-1,800.1759006347429,796.2595777497826,replays\episode_88756629.json,True
55073442,88756093,2026-07-29T06:55:42.249869600Z,2026-07-29T06:56:48.460370600Z,COMPLETED,EPISODE_TYPE_PUBLIC,1,805.992711449915,824.6928918396189,rurumi,Gowtham,54876831,-1,748.8143900696646,745.3658607312661,replays\episode_88756093.json,True
55073442,88755566,2026-07-29T06:51:39.996188300Z,2026-07-29T06:52:17.879378800Z,COMPLETED,EPISODE_TYPE_PUBLIC,1,778.8636392950727,805.992711449915,rurumi,Kaito Fukami,55067968,-1,801.925754712217,796.1971403397838,replays\episode_88755566.json,True
55073442,88755032,2026-07-29T06:47:39.896635300Z,2026-07-29T06:48:10.722010900Z,COMPLETED,EPISODE_TYPE_PUBLIC,1,764.4005827563624,778.8636392950727,rurumi,yousan,53794311,-1,610.375173245782,608.1109044249096,replays\episode_88755032.json,True
55073442,88754493,2026-07-29T06:43:39.751206200Z,2026-07-29T06:44:24.704631600Z,COMPLETED,EPISODE_TYPE_PUBLIC,1,733.0121428441113,764.4005827563624,rurumi,DovyDigital,55069096,-1,751.0048116700453,744.609485435215,replays\episode_88754493.json,True
55073442,88753953,2026-07-29T06:39:39.775361100Z,2026-07-29T06:40:09.472166Z,COMPLETED,EPISODE_TYPE_PUBLIC,1,704.65697286695,733.0121428441113,rurumi,NineThree,54857555,-1,662.7505316230454,659.1806575232752,replays\episode_88753953.json,True
55073442,88753402,2026-07-29T06:35:42.091165300Z,2026-07-29T06:36:11.993444600Z,COMPLETED,EPISODE_TYPE_PUBLIC,-1,751.2703948370861,704.65697286695,rurumi,HOMEWORK_L,53943753,1,681.7453096699414,686.8139451672868,replays\episode_88753402.json,True
55073442,88752880,2026-07-29T06:31:39.986961700Z,2026-07-29T06:32:22.203661900Z,COMPLETED,EPISODE_TYPE_PUBLIC,1,747.7815624161677,751.2703948370861,rurumi,hrkunno,54158657,-1,299.2812562915913,298.91255388295224,replays\episode_88752880.json,True
55073442,88752358,2026-07-29T06:27:40.272731100Z,2026-07-29T06:28:13.640279300Z,COMPLETED,EPISODE_TYPE_PUBLIC,1,702.3937254380111,747.7815624161677,rurumi,ysowkx,54871146,-1,709.6262306826968,705.5304573249667,replays\episode_88752358.json,True
55073442,88751829,2026-07-29T06:23:39.969511900Z,2026-07-29T06:24:13.038132100Z,COMPLETED,EPISODE_TYPE_PUBLIC,1,662.2115116938271,702.3937254380111,rurumi,Takahide Seki,55044209,-1,593.395586919565,589.4403618775253,replays\episode_88751829.json,True
55073442,88751290,2026-07-29T06:19:39.727862300Z,2026-07-29T06:20:09.603862200Z,COMPLETED,EPISODE_TYPE_PUBLIC,-1,733.7841399107951,662.2115116938271,rurumi,atayanZ123,53896360,1,684.3924688242174,688.7986689310513,replays\episode_88751290.json,True
55073442,88750777,2026-07-29T06:15:41.545297900Z,2026-07-29T06:16:11.898948Z,COMPLETED,EPISODE_TYPE_PUBLIC,1,689.6284284516998,733.7841399107951,rurumi,Aditya Sharma,54068507,-1,545.3466891441279,543.0952532840909,replays\episode_88750777.json,True
55073442,88750243,2026-07-29T06:11:41.814559400Z,2026-07-29T06:13:05.091109800Z,COMPLETED,EPISODE_TYPE_PUBLIC,-1,790.0669532248356,689.6284284516998,rurumi,GO HIROSHIMA 2,55060858,1,725.5172653586127,730.6820870941403,replays\episode_88750243.json,True
55073442,88749702,2026-07-29T06:07:39.621735Z,2026-07-29T06:08:14.497816600Z,COMPLETED,EPISODE_TYPE_PUBLIC,1,703.6803180482598,790.0669532248356,rurumi,monicrew,55000251,-1,665.9554537863517,662.8634558874093,replays\episode_88749702.json,True
55073442,88749170,2026-07-29T06:03:39.691874400Z,2026-07-29T06:04:15.951457200Z,COMPLETED,EPISODE_TYPE_PUBLIC,1,600,703.6803180482598,rurumi,hosyan,54963874,-1,582.5056095155632,579.3303997753352,replays\episode_88749170.json,True
55073442,88749118,2026-07-29T06:01:50.262089400Z,2026-07-29T06:02:19.037043700Z,COMPLETED,EPISODE_TYPE_VALIDATION,1,,600,rurumi,rurumi,55073442,-1,,600,replays\episode_88749118.json,True
55077607,88813100,2026-07-29T14:07:40.484961200Z,2026-07-29T14:08:06.387788600Z,COMPLETED,EPISODE_TYPE_PUBLIC,1,742.550435715012,747.1163549224964,rurumi,Kyota,55083032,-1,660.0425381910463,641.3847212429373,replays\episode_88813100.json,True
55077607,88812260,2026-07-29T13:59:41.266046700Z,2026-07-29T14:00:21.367874Z,COMPLETED,EPISODE_TYPE_PUBLIC,1,734.7426624703763,742.550435715012,rurumi,YangAoTian,54406827,-1,775.7071097777653,770.5599119738498,replays\episode_88812260.json,True
55077607,88806444,2026-07-29T13:15:42.491595400Z,2026-07-29T13:16:14.490825400Z,COMPLETED,EPISODE_TYPE_PUBLIC,-1,737.6067765159318,734.7426624703763,rurumi,Haumea,55054437,1,931.5873211406872,933.4454623919322,replays\episode_88806444.json,True
55077607,88800619,2026-07-29T12:31:41.470869600Z,2026-07-29T12:32:41.087207700Z,COMPLETED,EPISODE_TYPE_PUBLIC,-1,742.9763268024669,737.6067765159318,rurumi,L-WALID,55011688,1,811.8857708094482,815.2906498147738,replays\episode_88800619.json,True
55077607,88796956,2026-07-29T12:03:40.601692600Z,2026-07-29T12:04:19.534946300Z,COMPLETED,EPISODE_TYPE_PUBLIC,1,735.8278743102815,742.9763268024669,rurumi,nakayashiki697,54595325,-1,733.2582928260006,728.8437777173548,replays\episode_88796956.json,True
55077607,88795332,2026-07-29T11:51:40.014444900Z,2026-07-29T11:52:16.516889900Z,COMPLETED,EPISODE_TYPE_PUBLIC,1,726.5074083573089,735.8278743102815,rurumi,Krizsó Gergely,54978007,-1,793.2671253008352,787.6814606396282,replays\episode_88795332.json,True
55077607,88794780,2026-07-29T11:47:40.207357500Z,2026-07-29T11:48:18.024500300Z,COMPLETED,EPISODE_TYPE_PUBLIC,-1,734.298612485888,726.5074083573089,rurumi,Poké Bowl,54268992,1,728.8648834300323,733.4035180807311,replays\episode_88794780.json,True
55077607,88794237,2026-07-29T11:43:40.089021400Z,2026-07-29T11:45:55.876811200Z,COMPLETED,EPISODE_TYPE_PUBLIC,-1,741.7721248077876,734.298612485888,rurumi,Michal,55045065,1,755.2817155892025,759.5139041378637,replays\episode_88794237.json,True
55077607,88793703,2026-07-29T11:39:40.061624700Z,2026-07-29T11:41:16.862567400Z,COMPLETED,EPISODE_TYPE_PUBLIC,-1,750.0903752186172,741.7721248077876,rurumi,FinlaMor,54827062,1,742.308696904831,746.8794884521851,replays\episode_88793703.json,True
55077607,88793175,2026-07-29T11:35:41.872554900Z,2026-07-29T11:36:19.744899600Z,COMPLETED,EPISODE_TYPE_PUBLIC,1,741.633767264893,750.0903752186172,rurumi,CYLik,53912806,-1,745.609386721733,741.1037401315546,replays\episode_88793175.json,True
55077607,88792653,2026-07-29T11:31:39.983589200Z,2026-07-29T11:32:14.940823600Z,COMPLETED,EPISODE_TYPE_PUBLIC,-1,748.5190468146517,741.633767264893,rurumi,うつせぎ,53779405,1,805.5116953425638,809.0770774559769,replays\episode_88792653.json,True
55077607,88792127,2026-07-29T11:27:40.243801300Z,2026-07-29T11:28:15.223939500Z,COMPLETED,EPISODE_TYPE_PUBLIC,1,740.48651413341,748.5190468146517,rurumi,sidney niu,53975861,-1,714.829979778895,710.7979933296824,replays\episode_88792127.json,True
55077607,88791590,2026-07-29T11:23:40.269511Z,2026-07-29T11:24:17.521118500Z,COMPLETED,EPISODE_TYPE_PUBLIC,1,731.9612963143289,740.48651413341,rurumi,TTU Thome,53842586,-1,713.6424044536986,709.5000616804915,replays\episode_88791590.json,True
55077607,88791046,2026-07-29T11:19:39.984448300Z,2026-07-29T11:20:21.464600700Z,COMPLETED,EPISODE_TYPE_PUBLIC,-1,741.1526208057204,731.9612963143289,rurumi,yalee,54997162,1,748.1863472827525,752.5019668474139,replays\episode_88791046.json,True
55077607,88790522,2026-07-29T11:15:42.472726800Z,2026-07-29T11:16:17.133028500Z,COMPLETED,EPISODE_TYPE_PUBLIC,1,732.297194460404,741.1526208057204,rurumi,hikimay,53893455,-1,706.3403762378568,702.3226470331116,replays\episode_88790522.json,True
55077607,88789976,2026-07-29T11:11:43.111010200Z,2026-07-29T11:12:21.469729Z,COMPLETED,EPISODE_TYPE_PUBLIC,-1,742.3533998508964,732.297194460404,rurumi,no_wonderr,55018507,1,743.7349897380766,748.131710241722,replays\episode_88789976.json,True
55077607,88789441,2026-07-29T11:07:38.544337400Z,2026-07-29T11:08:12.606127200Z,COMPLETED,EPISODE_TYPE_PUBLIC,1,733.3301237563176,742.3533998508964,rurumi,Robina,54300018,-1,693.8058978295294,689.9999165808078,replays\episode_88789441.json,True
55077607,88788914,2026-07-29T11:03:38.492005700Z,2026-07-29T11:04:14.687673700Z,COMPLETED,EPISODE_TYPE_PUBLIC,-1,746.1517596529153,733.3301237563176,rurumi,pp25,54034892,1,699.0024771347245,704.1839620101432,replays\episode_88788914.json,True
55077607,88788381,2026-07-29T10:59:38.300599900Z,2026-07-29T11:00:18.784425800Z,COMPLETED,EPISODE_TYPE_PUBLIC,1,735.5977089919227,746.1517596529153,rurumi,Hikaru Umeyama,54337567,-1,715.9304576146969,711.8336695641916,replays\episode_88788381.json,True
55077607,88787311,2026-07-29T10:51:38.242716100Z,2026-07-29T10:58:10.531828800Z,COMPLETED,EPISODE_TYPE_PUBLIC,1,723.4179738761991,735.5977089919227,rurumi,GENGARDEV,53924752,-1,731.5058908136305,726.9811362653663,replays\episode_88787311.json,True
55077607,88787845,2026-07-29T10:55:39.990572800Z,2026-07-29T10:56:25.690110700Z,COMPLETED,EPISODE_TYPE_PUBLIC,1,711.8758861460722,723.4179738761991,rurumi,mochikiichigo,54965683,-1,693.3973559726068,689.2935304866867,replays\episode_88787845.json,True
55077607,88786775,2026-07-29T10:47:38.386268100Z,2026-07-29T10:48:14.272357800Z,COMPLETED,EPISODE_TYPE_PUBLIC,-1,722.3696144901356,711.8758861460722,rurumi,Akasamai,54948152,1,776.3243539625691,779.8988967988346,replays\episode_88786775.json,True
55077607,88786224,2026-07-29T10:43:38.357244Z,2026-07-29T10:44:17.506707600Z,COMPLETED,EPISODE_TYPE_PUBLIC,1,705.0612229197715,722.3696144901356,rurumi,htehte,55040767,-1,778.5302465544054,772.9489869242832,replays\episode_88786224.json,True
55077607,88785689,2026-07-29T10:39:38.561200100Z,2026-07-29T10:40:59.218105400Z,COMPLETED,EPISODE_TYPE_PUBLIC,1,690.0560677233552,705.0612229197715,rurumi,Cauã Macedo,54769781,-1,704.1968549034417,699.6094712679113,replays\episode_88785689.json,True
55077607,88785156,2026-07-29T10:35:39.286418900Z,2026-07-29T10:36:23.113050400Z,COMPLETED,EPISODE_TYPE_PUBLIC,-1,703.3537642060148,690.0560677233552,rurumi,DON,55071420,1,735.001375784274,740.468636067319,replays\episode_88785156.json,True
55077607,88784624,2026-07-29T10:31:38.581826400Z,2026-07-29T10:33:18.598904300Z,COMPLETED,EPISODE_TYPE_PUBLIC,1,683.8254193575292,703.3537642060148,rurumi,RuiFSPinto,55074522,-1,747.3280550984015,739.2558290467533,replays\episode_88784624.json,True
55077607,88784074,2026-07-29T10:27:39.255347600Z,2026-07-29T10:28:14.188308100Z,COMPLETED,EPISODE_TYPE_PUBLIC,-1,698.0785301082702,683.8254193575292,rurumi,Katsuhito Muroi,54226441,1,742.7551044965039,746.4283877550645,replays\episode_88784074.json,True
55077607,88783543,2026-07-29T10:23:39.802002400Z,2026-07-29T10:24:11.003214400Z,COMPLETED,EPISODE_TYPE_PUBLIC,1,690.6659455865469,698.0785301082702,rurumi,Turgay_TheGenius,55037170,-1,494.00780907230353,491.60109657283186,replays\episode_88783543.json,True
55077607,88783011,2026-07-29T10:19:38.166095200Z,2026-07-29T10:20:14.126839900Z,COMPLETED,EPISODE_TYPE_PUBLIC,1,676.7703671052737,690.6659455865469,rurumi,xiaowang,54769113,-1,601.8361617349776,598.5920676905514,replays\episode_88783011.json,True
55077607,88782488,2026-07-29T10:15:39.887995400Z,2026-07-29T10:16:18.193468300Z,COMPLETED,EPISODE_TYPE_PUBLIC,1,657.8922241994348,676.7703671052737,rurumi,Juan Lavieri Goiri,54239378,-1,645.2640407792765,641.1557271239049,replays\episode_88782488.json,True
55077607,88781958,2026-07-29T10:11:38.487363700Z,2026-07-29T10:12:15.310267700Z,COMPLETED,EPISODE_TYPE_PUBLIC,-1,682.605729348247,657.8922241994348,rurumi,Yuto Muroshima,55069004,1,636.3004870649802,643.7412558527499,replays\episode_88781958.json,True
55077607,88781432,2026-07-29T10:07:38.572569800Z,2026-07-29T10:08:13.315964700Z,COMPLETED,EPISODE_TYPE_PUBLIC,1,659.2980787710221,682.605729348247,rurumi,ISSEI,54762683,-1,662.2740257099487,657.9747864802479,replays\episode_88781432.json,True
55077607,88780898,2026-07-29T10:03:38.163722Z,2026-07-29T10:04:11.365828400Z,COMPLETED,EPISODE_TYPE_PUBLIC,1,636.1656156189331,659.2980787710221,rurumi,yuki jyono,53954854,-1,613.8545056745555,609.9435749426898,replays\episode_88780898.json,True
55077607,88780372,2026-07-29T09:59:38.218255700Z,2026-07-29T10:00:19.906219700Z,COMPLETED,EPISODE_TYPE_PUBLIC,-1,662.2485236816484,636.1656156189331,rurumi,OTkm_tn,54839507,1,676.1244257951715,680.1290983304536,replays\episode_88780372.json,True
55077607,88779848,2026-07-29T09:55:40.103322300Z,2026-07-29T09:56:21.341916500Z,COMPLETED,EPISODE_TYPE_PUBLIC,-1,700.6157038077063,662.2485236816484,rurumi,Songyot P,55034416,1,629.3035786609574,634.5239691414757,replays\episode_88779848.json,True
55077607,88779311,2026-07-29T09:51:38.066930100Z,2026-07-29T09:55:00.596915200Z,COMPLETED,EPISODE_TYPE_PUBLIC,-1,733.1768023392243,700.6157038077063,rurumi,Aji Samudra,55049446,1,746.91876065935,750.8513382852616,replays\episode_88779311.json,True
55077607,88778777,2026-07-29T09:47:38.345757100Z,2026-07-29T09:48:07.789822100Z,COMPLETED,EPISODE_TYPE_PUBLIC,1,694.967545748532,733.1768023392243,rurumi,zhang et al.,54806735,-1,691.8909681586481,687.8645853879575,replays\episode_88778777.json,True
55077607,88778244,2026-07-29T09:43:38.248259100Z,2026-07-29T09:44:17.835531800Z,COMPLETED,EPISODE_TYPE_PUBLIC,1,650.1991103512223,694.967545748532,rurumi,Suyash Verma,55055733,-1,653.9987353633089,648.5741689692497,replays\episode_88778244.json,True
55077607,88777721,2026-07-29T09:39:38.324396600Z,2026-07-29T09:40:23.541777800Z,COMPLETED,EPISODE_TYPE_PUBLIC,-1,682.4000602711344,650.1991103512223,rurumi,THUNDER THUNDER,54995359,1,805.3758009809493,807.9003554546704,replays\episode_88777721.json,True
55077607,88777167,2026-07-29T09:35:38.557639100Z,2026-07-29T09:36:15.454078Z,COMPLETED,EPISODE_TYPE_PUBLIC,1,608.3817749025662,682.4000602711344,rurumi,Deeptanush Kapaka,53891628,-1,674.1800650639896,669.5539222284541,replays\episode_88777167.json,True
55077607,88776646,2026-07-29T09:31:38.281911900Z,2026-07-29T09:33:31.002444800Z,COMPLETED,EPISODE_TYPE_PUBLIC,1,533.9523526773994,608.3817749025662,rurumi,lingexiong,54489002,-1,543.230977382357,539.4359287985556,replays\episode_88776646.json,True
55077607,88776108,2026-07-29T09:27:38.100408Z,2026-07-29T09:28:13.593970700Z,COMPLETED,EPISODE_TYPE_PUBLIC,-1,611.8375103814993,533.9523526773994,rurumi,eierapfelxx&OYAMA,55004304,1,638.0960207260216,641.3973812169394,replays\episode_88776108.json,True
55077607,88775564,2026-07-29T09:23:38.071233100Z,2026-07-29T09:24:09.418218200Z,COMPLETED,EPISODE_TYPE_PUBLIC,-1,708.196364019665,611.8375103814993,rurumi,Handry Novianto,55058993,1,707.819122165519,711.8142048594896,replays\episode_88775564.json,True
55077607,88775044,2026-07-29T09:19:40.100568300Z,2026-07-29T09:20:19.788913800Z,COMPLETED,EPISODE_TYPE_PUBLIC,1,600,708.196364019665,rurumi,Kavin Thakur KM,54306982,-1,597.9646080184632,594.651094370361,replays\episode_88775044.json,True
55077607,88774990,2026-07-29T09:17:12.079989900Z,2026-07-29T09:17:42.603505Z,COMPLETED,EPISODE_TYPE_VALIDATION,-1,,600,rurumi,rurumi,55077607,1,,600,replays\episode_88774990.json,True
55083165,88893874,2026-07-30T00:53:30.946794300Z,2026-07-30T00:54:03.824385800Z,COMPLETED,EPISODE_TYPE_PUBLIC,1,810.2347456935127,815.1560451841561,rurumi,TheDigitalCK,55094287,-1,815.106048132087,794.0786312404492,replays\episode_88893874.json,True
55083165,88890674,2026-07-30T00:25:33.611729800Z,2026-07-30T00:27:40.400849500Z,COMPLETED,EPISODE_TYPE_PUBLIC,-1,814.1241445304184,810.2347456935127,rurumi,lmaffei,55093437,1,881.757439641099,890.9735214614224,replays\episode_88890674.json,True
55083165,88884931,2026-07-29T23:33:26.224975700Z,2026-07-29T23:34:29.105316100Z,COMPLETED,EPISODE_TYPE_PUBLIC,-1,818.4833755066902,814.1241445304184,rurumi,Shinichiro Yoshida,54965184,1,866.5507861807288,870.2761108821906,replays\episode_88884931.json,True
55083165,88876193,2026-07-29T22:21:25.284177300Z,2026-07-29T22:27:13.558756100Z,COMPLETED,EPISODE_TYPE_PUBLIC,-1,822.850721011959,818.4833755066902,rurumi,Sam Branham,55092184,1,867.2425139590207,881.5844334291643,replays\episode_88876193.json,True
55083165,88874389,2026-07-29T22:05:26.067734100Z,2026-07-29T22:06:31.961767300Z,COMPLETED,EPISODE_TYPE_PUBLIC,-1,827.0950072730493,822.850721011959,rurumi,The Bitter Lesson,55086385,1,889.6951916474425,893.7241988724179,replays\episode_88874389.json,True
55083165,88873385,2026-07-29T21:57:26.937599800Z,2026-07-29T21:58:00.888382300Z,COMPLETED,EPISODE_TYPE_PUBLIC,1,821.7139174921399,827.0950072730493,rurumi,david valor,54673649,-1,813.9978104511763,809.6453068665913,replays\episode_88873385.json,True
55083165,88867768,2026-07-29T21:13:27.929707400Z,2026-07-29T21:13:55.838179800Z,COMPLETED,EPISODE_TYPE_PUBLIC,1,816.7247225241305,821.7139174921399,rurumi,Snorlax,55054043,-1,784.0581105598314,780.1013284611547,replays\episode_88867768.json,True
55083165,88861800,2026-07-29T20:29:30.460294800Z,2026-07-29T20:30:40.329588500Z,COMPLETED,EPISODE_TYPE_PUBLIC,-1,821.7852618993189,816.7247225241305,rurumi,Urazalinov Baurzhan,55088220,1,854.9322318774349,860.1247925207281,replays\episode_88861800.json,True
55083165,88861441,2026-07-29T20:25:28.669658Z,2026-07-29T20:26:03.090847Z,COMPLETED,EPISODE_TYPE_PUBLIC,-1,828.0079095395381,821.7852618993189,rurumi,John Mitchell,54724174,1,812.3789959620672,817.1103718107231,replays\episode_88861441.json,True
55083165,88857786,2026-07-29T19:57:25.555965800Z,2026-07-29T19:58:06.336428800Z,COMPLETED,EPISODE_TYPE_PUBLIC,-1,833.6409220746662,828.0079095395381,rurumi,Boseiju,55076405,1,850.4485339279308,855.4118317905732,replays\episode_88857786.json,True
55083165,88853935,2026-07-29T19:29:30.513878400Z,2026-07-29T19:30:33.127298500Z,COMPLETED,EPISODE_TYPE_PUBLIC,-1,838.6307600584755,833.6409220746662,rurumi,Urazalinov Baurzhan,55088288,1,889.542097243708,896.7295517028703,replays\episode_88853935.json,True
55083165,88851544,2026-07-29T19:09:30.740260300Z,2026-07-29T19:10:10.770592100Z,COMPLETED,EPISODE_TYPE_PUBLIC,1,831.1879413512645,838.6307600584755,rurumi,李BCDEFGA,55041652,-1,880.1970004215827,874.9018486473298,replays\episode_88851544.json,True
55083165,88846066,2026-07-29T18:29:46.941240Z,2026-07-29T18:30:53.748482300Z,COMPLETED,EPISODE_TYPE_PUBLIC,1,826.2033708348263,831.1879413512645,rurumi,Larps,55088868,-1,773.3608560434981,752.9312390587719,replays\episode_88846066.json,True
55083165,88844385,2026-07-29T18:11:57.089398800Z,2026-07-29T18:12:34.959188700Z,COMPLETED,EPISODE_TYPE_PUBLIC,-1,829.5879279223507,826.2033708348263,rurumi,Brahim,55082183,1,981.379614584263,984.3619763781237,replays\episode_88844385.json,True
55083165,88843696,2026-07-29T18:07:55.959981900Z,2026-07-29T18:08:33.973578100Z,COMPLETED,EPISODE_TYPE_PUBLIC,1,824.1039951702535,829.5879279223507,rurumi,SAGAR PAWADI N,55086954,-1,776.8872387797028,768.7914987157695,replays\episode_88843696.json,True
55083165,88842275,2026-07-29T17:55:59.181426100Z,2026-07-29T17:56:36.542079Z,COMPLETED,EPISODE_TYPE_PUBLIC,-1,831.8527260346352,824.1039951702535,rurumi,sat0113,54712539,1,795.6571809989226,800.7215893370928,replays\episode_88842275.json,True
55083165,88835861,2026-07-29T17:08:00.395603300Z,2026-07-29T17:08:36.705939Z,COMPLETED,EPISODE_TYPE_PUBLIC,-1,838.4663081420827,831.8527260346352,rurumi,SAGAR PAWADI N,55086954,1,839.9543826603797,861.331085036767,replays\episode_88835861.json,True
55083165,88831792,2026-07-29T16:36:01.991846100Z,2026-07-29T16:36:46.896089800Z,COMPLETED,EPISODE_TYPE_PUBLIC,-1,843.5788139221186,838.4663081420827,rurumi,nsytsqdtn,55084811,1,924.4188681529329,932.6197480171609,replays\episode_88831792.json,True
55083165,88827776,2026-07-29T16:03:58.772293500Z,2026-07-29T16:04:30.894604300Z,COMPLETED,EPISODE_TYPE_PUBLIC,-1,854.9057915730677,843.5788139221186,rurumi,Ali Haydar Özdağ,54145795,1,719.349475104681,726.2036950180269,replays\episode_88827776.json,True
55083165,88827261,2026-07-29T15:59:58.070167800Z,2026-07-29T16:00:46.760724300Z,COMPLETED,EPISODE_TYPE_PUBLIC,1,847.7654260944138,854.9057915730677,rurumi,POKEDEMIA_ISSEI,54789460,-1,832.3231851147912,828.1180475526997,replays\episode_88827261.json,True
55083165,88826701,2026-07-29T15:55:59.893395100Z,2026-07-29T15:56:43.215875800Z,COMPLETED,EPISODE_TYPE_PUBLIC,-1,854.9483049499247,847.7654260944138,rurumi,Vadim Vasilenko,55011544,1,875.9918295094623,880.1068174265774,replays\episode_88826701.json,True
55083165,88826681,2026-07-29T15:55:59.863224900Z,2026-07-29T15:56:33.784075700Z,COMPLETED,EPISODE_TYPE_PUBLIC,-1,862.6071696174826,854.9483049499247,rurumi,Skyraider,55083319,1,870.8920252736497,879.1156071790032,replays\episode_88826681.json,True
55083165,88826155,2026-07-29T15:51:57.972419100Z,2026-07-29T15:52:32.900750300Z,COMPLETED,EPISODE_TYPE_PUBLIC,-1,872.7258003634679,862.6071696174826,rurumi,ちー,55042470,1,812.6608746819409,818.1129712827345,replays\episode_88826155.json,True
55083165,88825590,2026-07-29T15:47:57.674556900Z,2026-07-29T15:50:46.927705700Z,COMPLETED,EPISODE_TYPE_PUBLIC,-1,885.0279964532059,872.7258003634679,rurumi,Yaroslav,55061633,1,772.0778570613114,778.8041888027781,replays\episode_88825590.json,True
55083165,88824894,2026-07-29T15:35:45.468485500Z,2026-07-29T15:36:22.865396300Z,COMPLETED,EPISODE_TYPE_PUBLIC,-1,894.6666309647919,885.0279964532059,rurumi,박강찬,54917508,1,869.7190206289457,874.5618271492768,replays\episode_88824894.json,True
55083165,88824363,2026-07-29T15:31:41.973842700Z,2026-07-29T15:32:20.969956100Z,COMPLETED,EPISODE_TYPE_PUBLIC,-1,905.8550128187169,894.6666309647919,rurumi,Akira Imae,55077692,1,845.1867273424616,852.2450296388083,replays\episode_88824363.json,True
55083165,88823835,2026-07-29T15:27:43.949804Z,2026-07-29T15:29:12.077872600Z,COMPLETED,EPISODE_TYPE_PUBLIC,-1,914.1248238521797,905.8550128187169,rurumi,NoOne,54857797,1,949.4812214316536,953.3593811244381,replays\episode_88823835.json,True
55083165,88823317,2026-07-29T15:23:45.397569100Z,2026-07-29T15:24:20.926750100Z,COMPLETED,EPISODE_TYPE_PUBLIC,1,913.7057441870187,914.1248238521797,rurumi,Pointseal,55029161,-1,423.75086316390565,423.48399475904364,replays\episode_88823317.json,True
55083165,88822777,2026-07-29T15:19:43.291654500Z,2026-07-29T15:20:29.723330600Z,COMPLETED,EPISODE_TYPE_PUBLIC,1,907.195443031134,913.7057441870187,rurumi,Takuma_Tsuji,55071600,-1,806.8851595593347,803.2524608316048,replays\episode_88822777.json,True
55083165,88822241,2026-07-29T15:15:45.799535500Z,2026-07-29T15:16:30.009059Z,COMPLETED,EPISODE_TYPE_PUBLIC,-1,915.1142645307616,907.195443031134,rurumi,masspeaks,55082951,1,973.8020778328723,982.7611990232463,replays\episode_88822241.json,True
55083165,88821688,2026-07-29T15:11:40.651733600Z,2026-07-29T15:12:19.835672100Z,COMPLETED,EPISODE_TYPE_PUBLIC,-1,923.0361168086239,915.1142645307616,rurumi,Kohecchi,54904666,1,993.1861362204521,996.5499232307752,replays\episode_88821688.json,True
55083165,88821162,2026-07-29T15:07:40.493851700Z,2026-07-29T15:08:13.969579400Z,COMPLETED,EPISODE_TYPE_PUBLIC,1,911.7851818815865,923.0361168086239,rurumi,hukuda222,55080682,-1,924.0215111186465,918.2012021231608,replays\episode_88821162.json,True
55083165,88820611,2026-07-29T15:03:44.905932500Z,2026-07-29T15:04:20.674856Z,COMPLETED,EPISODE_TYPE_PUBLIC,-1,939.6458649780524,911.7851818815865,rurumi,haoran huang430,54822047,1,604.4800241465159,615.2198825344349,replays\episode_88820611.json,True
55083165,88819526,2026-07-29T14:55:47.466571700Z,2026-07-29T15:04:19.496765700Z,COMPLETED,EPISODE_TYPE_PUBLIC,1,929.6506225455947,939.6458649780524,rurumi,Nicolas Gomasjaya,55056074,-1,883.8805082294126,880.1793264872605,replays\episode_88819526.json,True
55083165,88820060,2026-07-29T14:59:45.845548Z,2026-07-29T15:00:15.359805300Z,COMPLETED,EPISODE_TYPE_PUBLIC,-1,944.5598985075159,929.6506225455947,rurumi,Help-Computa,55066579,1,891.1791811858873,896.6722287046334,replays\episode_88820060.json,True
55083165,88819392,2026-07-29T14:55:47.169506900Z,2026-07-29T14:56:25.164822400Z,COMPLETED,EPISODE_TYPE_PUBLIC,-1,952.954832658164,944.5598985075159,rurumi,takayosi,55084783,1,1045.3374914793944,1073.7356779845118,replays\episode_88819392.json,True
55083165,88818972,2026-07-29T14:51:41.304367700Z,2026-07-29T14:52:47.899575800Z,COMPLETED,EPISODE_TYPE_PUBLIC,1,939.1062356106557,952.954832658164,rurumi,TomoyaM,55055800,-1,946.6813921272804,942.1869905695647,replays\episode_88818972.json,True
55083165,88818899,2026-07-29T14:51:41.170108300Z,2026-07-29T14:52:16.460478300Z,COMPLETED,EPISODE_TYPE_PUBLIC,-1,950.2170347556032,939.1062356106557,rurumi,tokk,55084042,1,1001.5954926767513,1020.3956415930282,replays\episode_88818899.json,True
55083165,88818426,2026-07-29T14:47:41.580290100Z,2026-07-29T14:48:27.837768600Z,COMPLETED,EPISODE_TYPE_PUBLIC,1,939.7876478985071,950.2170347556032,rurumi,ぶれめか,55049026,-1,852.2211408256353,849.1215116327254,replays\episode_88818426.json,True
55083165,88817884,2026-07-29T14:43:40.551792700Z,2026-07-29T14:44:14.012678200Z,COMPLETED,EPISODE_TYPE_PUBLIC,-1,952.145732142561,939.7876478985071,rurumi,palsystem,54989223,1,1010.5721674860405,1014.0633314719381,replays\episode_88817884.json,True
55083165,88817341,2026-07-29T14:39:40.400727900Z,2026-07-29T14:40:17.192462Z,COMPLETED,EPISODE_TYPE_PUBLIC,1,934.3626475700066,952.145732142561,rurumi,Brahim,55082183,-1,964.8274445427244,953.4866944428031,replays\episode_88817341.json,True
55083165,88816788,2026-07-29T14:35:41.491288300Z,2026-07-29T14:36:34.447658200Z,COMPLETED,EPISODE_TYPE_PUBLIC,-1,948.1818233674516,934.3626475700066,rurumi,Raihan Ramadistra,55068789,1,1006.8228606854283,1010.2969560794432,replays\episode_88816788.json,True
55083165,88816224,2026-07-29T14:31:41.245677400Z,2026-07-29T14:32:25.835703100Z,COMPLETED,EPISODE_TYPE_PUBLIC,1,928.5689365759218,948.1818233674516,rurumi,yu_w,55035169,-1,947.3828744809073,942.7798973661213,replays\episode_88816224.json,True
55083165,88815771,2026-07-29T14:27:41.406636100Z,2026-07-29T14:28:16.023267500Z,COMPLETED,EPISODE_TYPE_PUBLIC,1,914.5588131400209,928.5689365759218,rurumi,one vibe and one coding,54844874,-1,828.7613615007818,825.6659373991831,replays\episode_88815771.json,True
55083165,88815241,2026-07-29T14:23:40.398333800Z,2026-07-29T14:24:15.866613500Z,COMPLETED,EPISODE_TYPE_PUBLIC,1,896.5777407641624,914.5588131400209,rurumi,clouds111,55068638,-1,856.6566396141332,852.7433268507591,replays\episode_88815241.json,True
55083165,88814688,2026-07-29T14:19:40.513530700Z,2026-07-29T14:20:13.897511600Z,COMPLETED,EPISODE_TYPE_PUBLIC,-1,941.1493326096197,896.5777407641624,rurumi,THE TORQUE WRENCHES,55060172,1,704.6209752355035,713.439253838172,replays\episode_88814688.json,True
55083165,88814136,2026-07-29T14:15:41.813004600Z,2026-07-29T14:17:12.721862Z,COMPLETED,EPISODE_TYPE_PUBLIC,-1,961.406467716577,941.1493326096197,rurumi,celebi,55079805,1,1016.3701734665992,1020.4951682542494,replays\episode_88814136.json,True
55083165,88813593,2026-07-29T14:11:40.363334Z,2026-07-29T14:14:56.991900200Z,COMPLETED,EPISODE_TYPE_PUBLIC,1,937.6171585900563,961.406467716577,rurumi,Kyohei,55066196,-1,902.0241184256269,898.2152162704126,replays\episode_88813593.json,True
55083165,88813057,2026-07-29T14:07:40.409546100Z,2026-07-29T14:08:29.039681400Z,COMPLETED,EPISODE_TYPE_PUBLIC,1,905.1753659367794,937.6171585900563,rurumi,tototo,54513186,-1,929.4623235877816,924.9405027579509,replays\episode_88813057.json,True
55083165,88812518,2026-07-29T14:03:42.564961200Z,2026-07-29T14:04:14.399102500Z,COMPLETED,EPISODE_TYPE_PUBLIC,1,881.8088289825463,905.1753659367794,rurumi,prod1gy,54709631,-1,790.218527485996,787.2692976186976,replays\episode_88812518.json,True
55083165,88812151,2026-07-29T13:59:41.053975300Z,2026-07-29T14:00:14.373311600Z,COMPLETED,EPISODE_TYPE_PUBLIC,1,832.8215140795176,881.8088289825463,rurumi,hukuda222,55080682,-1,924.0080391861022,914.3487595952735,replays\episode_88812151.json,True
55083165,88811974,2026-07-29T13:59:40.656085200Z,2026-07-29T14:00:07.514277Z,COMPLETED,EPISODE_TYPE_PUBLIC,1,831.4647948601666,832.8215140795176,rurumi,RYOTOMIYAMA,54751278,-1,279.08354877376433,278.9376821914736,replays\episode_88811974.json,True
55083165,88811427,2026-07-29T13:55:41.946598Z,2026-07-29T13:56:19.323345100Z,COMPLETED,EPISODE_TYPE_PUBLIC,1,789.0417609389705,831.4647948601666,rurumi,copasta,53794111,-1,782.0030057363022,778.0833363075345,replays\episode_88811427.json,True
55083165,88810870,2026-07-29T13:51:42.612969800Z,2026-07-29T13:52:16.922882600Z,COMPLETED,EPISODE_TYPE_PUBLIC,-1,838.7235677147935,789.0417609389705,rurumi,Sota Uchiyama,55040922,1,844.8695667427714,848.7210105836284,replays\episode_88810870.json,True
55083165,88810317,2026-07-29T13:47:41.169506900Z,2026-07-29T13:48:18.160503600Z,COMPLETED,EPISODE_TYPE_PUBLIC,-1,902.8464495824304,838.7235677147935,rurumi,李BCDEFGA,55041652,1,886.6334415046347,890.641121621362,replays\episode_88810317.json,True
55083165,88809777,2026-07-29T13:43:40.356271700Z,2026-07-29T13:44:17.238317300Z,COMPLETED,EPISODE_TYPE_PUBLIC,1,841.5992525083791,902.8464495824304,rurumi,monst_dama,53758846,-1,788.549957493125,785.4270515028768,replays\episode_88809777.json,True
55083165,88809257,2026-07-29T13:39:40.144083500Z,2026-07-29T13:40:15.265152800Z,COMPLETED,EPISODE_TYPE_PUBLIC,1,766.4914483505648,841.5992525083791,rurumi,Pult Pounders ;),54266836,-1,728.4113176252206,725.2276823278738,replays\episode_88809257.json,True
55083165,88808711,2026-07-29T13:35:48.977768900Z,2026-07-29T13:36:19.695502800Z,COMPLETED,EPISODE_TYPE_PUBLIC,1,707.9739633926996,766.4914483505648,rurumi,Chris Woolgar,54977038,-1,552.3442539950366,550.2497640294155,replays\episode_88808711.json,True
55083165,88808185,2026-07-29T13:31:39.364091800Z,2026-07-29T13:32:13.526356100Z,COMPLETED,EPISODE_TYPE_PUBLIC,1,600,707.9739633926996,rurumi,xiaowang,54769113,-1,597.209914865399,593.9032122364976,replays\episode_88808185.json,True
55083165,88807609,2026-07-29T13:27:14.141035800Z,2026-07-29T13:27:48.976048100Z,COMPLETED,EPISODE_TYPE_VALIDATION,1,,600,rurumi,rurumi,55083165,-1,,600,replays\episode_88807609.json,True
55096161,88991521,2026-07-30T15:13:23.422579100Z,2026-07-30T15:13:57.220228300Z,COMPLETED,EPISODE_TYPE_PUBLIC,1,740.4373413011119,744.7441248036755,rurumi,can_cam,54961045,-1,678.6834802529872,675.1635441264984,replays\episode_88991521.json,True
55096161,88972650,2026-07-30T12:26:06.346198800Z,2026-07-30T12:26:39.719194600Z,COMPLETED,EPISODE_TYPE_PUBLIC,1,735.6839762207088,740.4373413011119,rurumi,Remielle,55108168,-1,718.1725618245327,681.5552051623756,replays\episode_88972650.json,True
55096161,88969740,2026-07-30T12:02:06.448754500Z,2026-07-30T12:04:06.358867600Z,COMPLETED,EPISODE_TYPE_PUBLIC,-1,739.5136809458132,735.6839762207088,rurumi,taku_Kuma,55107795,1,813.8527715634448,853.247529319707,replays\episode_88969740.json,True
55096161,88968624,2026-07-30T11:50:12.275845300Z,2026-07-30T11:51:04.707350400Z,COMPLETED,EPISODE_TYPE_PUBLIC,-1,745.7630112105234,739.5136809458132,rurumi,浅井翔,55106882,1,711.3072229076386,730.37120361502,replays\episode_88968624.json,True
55096161,88954986,2026-07-30T09:50:11.929923500Z,2026-07-30T09:50:51.984696Z,COMPLETED,EPISODE_TYPE_PUBLIC,-1,751.3868394181363,745.7630112105234,rurumi,Nghia Tran + ketchum alt,55099598,1,762.177756438517,768.3514973983814,replays\episode_88954986.json,True
55096161,88950950,2026-07-30T09:14:19.244110600Z,2026-07-30T09:14:55.628000600Z,COMPLETED,EPISODE_TYPE_PUBLIC,-1,756.3897661106074,751.3868394181363,rurumi,Manish Swami,55102452,1,800.845907876032,808.8484776395522,replays\episode_88950950.json,True
55096161,88940146,2026-07-30T07:42:09.210694800Z,2026-07-30T07:42:40.882531900Z,COMPLETED,EPISODE_TYPE_PUBLIC,-1,761.940193731569,756.3897661106074,rurumi,fsun,55102399,1,766.4781185587001,798.5589477295703,replays\episode_88940146.json,True
55096161,88939026,2026-07-30T07:30:25.408539300Z,2026-07-30T07:31:11.563517900Z,COMPLETED,EPISODE_TYPE_PUBLIC,-1,769.8014168018329,761.940193731569,rurumi,Yaroslav,55089968,1,702.3209071944275,708.9842788333707,replays\episode_88939026.json,True
55096161,88929935,2026-07-30T06:10:15.439811Z,2026-07-30T06:10:51.790675300Z,COMPLETED,EPISODE_TYPE_PUBLIC,-1,776.412286822971,769.8014168018329,rurumi,Suliman Tadros,55064039,1,768.1256330174238,772.7276732236314,replays\episode_88929935.json,True
55096161,88921655,2026-07-30T04:58:12.244510400Z,2026-07-30T04:58:57.208167900Z,COMPLETED,EPISODE_TYPE_PUBLIC,1,769.4462476817223,776.412286822971,rurumi,MoriBob,55096983,-1,788.6866173499305,780.305404351676,replays\episode_88921655.json,True
55096161,88921619,2026-07-30T04:58:12.156984900Z,2026-07-30T04:58:44.998650100Z,COMPLETED,EPISODE_TYPE_PUBLIC,-1,778.4109792748362,769.4462476817223,rurumi,marc_town,54843318,1,693.659865140785,699.5823673856961,replays\episode_88921619.json,True
55096161,88915906,2026-07-30T04:05:50.968501700Z,2026-07-30T04:14:33.183256500Z,COMPLETED,EPISODE_TYPE_PUBLIC,1,772.2101352973364,778.4109792748362,rurumi,Ayush Thakur,55088158,-1,743.7510742691392,738.8588886952489,replays\episode_88915906.json,True
55096161,88915849,2026-07-30T04:05:50.915935100Z,2026-07-30T04:06:24.805720200Z,COMPLETED,EPISODE_TYPE_PUBLIC,-1,779.1544724151483,772.2101352973364,rurumi,snowsapphire,54170854,1,784.9711428520017,789.3349584523804,replays\episode_88915849.json,True
55096161,88915350,2026-07-30T04:01:51.264121600Z,2026-07-30T04:02:29.652849700Z,COMPLETED,EPISODE_TYPE_PUBLIC,1,772.0552709524005,779.1544724151483,rurumi,AEONcorridor,54092814,-1,765.1718352954248,760.8274290998439,replays\episode_88915350.json,True
55096161,88914927,2026-07-30T03:57:50.523304200Z,2026-07-30T03:58:24.456909800Z,COMPLETED,EPISODE_TYPE_PUBLIC,-1,778.8157531206541,772.0552709524005,rurumi,XP3RiX,54422319,1,805.5536735335187,809.5833947651704,replays\episode_88914927.json,True
55096161,88914473,2026-07-30T03:53:50.840358300Z,2026-07-30T03:54:28.995965900Z,COMPLETED,EPISODE_TYPE_PUBLIC,-1,787.8743298373239,778.8157531206541,rurumi,Arun,54562265,1,740.691293204436,745.9296290164805,replays\episode_88914473.json,True
55096161,88913969,2026-07-30T03:49:52.889698100Z,2026-07-30T03:50:29.414738600Z,COMPLETED,EPISODE_TYPE_PUBLIC,1,781.6860029519346,787.8743298373239,rurumi,chenxi,55085744,-1,719.5384477114065,715.1365753501133,replays\episode_88913969.json,True
55096161,88913460,2026-07-30T03:45:50.202129800Z,2026-07-30T03:46:20.793490700Z,COMPLETED,EPISODE_TYPE_PUBLIC,-1,789.7200655392228,781.6860029519346,rurumi,Pirate-Emperor,54370578,1,792.8003554105331,797.1951285261605,replays\episode_88913460.json,True
55096161,88912941,2026-07-30T03:41:53.012728700Z,2026-07-30T03:42:34.418233Z,COMPLETED,EPISODE_TYPE_PUBLIC,1,783.5065129884568,789.7200655392228,rurumi,Juan Lavieri Goiri,54218733,-1,708.4851375895406,705.1758625839029,replays\episode_88912941.json,True
55096161,88912640,2026-07-30T03:37:51.543094700Z,2026-07-30T03:38:23.837425200Z,COMPLETED,EPISODE_TYPE_PUBLIC,1,775.4332284375148,783.5065129884568,rurumi,SAGAR PAWADI N,55086954,-1,759.0774222972652,754.1574721334001,replays\episode_88912640.json,True
55096161,88912184,2026-07-30T03:33:50.718139900Z,2026-07-30T03:34:26.198928100Z,COMPLETED,EPISODE_TYPE_PUBLIC,-1,784.9285628764884,775.4332284375148,rurumi,d02775,54812774,1,765.9840328480016,770.7266341579792,replays\episode_88912184.json,True
55096161,88911672,2026-07-30T03:29:57.631375400Z,2026-07-30T03:30:27.842127800Z,COMPLETED,EPISODE_TYPE_PUBLIC,-1,797.1698243548412,784.9285628764884,rurumi,Shuichi Fushimi,55094424,1,707.7626264668473,717.6471114295927,replays\episode_88911672.json,True
55096161,88911300,2026-07-30T03:25:51.134842300Z,2026-07-30T03:26:27.836833500Z,COMPLETED,EPISODE_TYPE_PUBLIC,-1,805.4047672991368,797.1698243548412,rurumi,Chiachii Liang,55052981,1,843.6273840578949,847.4618383091789,replays\episode_88911300.json,True
55096161,88910704,2026-07-30T03:21:47.480913200Z,2026-07-30T03:22:18.594286900Z,COMPLETED,EPISODE_TYPE_PUBLIC,-1,816.6128214223565,805.4047672991368,rurumi,Tys TANA,55097204,1,763.8099722091522,786.9882869871302,replays\episode_88910704.json,True
55096161,88910263,2026-07-30T03:17:48.026328700Z,2026-07-30T03:18:25.181806500Z,COMPLETED,EPISODE_TYPE_PUBLIC,1,806.4522004613483,816.6128214223565,rurumi,RtoABC,55096890,-1,817.8459030188924,798.3722456740286,replays\episode_88910263.json,True
55096161,88909909,2026-07-30T03:13:48.438532700Z,2026-07-30T03:14:24.516037Z,COMPLETED,EPISODE_TYPE_PUBLIC,-1,815.8969871087838,806.4522004613483,rurumi,kusui26,55044987,1,845.7550897287139,849.7051851249248,replays\episode_88909909.json,True
55096161,88909356,2026-07-30T03:09:51.672202300Z,2026-07-30T03:13:09.233523500Z,COMPLETED,EPISODE_TYPE_PUBLIC,-1,826.409162582546,815.8969871087838,rurumi,Kyohei,55095750,1,833.5567494419254,843.1709013191048,replays\episode_88909356.json,True
55096161,88909345,2026-07-30T03:09:51.607852100Z,2026-07-30T03:10:30.397270Z,COMPLETED,EPISODE_TYPE_PUBLIC,1,818.6238928418875,826.409162582546,rurumi,taka,54912775,-1,724.1532550330172,721.1269901782358,replays\episode_88909345.json,True
55096161,88908974,2026-07-30T03:05:49.235503300Z,2026-07-30T03:06:22.931862900Z,COMPLETED,EPISODE_TYPE_PUBLIC,1,807.6625582886268,818.6238928418875,rurumi,Aib4,54334435,-1,787.6370342995202,783.5507107991931,replays\episode_88908974.json,True
55096161,88908341,2026-07-30T03:01:49.560201600Z,2026-07-30T03:02:29.451089100Z,COMPLETED,EPISODE_TYPE_PUBLIC,1,796.2037375630464,807.6625582886268,rurumi,Nomiyama　Yu,53866714,-1,776.744254023354,772.65489539786,replays\episode_88908341.json,True
55096161,88907951,2026-07-30T02:57:48.368010800Z,2026-07-30T02:58:30.293823Z,COMPLETED,EPISODE_TYPE_PUBLIC,-1,810.0171060579706,796.2037375630464,rurumi,Hirotaka Sugawara,54774910,1,790.3377502519962,795.0335141988945,replays\episode_88907951.json,True
55096161,88907520,2026-07-30T02:53:58.689800300Z,2026-07-30T02:54:27.569393400Z,COMPLETED,EPISODE_TYPE_PUBLIC,1,809.804347417809,810.0171060579706,rurumi,Aram Feurriegel,54993768,-1,220.82721007066743,220.6924255830406,replays\episode_88907520.json,True
55096161,88906669,2026-07-30T02:45:48.744230700Z,2026-07-30T02:53:38.757077600Z,COMPLETED,EPISODE_TYPE_PUBLIC,1,800.1567000043319,809.804347417809,rurumi,paistieco,55034131,-1,714.873394562597,711.7364428303024,replays\episode_88906669.json,True
55096161,88907039,2026-07-30T02:49:50.781284400Z,2026-07-30T02:50:21.119940700Z,COMPLETED,EPISODE_TYPE_PUBLIC,-1,816.3700575266846,800.1567000043319,rurumi,Ilan Schapira,54917180,1,777.3609138960934,782.3512801321081,replays\episode_88907039.json,True
55096161,88906137,2026-07-30T02:41:47.786247500Z,2026-07-30T02:42:26.848815900Z,COMPLETED,EPISODE_TYPE_PUBLIC,1,800.8943204455447,816.3700575266846,rurumi,cocosu3434,55085814,-1,811.1993859713141,805.8903175720664,replays\episode_88906137.json,True
55096161,88905659,2026-07-30T02:37:48.271728700Z,2026-07-30T02:38:27.023541300Z,COMPLETED,EPISODE_TYPE_PUBLIC,-1,819.9855400124563,800.8943204455447,rurumi,LJL,54896460,1,765.1253696858605,770.3484517386796,replays\episode_88905659.json,True
55096161,88905208,2026-07-30T02:33:47.267657300Z,2026-07-30T02:34:26.902667700Z,COMPLETED,EPISODE_TYPE_PUBLIC,-1,845.1942618851471,819.9855400124563,rurumi,suzuna0831,54834887,1,719.7038114058694,726.1185230605595,replays\episode_88905208.json,True
55096161,88904735,2026-07-30T02:29:49.832219Z,2026-07-30T02:30:24.955989300Z,COMPLETED,EPISODE_TYPE_PUBLIC,-1,869.3293286200327,845.1942618851471,rurumi,Roy_Wang925,54290631,1,783.2699833293292,788.9705285414873,replays\episode_88904735.json,True
55096161,88904290,2026-07-30T02:25:48.038328Z,2026-07-30T02:26:21.157313900Z,COMPLETED,EPISODE_TYPE_PUBLIC,1,864.940127001594,869.3293286200327,rurumi,Shakthi Kondamoni,54798479,-1,567.0692535870633,566.0625731027648,replays\episode_88904290.json,True
55096161,88903790,2026-07-30T02:21:49.919178800Z,2026-07-30T02:22:36.810068600Z,COMPLETED,EPISODE_TYPE_PUBLIC,1,846.4534138302583,864.940127001594,rurumi,jiatu.l,55095492,-1,830.4945137841547,818.1066203054089,replays\episode_88903790.json,True
55096161,88903358,2026-07-30T02:17:47.795357400Z,2026-07-30T02:18:53.409917400Z,COMPLETED,EPISODE_TYPE_PUBLIC,1,819.4662422766409,846.4534138302583,rurumi,Arthurs Torres24,55087999,-1,886.3089012907415,880.6692286596248,replays\episode_88903358.json,True
55096161,88902905,2026-07-30T02:13:48.266028800Z,2026-07-30T02:14:19.172797500Z,COMPLETED,EPISODE_TYPE_PUBLIC,-1,846.5893180073124,819.4662422766409,rurumi,base_camp_2002,55084093,1,804.735587110714,810.2379415316741,replays\episode_88902905.json,True
55096161,88902493,2026-07-30T02:09:49.120222900Z,2026-07-30T02:10:32.978308500Z,COMPLETED,EPISODE_TYPE_PUBLIC,-1,867.0444765314919,846.5893180073124,rurumi,Canon,55095622,1,920.5952411714549,933.0858234993667,replays\episode_88902493.json,True
55096161,88902432,2026-07-30T02:09:49.021972400Z,2026-07-30T02:10:27.441522900Z,COMPLETED,EPISODE_TYPE_PUBLIC,1,833.9788130821117,867.0444765314919,rurumi,CoCoSh,54995781,-1,883.4304674602905,878.5039907648194,replays\episode_88902432.json,True
55096161,88901970,2026-07-30T02:05:47.925032Z,2026-07-30T02:10:17.976214300Z,COMPLETED,EPISODE_TYPE_PUBLIC,-1,872.2897561335642,833.9788130821117,rurumi,zhexun Liu,55076669,1,811.1087263678945,816.1573331802118,replays\episode_88901970.json,True
55096161,88901523,2026-07-30T02:01:47.787065200Z,2026-07-30T02:02:22.709154700Z,COMPLETED,EPISODE_TYPE_PUBLIC,1,849.8738257079565,872.2897561335642,rurumi,Kunal Desale,55019612,-1,735.3436352556599,732.6683830318682,replays\episode_88901523.json,True
55096161,88901309,2026-07-30T01:57:49.562577200Z,2026-07-30T01:58:22.436642100Z,COMPLETED,EPISODE_TYPE_PUBLIC,-1,909.0002070184688,849.8738257079565,rurumi,Ken_Ken_Pa,55093932,1,772.0188262416013,782.1817172525564,replays\episode_88901309.json,True
55096161,88901048,2026-07-30T01:57:48.547889500Z,2026-07-30T01:58:21.960695800Z,COMPLETED,EPISODE_TYPE_PUBLIC,1,874.5458416570739,909.0002070184688,rurumi,OBS$E$SED,54385406,-1,796.4526305700375,793.4181327495634,replays\episode_88901048.json,True
55096161,88900552,2026-07-30T01:53:48.421581300Z,2026-07-30T01:54:40.642696Z,COMPLETED,EPISODE_TYPE_PUBLIC,1,824.2169861303402,874.5458416570739,rurumi,shawnYiB,55075441,-1,808.0716923718048,804.1876596066708,replays\episode_88900552.json,True
55096161,88900091,2026-07-30T01:49:49.067926500Z,2026-07-30T01:50:23.736513800Z,COMPLETED,EPISODE_TYPE_PUBLIC,1,786.6550537422022,824.2169861303402,rurumi,Luck is not a strategy,54253662,-1,649.3112361350725,646.9636153608138,replays\episode_88900091.json,True
55096161,88899620,2026-07-30T01:45:48.399511600Z,2026-07-30T01:47:30.697722700Z,COMPLETED,EPISODE_TYPE_PUBLIC,-1,871.4523395993673,786.6550537422022,rurumi,Zyy7390,55090105,1,815.8250435001207,820.8417018980157,replays\episode_88899620.json,True
55096161,88899145,2026-07-30T01:41:48.112884500Z,2026-07-30T01:42:25.018820100Z,COMPLETED,EPISODE_TYPE_PUBLIC,1,809.3516474313747,871.4523395993673,rurumi,Aphrodite,54950057,-1,712.9840606911005,710.3517649158135,replays\episode_88899145.json,True
55096161,88898743,2026-07-30T01:37:48.820263400Z,2026-07-30T01:38:25.386179400Z,COMPLETED,EPISODE_TYPE_PUBLIC,1,694.1503697604132,809.3516474313747,rurumi,Myaano,54476941,-1,761.0408647372346,756.9175173260753,replays\episode_88898743.json,True
55096161,88898238,2026-07-30T01:33:47.908788Z,2026-07-30T01:34:17.882700600Z,COMPLETED,EPISODE_TYPE_PUBLIC,1,600,694.1503697604132,rurumi,junfan shen,55095978,-1,597.7137139080786,529.69007175618,replays\episode_88898238.json,True
55096161,88898190,2026-07-30T01:32:46.529789500Z,2026-07-30T01:33:16.120132300Z,COMPLETED,EPISODE_TYPE_VALIDATION,1,,600,rurumi,rurumi,55096161,-1,,600,replays\episode_88898190.json,True
55099164,88993781,2026-07-30T15:33:24.227370600Z,2026-07-30T15:34:00.452946600Z,COMPLETED,EPISODE_TYPE_PUBLIC,-1,770.5274100044369,763.7247810067644,rurumi,Masahiro Nagasawa,54652002,1,707.2886889276924,712.849990043681,replays\episode_88993781.json,True
55099164,88975461,2026-07-30T12:50:10.209715700Z,2026-07-30T12:50:41.268044700Z,COMPLETED,EPISODE_TYPE_PUBLIC,1,765.2440285145397,770.5274100044369,rurumi,flaty,55107747,-1,758.1030549060296,743.7859306512967,replays\episode_88975461.json,True
55099164,88971629,2026-07-30T12:18:06.836736300Z,2026-07-30T12:18:42.829659600Z,COMPLETED,EPISODE_TYPE_PUBLIC,-1,769.4897147980219,765.2440285145397,rurumi,Voyager,55106162,1,841.2013016007386,847.8902235854578,replays\episode_88971629.json,True
55099164,88971380,2026-07-30T12:14:07.272255600Z,2026-07-30T12:14:38.927131300Z,COMPLETED,EPISODE_TYPE_PUBLIC,1,764.4471833937581,769.4897147980219,rurumi,bono,55107181,-1,736.278552268623,720.9941206572348,replays\episode_88971380.json,True
55099164,88967105,2026-07-30T11:38:07.908821800Z,2026-07-30T11:38:41.243955300Z,COMPLETED,EPISODE_TYPE_PUBLIC,-1,770.1293338974361,764.4471833937581,rurumi,Wen Zixuan,54941341,1,780.9033315448422,785.2020565415423,replays\episode_88967105.json,True
55099164,88966008,2026-07-30T11:30:08.045251400Z,2026-07-30T11:30:58.371605900Z,COMPLETED,EPISODE_TYPE_PUBLIC,-1,774.1408831476391,770.1293338974361,rurumi,Gyoukou,55107497,1,830.7783501632042,901.4592394679923,replays\episode_88966008.json,True
55099164,88958386,2026-07-30T10:22:07.567893500Z,2026-07-30T10:23:40.515048500Z,COMPLETED,EPISODE_TYPE_PUBLIC,1,768.2993661033314,774.1408831476391,rurumi,zhexun Liu,55105097,-1,767.0326060236807,748.6036748313015,replays\episode_88958386.json,True
55099164,88956829,2026-07-30T10:06:08.273064Z,2026-07-30T10:06:52.085846300Z,COMPLETED,EPISODE_TYPE_PUBLIC,1,763.9845088323701,768.2993661033314,rurumi,yosuke kurosu,53827649,-1,672.7037195833341,669.607592598935,replays\episode_88956829.json,True
55099164,88956807,2026-07-30T10:06:08.244266700Z,2026-07-30T10:06:50.548175500Z,COMPLETED,EPISODE_TYPE_PUBLIC,-1,769.9284383294734,763.9845088323701,rurumi,wayyyyyyy,55102813,1,786.8078867373875,793.1657414643201,replays\episode_88956807.json,True
55099164,88947304,2026-07-30T08:42:11.407450400Z,2026-07-30T08:42:45.558503Z,COMPLETED,EPISODE_TYPE_PUBLIC,-1,775.8757685616918,769.9284383294734,rurumi,mgn,54365821,1,800.2050823852977,804.2824342568763,replays\episode_88947304.json,True
55099164,88939960,2026-07-30T07:38:08.891307Z,2026-07-30T07:38:38.010143200Z,COMPLETED,EPISODE_TYPE_PUBLIC,1,768.7249507911051,775.8757685616918,rurumi,cimyzzz,54154760,-1,787.9504051995589,783.1705953213437,replays\episode_88939960.json,True
55099164,88935472,2026-07-30T06:58:13.129131700Z,2026-07-30T06:58:47.049788500Z,COMPLETED,EPISODE_TYPE_PUBLIC,-1,775.7404727140494,768.7249507911051,rurumi,taopi liu,54535022,1,768.9619623273475,773.5333271443081,replays\episode_88935472.json,True
55099164,88934896,2026-07-30T06:54:12.727430100Z,2026-07-30T06:54:49.630148700Z,COMPLETED,EPISODE_TYPE_PUBLIC,-1,783.0054507826761,775.7404727140494,rurumi,Dicer992,54222347,1,773.6468270035447,778.2580915583849,replays\episode_88934896.json,True
55099164,88934553,2026-07-30T06:50:13.521779500Z,2026-07-30T06:50:49.167187700Z,COMPLETED,EPISODE_TYPE_PUBLIC,1,778.5941833482542,783.0054507826761,rurumi,Takeshi Tanno,55095106,-1,661.7272661245098,657.3899857917796,replays\episode_88934553.json,True
55099164,88934028,2026-07-30T06:46:12.737680600Z,2026-07-30T06:46:43.256582800Z,COMPLETED,EPISODE_TYPE_PUBLIC,1,778.4799603208991,778.5941833482542,rurumi,Mario Cicala,54992968,-1,195.94387876974884,195.80795497605237,replays\episode_88934028.json,True
55099164,88933473,2026-07-30T06:42:12.354063Z,2026-07-30T06:42:51.003628Z,COMPLETED,EPISODE_TYPE_PUBLIC,1,771.2341248999508,778.4799603208991,rurumi,victor,55083913,-1,766.9218625880771,762.1628504475274,replays\episode_88933473.json,True
55099164,88933023,2026-07-30T06:38:12.415390300Z,2026-07-30T06:38:47.877422700Z,COMPLETED,EPISODE_TYPE_PUBLIC,1,764.1447607848179,771.2341248999508,rurumi,Poemcourt,53940000,-1,746.5259010538985,742.3550922644948,replays\episode_88933023.json,True
55099164,88932739,2026-07-30T06:34:12.445261500Z,2026-07-30T06:34:56.603711200Z,COMPLETED,EPISODE_TYPE_PUBLIC,1,756.4136224581754,764.1447607848179,rurumi,kunihiro,55095174,-1,756.3705051878458,749.8510690155938,replays\episode_88932739.json,True
55099164,88932139,2026-07-30T06:30:16.321500Z,2026-07-30T06:30:53.748638Z,COMPLETED,EPISODE_TYPE_PUBLIC,-1,765.2970270100823,756.4136224581754,rurumi,joongyong,55100221,1,725.9517062233998,742.5792341689116,replays\episode_88932139.json,True
55099164,88931738,2026-07-30T06:26:12.404019300Z,2026-07-30T06:29:17.531255200Z,COMPLETED,EPISODE_TYPE_PUBLIC,1,756.8224837821674,765.2970270100823,rurumi,gogogozi migimimi,54731784,-1,764.333925767153,759.7697212694657,replays\episode_88931738.json,True
55099164,88931305,2026-07-30T06:22:13.025085200Z,2026-07-30T06:22:55.329030700Z,COMPLETED,EPISODE_TYPE_PUBLIC,1,749.7517148933537,756.8224837821674,rurumi,石sion,54193366,-1,701.9056369943715,698.2052588960015,replays\episode_88931305.json,True
55099164,88930693,2026-07-30T06:18:13.657002700Z,2026-07-30T06:18:56.218121800Z,COMPLETED,EPISODE_TYPE_PUBLIC,1,741.2189667465098,749.7517148933537,rurumi,tuannm3812,54391951,-1,734.293150985125,729.9675058136967,replays\episode_88930693.json,True
55099164,88930268,2026-07-30T06:14:14.358593500Z,2026-07-30T06:14:48.180219Z,COMPLETED,EPISODE_TYPE_PUBLIC,1,732.299435740165,741.2189667465098,rurumi,むにちゃちゃ,54460243,-1,728.6918447352433,724.3170003165473,replays\episode_88930268.json,True
55099164,88929796,2026-07-30T06:10:15.151803300Z,2026-07-30T06:10:54.813446300Z,COMPLETED,EPISODE_TYPE_PUBLIC,-1,740.8979324377963,732.299435740165,rurumi,Daisuke HOSHINA,54989655,1,763.075212361289,767.1554534455139,replays\episode_88929796.json,True
55099164,88929453,2026-07-30T06:06:15.642163400Z,2026-07-30T06:06:51.240978500Z,COMPLETED,EPISODE_TYPE_PUBLIC,1,728.188319817475,740.8979324377963,rurumi,Ajay_Rao_43,55071621,-1,809.5277345031665,803.6062132443204,replays\episode_88929453.json,True
55099164,88928960,2026-07-30T06:02:14.482631900Z,2026-07-30T06:02:52.005738500Z,COMPLETED,EPISODE_TYPE_PUBLIC,1,718.8832237830384,728.188319817475,rurumi,shion,55069850,-1,698.4407354533975,694.0000630372676,replays\episode_88928960.json,True
55099164,88928398,2026-07-30T05:58:14.317181100Z,2026-07-30T05:58:41.542188100Z,COMPLETED,EPISODE_TYPE_PUBLIC,-1,727.5884800109118,718.8832237830384,rurumi,kkj333,54842989,1,774.4083825324941,778.1072268852996,replays\episode_88928398.json,True
55099164,88928002,2026-07-30T05:54:15.574291200Z,2026-07-30T05:55:42.787565200Z,COMPLETED,EPISODE_TYPE_PUBLIC,-1,736.2780572914553,727.5884800109118,rurumi,Dragon Ball Z,55100361,1,777.9617165782594,801.0319494004884,replays\episode_88928002.json,True
55099164,88927940,2026-07-30T05:54:15.343038Z,2026-07-30T05:54:50.975498600Z,COMPLETED,EPISODE_TYPE_PUBLIC,-1,747.7514985507268,736.2780572914553,rurumi,Tsuyoshi Suketomo,55099411,1,732.1067902245849,745.9114029047969,replays\episode_88927940.json,True
55099164,88927485,2026-07-30T05:50:20.288801300Z,2026-07-30T05:51:05.782034600Z,COMPLETED,EPISODE_TYPE_PUBLIC,-1,757.5617809950858,747.7514985507268,rurumi,wingsyuyi-satori,54973437,1,801.6205123136093,805.3493570947361,replays\episode_88927485.json,True
55099164,88927045,2026-07-30T05:46:15.490951400Z,2026-07-30T05:46:50.261870300Z,COMPLETED,EPISODE_TYPE_PUBLIC,1,745.6796377645817,757.5617809950858,rurumi,sasaki,54626415,-1,741.1435601147729,736.8212770220849,replays\episode_88927045.json,True
55099164,88926586,2026-07-30T05:42:14.766634400Z,2026-07-30T05:42:56.410703Z,COMPLETED,EPISODE_TYPE_PUBLIC,-1,760.6043477266122,745.6796377645817,rurumi,Alessandro Campolo,54611565,1,712.5595960242125,717.7255230442993,replays\episode_88926586.json,True
55099164,88926126,2026-07-30T05:38:14.529109400Z,2026-07-30T05:38:49.854594500Z,COMPLETED,EPISODE_TYPE_PUBLIC,1,745.3280288900854,760.6043477266122,rurumi,Pilkwang Kim,54806981,-1,785.3629958845827,780.3414143529142,replays\episode_88926126.json,True
55099164,88925664,2026-07-30T05:34:15.135208800Z,2026-07-30T05:34:53.106061500Z,COMPLETED,EPISODE_TYPE_PUBLIC,-1,760.3340233025382,745.3280288900854,rurumi,Aphrodite,54950055,1,740.6683852889423,745.3476684266186,replays\episode_88925664.json,True
55099164,88925316,2026-07-30T05:30:16.911124800Z,2026-07-30T05:30:54.143049600Z,COMPLETED,EPISODE_TYPE_PUBLIC,1,746.034452168251,760.3340233025382,rurumi,Quan Nguyen,53774999,-1,737.5156596055753,733.2873104959986,replays\episode_88925316.json,True
55099164,88924697,2026-07-30T05:26:14.316395100Z,2026-07-30T05:26:50.163135300Z,COMPLETED,EPISODE_TYPE_PUBLIC,1,727.0716374232071,746.034452168251,rurumi,Bulat Latypov,54909873,-1,784.5490142479442,779.2781056565672,replays\episode_88924697.json,True
55099164,88924284,2026-07-30T05:22:12.208334800Z,2026-07-30T05:22:45.857962600Z,COMPLETED,EPISODE_TYPE_PUBLIC,1,712.0512634170833,727.0716374232071,rurumi,fp563yu,53857268,-1,685.699347197587,681.7583022814575,replays\episode_88924284.json,True
55099164,88923881,2026-07-30T05:18:12.678033400Z,2026-07-30T05:18:55.150548500Z,COMPLETED,EPISODE_TYPE_PUBLIC,-1,732.0219484933097,712.0512634170833,rurumi,eurusoo,55087274,1,694.1663506458818,700.342478515934,replays\episode_88923881.json,True
55099164,88923384,2026-07-30T05:14:12.319340200Z,2026-07-30T05:14:44.000580200Z,COMPLETED,EPISODE_TYPE_PUBLIC,1,713.5021808977942,732.0219484933097,rurumi,wennan cao,55085892,-1,710.3749940241711,704.862607517698,replays\episode_88923384.json,True
55099164,88922880,2026-07-30T05:10:13.879257500Z,2026-07-30T05:10:41.415052900Z,COMPLETED,EPISODE_TYPE_PUBLIC,1,691.8356651383721,713.5021808977942,rurumi,YKumazaki,55008534,-1,712.5293800787407,707.9229630518936,replays\episode_88922880.json,True
55099164,88922476,2026-07-30T05:06:12.556025600Z,2026-07-30T05:06:40.027270900Z,COMPLETED,EPISODE_TYPE_PUBLIC,1,691.595845939409,691.8356651383721,rurumi,Aicy14,54007946,-1,67.45604032295256,67.40520074109727,replays\episode_88922476.json,True
55099164,88922024,2026-07-30T05:02:15.072767600Z,2026-07-30T05:02:51.093474300Z,COMPLETED,EPISODE_TYPE_PUBLIC,1,671.5661797371753,691.595845939409,rurumi,titanascended,54427832,-1,648.5914523929073,644.6555691377952,replays\episode_88922024.json,True
55099164,88921534,2026-07-30T04:58:11.940958500Z,2026-07-30T04:58:48.150700200Z,COMPLETED,EPISODE_TYPE_PUBLIC,1,647.4005980505124,671.5661797371753,rurumi,Luca Torre,54419831,-1,654.6719393124878,650.3153031454966,replays\episode_88921534.json,True
55099164,88921088,2026-07-30T04:54:11.873207900Z,2026-07-30T04:54:45.442483900Z,COMPLETED,EPISODE_TYPE_PUBLIC,-1,672.4984585605067,647.4005980505124,rurumi,OiOi-Poke,55095348,1,676.8535833104021,683.4375361421627,replays\episode_88921088.json,True
55099164,88920633,2026-07-30T04:50:17.564075300Z,2026-07-30T04:50:46.479658100Z,COMPLETED,EPISODE_TYPE_PUBLIC,1,659.1081028504528,672.4984585605067,rurumi,MyRoom,54981182,-1,485.4817359041911,483.42097231509973,replays\episode_88920633.json,True
55099164,88920116,2026-07-30T04:46:15.572177600Z,2026-07-30T04:46:49.604600800Z,COMPLETED,EPISODE_TYPE_PUBLIC,-1,685.6383781781054,659.1081028504528,rurumi,shyGnome3,53747596,1,720.543398633544,724.2318515847442,replays\episode_88920116.json,True
55099164,88919659,2026-07-30T04:42:12.399646Z,2026-07-30T04:42:57.894991300Z,COMPLETED,EPISODE_TYPE_PUBLIC,1,625.8396688418572,685.6383781781054,rurumi,szyulian,54066238,-1,820.7264443282144,813.5906870121315,replays\episode_88919659.json,True
55099164,88919212,2026-07-30T04:38:11.628885500Z,2026-07-30T04:40:17.124335500Z,COMPLETED,EPISODE_TYPE_PUBLIC,-1,656.4338049134832,625.8396688418572,rurumi,kostis,54983891,1,721.7105271363669,724.9409797953729,replays\episode_88919212.json,True
55099164,88918747,2026-07-30T04:34:11.914912900Z,2026-07-30T04:34:48.831617300Z,COMPLETED,EPISODE_TYPE_PUBLIC,-1,706.2543873106728,656.4338049134832,rurumi,InkCartridge,55047603,1,671.6096814320856,676.0687644603826,replays\episode_88918747.json,True
55099164,88918283,2026-07-30T04:29:49.270058800Z,2026-07-30T04:30:20.888556800Z,COMPLETED,EPISODE_TYPE_PUBLIC,1,650.7832732989848,706.2543873106728,rurumi,Krizsó Gergely,55084286,-1,668.4398071599519,663.2119090565162,replays\episode_88918283.json,True
55099164,88917846,2026-07-30T04:25:48.129531600Z,2026-07-30T04:27:02.745195400Z,COMPLETED,EPISODE_TYPE_PUBLIC,-1,734.3016807605023,650.7832732989848,rurumi,EunchaeSong,55020056,1,638.5141090318883,643.4846155230503,replays\episode_88917846.json,True
55099164,88918156,2026-07-30T04:25:49.359801600Z,2026-07-30T04:26:25.813677300Z,COMPLETED,EPISODE_TYPE_PUBLIC,1,640.6644791088718,734.3016807605023,rurumi,Jeki Wan Taufik,54079764,-1,719.5723073035631,715.004639435164,replays\episode_88918156.json,True
55099164,88917360,2026-07-30T04:21:48.128771400Z,2026-07-30T04:22:30.015844300Z,COMPLETED,EPISODE_TYPE_PUBLIC,-1,730.5181466166227,640.6644791088718,rurumi,Nishanth Rajan,54840100,1,719.2277644696361,722.8856229747145,replays\episode_88917360.json,True
55099164,88916890,2026-07-30T04:17:50.869326300Z,2026-07-30T04:18:22.913434400Z,COMPLETED,EPISODE_TYPE_PUBLIC,1,707.4858061644534,730.5181466166227,rurumi,okubyfire,53806831,-1,339.7259268455121,338.9015406642438,replays\episode_88916890.json,True
55099164,88916441,2026-07-30T04:13:50.242688600Z,2026-07-30T04:14:23.816095800Z,COMPLETED,EPISODE_TYPE_PUBLIC,1,600,707.4858061644534,rurumi,Ryohei Matsumoto,54013591,-1,595.5510575472675,592.2593047334811,replays\episode_88916441.json,True
55099164,88916387,2026-07-30T04:12:31.991859900Z,2026-07-30T04:13:14.736805700Z,COMPLETED,EPISODE_TYPE_VALIDATION,-1,,600,rurumi,rurumi,55099164,1,,600,replays\episode_88916387.json,True
55113800,89034592,2026-07-30T21:47:32.191838Z,2026-07-30T21:48:07.013333600Z,COMPLETED,EPISODE_TYPE_PUBLIC,1,706.9905296217045,714.5862168902861,rurumi,gurene-do,54476999,-1,742.4952660665241,737.440696528457,replays\episode_89034592.json,True
55113800,89030861,2026-07-30T21:12:42.968639800Z,2026-07-30T21:13:29.381083700Z,COMPLETED,EPISODE_TYPE_PUBLIC,1,699.9768109736464,706.9905296217045,rurumi,nick gault,53894041,-1,705.4492356333675,700.8996698031038,replays\episode_89030861.json,True
55113800,89026813,2026-07-30T20:36:44.528026700Z,2026-07-30T20:37:14.964834300Z,COMPLETED,EPISODE_TYPE_PUBLIC,-1,707.085844907785,699.9768109736464,rurumi,impaja,53908975,1,704.9530560200325,709.4457902370096,replays\episode_89026813.json,True
55113800,89024479,2026-07-30T20:16:43.322303Z,2026-07-30T20:17:18.163161500Z,COMPLETED,EPISODE_TYPE_PUBLIC,1,700.437963697644,707.085844907785,rurumi,NOISEFALLACY,53968227,-1,677.7311999809582,673.6363256548756,replays\episode_89024479.json,True
55113800,89021375,2026-07-30T19:49:18.413888Z,2026-07-30T19:50:10.572776300Z,COMPLETED,EPISODE_TYPE_PUBLIC,1,692.997100083832,700.437963697644,rurumi,Ajay Sampath,55113715,-1,695.8326663717305,688.3944930827363,replays\episode_89021375.json,True
55113800,89019558,2026-07-30T19:27:58.284656200Z,2026-07-30T19:28:39.951991700Z,COMPLETED,EPISODE_TYPE_PUBLIC,1,686.8255983644036,692.997100083832,rurumi,stargazer,54871300,-1,632.1631093803841,628.5559517720168,replays\episode_89019558.json,True
55113800,89015891,2026-07-30T18:55:59.219319500Z,2026-07-30T18:56:36.795318500Z,COMPLETED,EPISODE_TYPE_PUBLIC,-1,696.9016488187626,686.8255983644036,rurumi,樹神,54396954,1,623.0066726810222,628.7105746632596,replays\episode_89015891.json,True
55113800,89012968,2026-07-30T18:31:57.586671100Z,2026-07-30T18:33:01.267514400Z,COMPLETED,EPISODE_TYPE_PUBLIC,1,690.5760114712253,696.9016488187626,rurumi,Kunal Desale,55115384,-1,634.4582496320439,621.5431585757266,replays\episode_89012968.json,True
55113800,89011828,2026-07-30T18:19:58.272738400Z,2026-07-30T18:20:35.698503600Z,COMPLETED,EPISODE_TYPE_PUBLIC,-1,699.0690318250358,690.5760114712253,rurumi,Sheldon Zhao,55015509,1,692.6441264816034,697.1899823012051,replays\episode_89011828.json,True
55113800,89011319,2026-07-30T18:15:59.919431600Z,2026-07-30T18:16:35.496731500Z,COMPLETED,EPISODE_TYPE_PUBLIC,1,690.3908987538097,699.0690318250358,rurumi,khj1222,54349932,-1,694.2114868356483,689.711313531225,replays\episode_89011319.json,True
55113800,89010863,2026-07-30T18:11:59.790754Z,2026-07-30T18:12:36.460086900Z,COMPLETED,EPISODE_TYPE_PUBLIC,1,681.321055936506,690.3908987538097,rurumi,Yuki Suwa,53859643,-1,688.5313567321796,683.9800676960097,replays\episode_89010863.json,True
55113800,89010412,2026-07-30T18:07:58.078762400Z,2026-07-30T18:08:38.172015700Z,COMPLETED,EPISODE_TYPE_PUBLIC,1,671.2354832182015,681.321055936506,rurumi,Calix_lin,54891010,-1,699.1166494115969,694.2298885418245,replays\episode_89010412.json,True
55113800,89009955,2026-07-30T18:03:58.088727500Z,2026-07-30T18:04:32.134296900Z,COMPLETED,EPISODE_TYPE_PUBLIC,-1,680.8469967004877,671.2354832182015,rurumi,Ilham Sadewa,53928411,1,676.4849216287198,680.9818314684467,replays\episode_89009955.json,True
55113800,89009485,2026-07-30T17:59:58.492517700Z,2026-07-30T18:00:34.429175600Z,COMPLETED,EPISODE_TYPE_PUBLIC,-1,692.9664164388918,680.8469967004877,rurumi,mokemokemokemoke,54010562,1,631.2119274212981,636.6633907727507,replays\episode_89009485.json,True
55113800,89008985,2026-07-30T17:56:30.067609100Z,2026-07-30T17:57:03.752679700Z,COMPLETED,EPISODE_TYPE_PUBLIC,1,684.7027144793659,692.9664164388918,rurumi,Rishav Dutta,54946777,-1,630.5056901561679,626.9125307802781,replays\episode_89008985.json,True
55113800,89008528,2026-07-30T17:48:58.344449600Z,2026-07-30T17:49:37.883539Z,COMPLETED,EPISODE_TYPE_PUBLIC,1,671.2161153537431,684.7027144793659,rurumi,Santiago Maniches,55093568,-1,743.6832911450117,737.7292266907261,replays\episode_89008528.json,True
55113800,89008072,2026-07-30T17:44:53.995257300Z,2026-07-30T17:45:24.197880400Z,COMPLETED,EPISODE_TYPE_PUBLIC,-1,681.9718213778522,671.2161153537431,rurumi,nobker,55003454,1,688.4487562458036,692.7537919931981,replays\episode_89008072.json,True
55113800,89007686,2026-07-30T17:40:54.706902Z,2026-07-30T17:41:33.370092300Z,COMPLETED,EPISODE_TYPE_PUBLIC,1,669.1467703129556,681.9718213778522,rurumi,aigood,53806928,-1,700.7481573755892,695.8364634471727,replays\episode_89007686.json,True
55113800,89007173,2026-07-30T17:36:55.896751200Z,2026-07-30T17:37:21.161040300Z,COMPLETED,EPISODE_TYPE_PUBLIC,1,656.6764084500101,669.1467703129556,rurumi,YusukeKatoPremium,53946889,-1,667.5557596492471,662.9886524851842,replays\episode_89007173.json,True
55113800,89006709,2026-07-30T17:32:56.558951300Z,2026-07-30T17:33:44.390536Z,COMPLETED,EPISODE_TYPE_PUBLIC,-1,670.7237567166413,656.6764084500101,rurumi,yoikoarmor,55062475,1,638.654922191789,643.5572544984301,replays\episode_89006709.json,True
55113800,89006263,2026-07-30T17:29:29.971820Z,2026-07-30T17:30:08.328501700Z,COMPLETED,EPISODE_TYPE_PUBLIC,1,657.5182985603634,670.7237567166413,rurumi,TorNoz,55113297,-1,663.1407341460192,653.0245040847533,replays\episode_89006263.json,True
55113800,89005795,2026-07-30T17:21:27.277796900Z,2026-07-30T17:22:02.423759Z,COMPLETED,EPISODE_TYPE_PUBLIC,1,637.8714055904962,657.5182985603634,rurumi,TFA Alliance,55087577,-1,745.4185755279123,739.2478719426488,replays\episode_89005795.json,True
55113800,89005331,2026-07-30T17:17:26.914747700Z,2026-07-30T17:17:57.304786200Z,COMPLETED,EPISODE_TYPE_PUBLIC,-1,652.5290685403846,637.8714055904962,rurumi,The Peter Cooper Fan Club,54175368,1,652.3275078070476,656.6913213414173,replays\episode_89005331.json,True
55113800,89004868,2026-07-30T17:13:27.001918400Z,2026-07-30T17:14:01.513611500Z,COMPLETED,EPISODE_TYPE_PUBLIC,1,639.3883684721864,652.5290685403846,rurumi,Technica,55098462,-1,598.1514556743917,592.4390480998018,replays\episode_89004868.json,True
55113800,89004403,2026-07-30T17:09:28.307436Z,2026-07-30T17:10:09.222497600Z,COMPLETED,EPISODE_TYPE_PUBLIC,-1,656.8884361492084,639.3883684721864,rurumi,hookbook,54218700,1,636.7557120927562,641.4089443131157,replays\episode_89004403.json,True
55113800,89003930,2026-07-30T17:05:27.201358400Z,2026-07-30T17:06:10.395229Z,COMPLETED,EPISODE_TYPE_PUBLIC,-1,671.3228864138889,656.8884361492084,rurumi,shota nishiyama,54516589,1,719.3281172160143,722.9505096611443,replays\episode_89003930.json,True
55113800,89003386,2026-07-30T17:01:27.865191400Z,2026-07-30T17:02:15.958963600Z,COMPLETED,EPISODE_TYPE_PUBLIC,-1,685.4692142321557,671.3228864138889,rurumi,COLD,55114741,1,722.7646969917378,766.064214233595,replays\episode_89003386.json,True
55113800,89003473,2026-07-30T17:01:27.977663700Z,2026-07-30T17:02:02.671516100Z,COMPLETED,EPISODE_TYPE_PUBLIC,1,664.6226033417001,685.4692142321557,rurumi,The Debauchery Tea Party,55106088,-1,688.3948099200571,681.6244793915297,replays\episode_89003473.json,True
55113800,89003009,2026-07-30T16:57:26.760832400Z,2026-07-30T16:58:05.235571Z,COMPLETED,EPISODE_TYPE_PUBLIC,-1,674.9057896783639,664.6226033417001,rurumi,Pol,54973851,1,838.447496937919,840.6203572466737,replays\episode_89003009.json,True
55113800,89002541,2026-07-30T16:53:27.004801400Z,2026-07-30T16:53:59.416301200Z,COMPLETED,EPISODE_TYPE_PUBLIC,-1,694.5035036606338,674.9057896783639,rurumi,nanannan,54840619,1,724.0822065528805,727.9232893342169,replays\episode_89002541.json,True
55113800,89002079,2026-07-30T16:49:27.100358700Z,2026-07-30T16:50:10.909325400Z,COMPLETED,EPISODE_TYPE_PUBLIC,1,665.0675359455149,694.5035036606338,rurumi,Satoluca,53895166,-1,730.4284258250315,725.1772686367588,replays\episode_89002079.json,True
55113800,89001625,2026-07-30T16:45:26.867617800Z,2026-07-30T16:46:01.126553Z,COMPLETED,EPISODE_TYPE_PUBLIC,1,645.4964600508868,665.0675359455149,rurumi,t-hash1995,54040671,-1,572.2464011567773,569.0276759474588,replays\episode_89001625.json,True
55113800,89001181,2026-07-30T16:41:27.249832500Z,2026-07-30T16:42:09.766884Z,COMPLETED,EPISODE_TYPE_PUBLIC,1,618.3204176490182,645.4964600508868,rurumi,PPPPPPO,55097472,-1,609.6925075068374,603.7303972879471,replays\episode_89001181.json,True
55113800,89000722,2026-07-30T16:37:27.606947500Z,2026-07-30T16:38:01.919392Z,COMPLETED,EPISODE_TYPE_PUBLIC,1,581.9459141860691,618.3204176490182,rurumi,THAI TA,53946709,-1,627.0257816165076,622.2185921555968,replays\episode_89000722.json,True
55113800,89000271,2026-07-30T16:33:26.918065400Z,2026-07-30T16:34:03.379449700Z,COMPLETED,EPISODE_TYPE_PUBLIC,1,543.42621604116,581.9459141860691,rurumi,whitness00,54816239,-1,569.1556874593485,564.6902459878917,replays\episode_89000271.json,True
55113800,88999806,2026-07-30T16:29:23.995438100Z,2026-07-30T16:29:58.265233200Z,COMPLETED,EPISODE_TYPE_PUBLIC,1,509.4505116794574,543.42621604116,rurumi,Cerys Jones,54029898,-1,463.26926185914994,459.81374957344906,replays\episode_88999806.json,True
55113800,88999318,2026-07-30T16:25:22.658331900Z,2026-07-30T16:25:56.723988500Z,COMPLETED,EPISODE_TYPE_PUBLIC,1,480.44719972026076,509.4505116794574,rurumi,Shubham Choudhary,53901653,-1,362.706605150926,360.1064235969933,replays\episode_88999318.json,True
55113800,88998984,2026-07-30T16:21:23.037248800Z,2026-07-30T16:22:01.185421700Z,COMPLETED,EPISODE_TYPE_PUBLIC,-1,517.0989571878298,480.44719972026076,rurumi,JEF UNITED CHIBA,55112810,1,604.0815884980027,615.5948235610633,replays\episode_88998984.json,True
55113800,88998841,2026-07-30T16:21:22.819757400Z,2026-07-30T16:21:56.913194100Z,COMPLETED,EPISODE_TYPE_PUBLIC,-1,582.4835793314851,517.0989571878298,rurumi,Med.T,54757485,1,559.7833952480112,563.8699341319897,replays\episode_88998841.json,True
55113800,88998388,2026-07-30T16:17:22.626959300Z,2026-07-30T16:18:24.034233900Z,COMPLETED,EPISODE_TYPE_PUBLIC,1,520.9818046674134,582.4835793314851,rurumi,Muhammad Shayan,55111225,-1,473.2169962264042,464.3672172348803,replays\episode_88998388.json,True
55113800,88997928,2026-07-30T16:13:26.347534400Z,2026-07-30T16:14:00.002997300Z,COMPLETED,EPISODE_TYPE_PUBLIC,-1,583.1483958478582,520.9818046674134,rurumi,渡邉瑛貴,54142891,1,679.206639000238,681.8417280727656,replays\episode_88997928.json,True
55113800,88997497,2026-07-30T16:09:23.569860500Z,2026-07-30T16:09:57.866697500Z,COMPLETED,EPISODE_TYPE_PUBLIC,1,492.8884617412609,583.1483958478582,rurumi,czechmix,54815918,-1,470.01282824161757,466.7821950997452,replays\episode_88997497.json,True
55113800,88997014,2026-07-30T16:05:22.903600700Z,2026-07-30T16:07:08.027302700Z,COMPLETED,EPISODE_TYPE_PUBLIC,-1,600,492.8884617412609,rurumi,toshizo,53944957,1,605.7229790413671,609.003269900541,replays\episode_88997014.json,True
55113800,88996520,2026-07-30T16:00:53.476167900Z,2026-07-30T16:01:34.284574100Z,COMPLETED,EPISODE_TYPE_VALIDATION,-1,,600,rurumi,rurumi,55113800,1,,600,replays\episode_88996520.json,True
55116478,89066713,2026-07-31T02:12:31.221274Z,2026-07-31T02:13:07.883672900Z,COMPLETED,EPISODE_TYPE_PUBLIC,1,746.3638736834397,753.0708013964229,rurumi,Yamafy2016,54301716,-1,785.6536955949,780.5196915674293,replays\episode_89066713.json,True
55116478,89066474,2026-07-31T02:12:30.703055200Z,2026-07-31T02:13:00.707769500Z,COMPLETED,EPISODE_TYPE_PUBLIC,-1,750.4710109532455,746.3638736834397,rurumi,koucha,55123246,1,837.1112743950836,849.3965292083128,replays\episode_89066474.json,True
55116478,89050527,2026-07-31T00:04:31.307031400Z,2026-07-31T00:05:17.942321500Z,COMPLETED,EPISODE_TYPE_PUBLIC,1,744.4526557170718,750.4710109532455,rurumi,MoriBob,55121366,-1,786.7725374059331,728.3729222029131,replays\episode_89050527.json,True
55116478,89044774,2026-07-30T23:16:31.816505800Z,2026-07-30T23:17:40.123538600Z,COMPLETED,EPISODE_TYPE_PUBLIC,1,738.913519868323,744.4526557170718,rurumi,Master-Zero1,55048495,-1,709.7132902023321,705.7082748438739,replays\episode_89044774.json,True
55116478,89039144,2026-07-30T22:28:01.574267800Z,2026-07-30T22:28:53.352900800Z,COMPLETED,EPISODE_TYPE_PUBLIC,1,733.6525123604581,738.913519868323,rurumi,blackseashark@gcvt,54037124,-1,686.0720652239921,682.3487690095076,replays\episode_89039144.json,True
55116478,89033480,2026-07-30T21:39:31.632406100Z,2026-07-30T21:40:19.583586900Z,COMPLETED,EPISODE_TYPE_PUBLIC,1,728.8318958292085,733.6525123604581,rurumi,KatR,55117760,-1,657.1568877409,650.8035493994303,replays\episode_89033480.json,True
55116478,89031425,2026-07-30T21:16:43.738257200Z,2026-07-30T21:17:21.325653Z,COMPLETED,EPISODE_TYPE_PUBLIC,-1,735.2046995210965,728.8318958292085,rurumi,Ardell Aghna Mahendra,54478577,1,744.4749274817225,748.7895219778362,replays\episode_89031425.json,True
55116478,89029950,2026-07-30T21:04:43.802021Z,2026-07-30T21:05:27.965882800Z,COMPLETED,EPISODE_TYPE_PUBLIC,1,728.6932661003293,735.2046995210965,rurumi,Nishanth Rajan,54840335,-1,718.7447693956243,714.4429610223419,replays\episode_89029950.json,True
55116478,89029375,2026-07-30T21:00:42.887097Z,2026-07-30T21:01:25.096222200Z,COMPLETED,EPISODE_TYPE_PUBLIC,-1,735.4494094113879,728.6932661003293,rurumi,Aman Arora,54774562,1,742.1174451534052,746.4697111475051,replays\episode_89029375.json,True
55116478,89028904,2026-07-30T20:56:46.006973Z,2026-07-30T20:57:30.994364200Z,COMPLETED,EPISODE_TYPE_PUBLIC,1,726.0854244810783,735.4494094113879,rurumi,iwata hiroki,55112414,-1,809.5299137123964,801.693582742718,replays\episode_89028904.json,True
55116478,89028444,2026-07-30T20:52:43.505747700Z,2026-07-30T20:53:30.004874Z,COMPLETED,EPISODE_TYPE_PUBLIC,-1,732.3989136307342,726.0854244810783,rurumi,LookingIN97,54559601,1,770.8282978502102,774.6805953973726,replays\episode_89028444.json,True
55116478,89028011,2026-07-30T20:48:45.178027900Z,2026-07-30T20:49:16.627057900Z,COMPLETED,EPISODE_TYPE_PUBLIC,-1,740.4737473583658,732.3989136307342,rurumi,SCU_12600883,54071962,1,719.9841140190556,724.7726468397267,replays\episode_89028011.json,True
55116478,89027522,2026-07-30T20:44:43.962803400Z,2026-07-30T20:45:20.341808Z,COMPLETED,EPISODE_TYPE_PUBLIC,1,731.5773806605007,740.4737473583658,rurumi,Attacker,55110535,-1,773.5313844932238,766.4887874932994,replays\episode_89027522.json,True
55116478,89027074,2026-07-30T20:40:43.899230900Z,2026-07-30T20:41:29.806184100Z,COMPLETED,EPISODE_TYPE_PUBLIC,-1,738.440113631849,731.5773806605007,rurumi,Otter Vibe,55101583,1,776.5840925262745,781.0870122869811,replays\episode_89027074.json,True
55116478,89026605,2026-07-30T20:36:44.123465200Z,2026-07-30T20:37:22.385768800Z,COMPLETED,EPISODE_TYPE_PUBLIC,1,731.565402634661,738.440113631849,rurumi,MizoTake,54878258,-1,686.510164457543,682.76543856227,replays\episode_89026605.json,True
55116478,89026172,2026-07-30T20:32:45.789053900Z,2026-07-30T20:33:23.474437Z,COMPLETED,EPISODE_TYPE_PUBLIC,1,730.3343684581484,731.565402634661,rurumi,Fusahiko@555,54407530,-1,380.07952479578,379.4153768346907,replays\episode_89026172.json,True
55116478,89025681,2026-07-30T20:28:46.163541700Z,2026-07-30T20:29:21.442397300Z,COMPLETED,EPISODE_TYPE_PUBLIC,-1,738.9461249251979,730.3343684581484,rurumi,s@sak1,54940639,1,735.0447169264759,739.547099024875,replays\episode_89025681.json,True
55116478,89025223,2026-07-30T20:24:45.667966Z,2026-07-30T20:25:25.349341Z,COMPLETED,EPISODE_TYPE_PUBLIC,-1,746.106303398155,738.9461249251979,rurumi,Sirui Zeng,55109033,1,797.2487496858836,802.2387161574712,replays\episode_89025223.json,True
55116478,89024768,2026-07-30T20:20:44.376097700Z,2026-07-30T20:21:11.501619500Z,COMPLETED,EPISODE_TYPE_PUBLIC,-1,753.2764775590565,746.106303398155,rurumi,Mohamed Amine Aichaoui,55111060,1,811.2826320880594,816.0991471328136,replays\episode_89024768.json,True
55116478,89024308,2026-07-30T20:16:43.001977100Z,2026-07-30T20:17:20.680424900Z,COMPLETED,EPISODE_TYPE_PUBLIC,1,746.2566289433815,753.2764775590565,rurumi,Chengyu Huang,55095889,-1,675.8286622093292,671.5397278646523,replays\episode_89024308.json,True
55116478,89023863,2026-07-30T20:12:44.073072500Z,2026-07-30T20:13:15.661385900Z,COMPLETED,EPISODE_TYPE_PUBLIC,1,735.2642241852202,746.2566289433815,rurumi,saxsir,54899212,-1,774.3823312027639,769.3143140927028,replays\episode_89023863.json,True
55116478,89023397,2026-07-30T20:08:43.480213900Z,2026-07-30T20:09:22.950263100Z,COMPLETED,EPISODE_TYPE_PUBLIC,1,726.567514725528,735.2642241852202,rurumi,Pure Spirit,54885893,-1,691.2662879562987,687.3920026881843,replays\episode_89023397.json,True
55116478,89022951,2026-07-30T20:04:46.174366800Z,2026-07-30T20:07:05.236551200Z,COMPLETED,EPISODE_TYPE_PUBLIC,1,718.7220542567461,726.567514725528,rurumi,安藤駿介,54770069,-1,649.7162288303135,646.3353301050415,replays\episode_89022951.json,True
55116478,89022472,2026-07-30T20:00:45.793763700Z,2026-07-30T20:01:24.988991200Z,COMPLETED,EPISODE_TYPE_PUBLIC,-1,728.4615226757343,718.7220542567461,rurumi,ne Artem Savchenko,54080273,1,752.1779603741802,756.2205780544832,replays\episode_89022472.json,True
55116478,89022068,2026-07-30T19:56:46.508606300Z,2026-07-30T19:57:23.766365Z,COMPLETED,EPISODE_TYPE_PUBLIC,-1,739.7251220431655,728.4615226757343,rurumi,cicada,54769848,1,734.5942384791565,739.082230309995,replays\episode_89022068.json,True
55116478,89021561,2026-07-30T19:52:43.824607700Z,2026-07-30T19:53:19.108325100Z,COMPLETED,EPISODE_TYPE_PUBLIC,-1,750.5344089077204,739.7251220431655,rurumi,FlowerGarden,55110109,1,766.1690436626552,772.1531165338356,replays\episode_89021561.json,True
55116478,89021111,2026-07-30T19:49:17.572575900Z,2026-07-30T19:50:06.096765200Z,COMPLETED,EPISODE_TYPE_PUBLIC,1,737.214591350615,750.5344089077204,rurumi,bakata,53855304,-1,766.5950827019825,761.7283742587316,replays\episode_89021111.json,True
55116478,89020633,2026-07-30T19:39:57.711731400Z,2026-07-30T19:40:41.140912600Z,COMPLETED,EPISODE_TYPE_PUBLIC,-1,749.0464589068924,737.214591350615,rurumi,hamuhei,55108243,1,763.7761513439018,769.9157797054038,replays\episode_89020633.json,True
55116478,89020178,2026-07-30T19:35:59.031850400Z,2026-07-30T19:36:30.387928900Z,COMPLETED,EPISODE_TYPE_PUBLIC,1,731.8224784987173,749.0464589068924,rurumi,clawspark,54993529,-1,812.0113940514238,806.3069556259386,replays\episode_89020178.json,True
55116478,89019719,2026-07-30T19:31:57.698496400Z,2026-07-30T19:32:49.055635Z,COMPLETED,EPISODE_TYPE_PUBLIC,-1,747.8699716629334,731.8224784987173,rurumi,takentake,54379398,1,706.4022392244354,711.4373726653233,replays\episode_89019719.json,True
55116478,89019966,2026-07-30T19:31:58.156161Z,2026-07-30T19:32:43.375682100Z,COMPLETED,EPISODE_TYPE_PUBLIC,1,733.8139633207918,747.8699716629334,rurumi,pokesom,55113428,-1,724.5095403107634,717.7371046904545,replays\episode_89019966.json,True
55116478,89019271,2026-07-30T19:27:57.710840500Z,2026-07-30T19:28:30.298679700Z,COMPLETED,EPISODE_TYPE_PUBLIC,1,717.8104450013841,733.8139633207918,rurumi,f_u,55094029,-1,727.6678315771002,723.0571915770214,replays\episode_89019271.json,True
55116478,89018771,2026-07-30T19:23:58.979174600Z,2026-07-30T19:24:29.819652500Z,COMPLETED,EPISODE_TYPE_PUBLIC,1,706.3103115300574,717.8104450013841,rurumi,sidney niu,54035521,-1,617.6869259722605,614.6099112230226,replays\episode_89018771.json,True
55116478,89018316,2026-07-30T19:20:02.994818Z,2026-07-30T19:20:42.412146300Z,COMPLETED,EPISODE_TYPE_PUBLIC,-1,723.2078120233925,706.3103115300574,rurumi,senkin13,55116614,1,717.1564778729529,734.5527719357017,replays\episode_89018316.json,True
55116478,89017863,2026-07-30T19:15:58.388630900Z,2026-07-30T19:16:27.382334500Z,COMPLETED,EPISODE_TYPE_PUBLIC,1,704.3428322439479,723.2078120233925,rurumi,G Pokemon,54990815,-1,713.1961308606324,708.7461648500821,replays\episode_89017863.json,True
55116478,89017402,2026-07-30T19:11:57.762404900Z,2026-07-30T19:14:06.344513400Z,COMPLETED,EPISODE_TYPE_PUBLIC,-1,722.2186927759234,704.3428322439479,rurumi,박강찬,55101679,1,745.3473235827745,750.7815455517292,replays\episode_89017402.json,True
55116478,89016941,2026-07-30T19:07:57.559685200Z,2026-07-30T19:08:36.676003300Z,COMPLETED,EPISODE_TYPE_PUBLIC,1,707.4505404928085,722.2186927759234,rurumi,Ryosuke Suzuki,54322145,-1,619.0308278600493,615.9762545162737,replays\episode_89016941.json,True
55116478,89016484,2026-07-30T19:03:57.657891400Z,2026-07-30T19:04:43.264317500Z,COMPLETED,EPISODE_TYPE_PUBLIC,1,702.8995295506594,707.4505404928085,rurumi,irelia 0/11/2,53979986,-1,389.13437491061757,388.22193685331854,replays\episode_89016484.json,True
55116478,89016026,2026-07-30T18:59:59.169487400Z,2026-07-30T19:00:59.099595100Z,COMPLETED,EPISODE_TYPE_PUBLIC,1,680.337065876165,702.8995295506594,rurumi,萤火2018,55102778,-1,675.6718097413543,669.8153802674055,replays\episode_89016026.json,True
55116478,89015571,2026-07-30T18:55:58.709623600Z,2026-07-30T18:56:29.528085700Z,COMPLETED,EPISODE_TYPE_PUBLIC,-1,705.0515379971629,680.337065876165,rurumi,G Pokemon,54990815,1,709.0231968113327,713.1961308606324,replays\episode_89015571.json,True
55116478,89015116,2026-07-30T18:51:57.791646Z,2026-07-30T18:53:05.824338400Z,COMPLETED,EPISODE_TYPE_PUBLIC,-1,724.8010845969892,705.0515379971629,rurumi,Mahog,55054056,1,809.3511227459976,812.4181292302005,replays\episode_89015116.json,True
55116478,89014673,2026-07-30T18:47:57.825624600Z,2026-07-30T18:48:35.069784300Z,COMPLETED,EPISODE_TYPE_PUBLIC,1,694.5119001128319,724.8010845969892,rurumi,Been Seo,53779990,-1,698.1032259647071,693.8807657748791,replays\episode_89014673.json,True
55116478,89014228,2026-07-30T18:43:57.628689100Z,2026-07-30T18:44:30.718925200Z,COMPLETED,EPISODE_TYPE_PUBLIC,1,647.2663915454543,694.5119001128319,rurumi,Benjamin P,54884854,-1,755.515872373133,749.7856970788634,replays\episode_89014228.json,True
55116478,89013766,2026-07-30T18:39:57.643480600Z,2026-07-30T18:40:30.882126600Z,COMPLETED,EPISODE_TYPE_PUBLIC,-1,678.6198763786975,647.2663915454543,rurumi,NukoNiko15,54780684,1,733.486855601444,736.8491654279619,replays\episode_89013766.json,True
55116478,89013323,2026-07-30T18:35:59.526875800Z,2026-07-30T18:38:05.009952700Z,COMPLETED,EPISODE_TYPE_PUBLIC,1,637.5551736557862,678.6198763786975,rurumi,higaki,55105385,-1,622.9163361398014,616.8002778839198,replays\episode_89013323.json,True
55116478,89012863,2026-07-30T18:31:57.433763600Z,2026-07-30T18:33:04.088744400Z,COMPLETED,EPISODE_TYPE_PUBLIC,-1,685.6454120430518,637.5551736557862,rurumi,yawara,53826566,1,700.5801577755603,704.3246348833413,replays\episode_89012863.json,True
55116478,89012418,2026-07-30T18:27:57.603261300Z,2026-07-30T18:28:42.899273Z,COMPLETED,EPISODE_TYPE_PUBLIC,1,618.6497755172209,685.6454120430518,rurumi,Sheehan Brothers,54719077,-1,649.5582524430775,645.3710251602131,replays\episode_89012418.json,True
55116478,89011959,2026-07-30T18:23:57.672737700Z,2026-07-30T18:24:35.420400900Z,COMPLETED,EPISODE_TYPE_PUBLIC,-1,737.9536195214691,618.6497755172209,rurumi,Rafael Montañez,53822999,1,543.9986817955751,550.0818122390799,replays\episode_89011959.json,True
55116478,89011506,2026-07-30T18:19:57.613255900Z,2026-07-30T18:20:27.468857700Z,COMPLETED,EPISODE_TYPE_PUBLIC,-1,817.5437924429995,737.9536195214691,rurumi,kawachi,55104358,1,836.480104414109,840.0620054015444,replays\episode_89011506.json,True
55116478,89011049,2026-07-30T18:15:59.467102Z,2026-07-30T18:16:34.606273900Z,COMPLETED,EPISODE_TYPE_PUBLIC,1,715.1015096329671,817.5437924429995,rurumi,tomatomato,53881664,-1,737.2073314181164,733.5406609596126,replays\episode_89011049.json,True
55116478,89010606,2026-07-30T18:11:59.375931400Z,2026-07-30T18:12:30.440780Z,COMPLETED,EPISODE_TYPE_PUBLIC,1,600,715.1015096329671,rurumi,Konichiwa,54991029,-1,621.0778895444266,617.552905811917,replays\episode_89010606.json,True
55116478,89010555,2026-07-30T18:10:02.160914600Z,2026-07-30T18:10:33.822306500Z,COMPLETED,EPISODE_TYPE_VALIDATION,1,,600,rurumi,rurumi,55116478,-1,,600,replays\episode_89010555.json,True
55120278,89089954,2026-07-31T05:28:38.890631200Z,2026-07-31T05:29:36.382941600Z,COMPLETED,EPISODE_TYPE_PUBLIC,1,822.1941355435342,826.9643622120076,rurumi,Decision Treecko,55127785,-1,816.8331732905586,764.6256140320196,replays\episode_89089954.json,True
55120278,89089457,2026-07-31T05:24:36.620891500Z,2026-07-31T05:25:11.002390900Z,COMPLETED,EPISODE_TYPE_PUBLIC,-1,825.4066423918213,822.1941355435342,rurumi,Sasa Shun,55127666,1,941.3772934648482,983.1536168810443,replays\episode_89089457.json,True
55120278,89082136,2026-07-31T04:20:32.242314900Z,2026-07-31T04:21:03.598620500Z,COMPLETED,EPISODE_TYPE_PUBLIC,-1,830.4100720206548,825.4066423918213,rurumi,kentaro_kato,55076919,1,867.733198003938,871.6170826260645,replays\episode_89082136.json,True
55120278,89070600,2026-07-31T02:44:32.879444300Z,2026-07-31T02:45:18.332375900Z,COMPLETED,EPISODE_TYPE_PUBLIC,-1,836.5486540518034,830.4100720206548,rurumi,Nobu Kimura,54964520,1,825.1492363262217,829.8100665780296,replays\episode_89070600.json,True
55120278,89058249,2026-07-31T01:04:32.170955Z,2026-07-31T01:05:15.800175200Z,COMPLETED,EPISODE_TYPE_PUBLIC,-1,843.648987703569,836.5486540518034,rurumi,ばう,55041449,1,796.6643487557582,801.9286390112632,replays\episode_89058249.json,True
55120278,89057737,2026-07-31T01:00:31.905104Z,2026-07-31T01:01:08.446171300Z,COMPLETED,EPISODE_TYPE_PUBLIC,-1,851.715144950145,843.648987703569,rurumi,LJL,54896460,1,772.7086939270475,778.5392242250218,replays\episode_89057737.json,True
55120278,89057215,2026-07-31T00:56:31.317536500Z,2026-07-31T00:57:03.383748500Z,COMPLETED,EPISODE_TYPE_PUBLIC,1,845.7698551092005,851.715144950145,rurumi,pino 70122,54853722,-1,829.1728880663792,824.971779593135,replays\episode_89057215.json,True
55120278,89056542,2026-07-31T00:52:31.083712500Z,2026-07-31T00:53:07.669971100Z,COMPLETED,EPISODE_TYPE_PUBLIC,1,840.6972229572418,845.7698551092005,rurumi,Ömer Faruk Yüce,55121825,-1,789.5571526272271,770.4270634177768,replays\episode_89056542.json,True
55120278,89056691,2026-07-31T00:52:31.387557300Z,2026-07-31T00:53:05.523150200Z,COMPLETED,EPISODE_TYPE_PUBLIC,-1,850.362574695474,840.6972229572418,rurumi,TTU Thome,53842586,1,733.9763041470759,740.4867742545872,replays\episode_89056691.json,True
55120278,89056196,2026-07-31T00:48:33.089520300Z,2026-07-31T00:49:04.730933200Z,COMPLETED,EPISODE_TYPE_PUBLIC,1,844.6706573247037,850.362574695474,rurumi,LG,54847815,-1,798.9153966426572,795.1688283406164,replays\episode_89056196.json,True
55120278,89055683,2026-07-31T00:44:34.679575Z,2026-07-31T00:45:07.950249Z,COMPLETED,EPISODE_TYPE_PUBLIC,1,839.0549686926161,844.6706573247037,rurumi,one vibe and one coding,54844874,-1,784.3199374731554,780.7082902007884,replays\episode_89055683.json,True
55120278,89055189,2026-07-31T00:40:30.691371Z,2026-07-31T00:41:05.539308200Z,COMPLETED,EPISODE_TYPE_PUBLIC,1,834.0781812420221,839.0549686926161,rurumi,Moegi,54903746,-1,745.6682036587672,742.5373629675405,replays\episode_89055189.json,True
55120278,89054495,2026-07-31T00:36:31.816632100Z,2026-07-31T00:37:18.016954600Z,COMPLETED,EPISODE_TYPE_PUBLIC,-1,838.8540997119009,834.0781812420221,rurumi,loIzpo + emonga,55121805,1,928.9672792924495,953.300670358605,replays\episode_89054495.json,True
55120278,89054670,2026-07-31T00:36:32.186840400Z,2026-07-31T00:37:16.647317Z,COMPLETED,EPISODE_TYPE_PUBLIC,-1,845.1507909835077,838.8540997119009,rurumi,rotto,55029635,1,887.7301071669955,891.5187697821164,replays\episode_89054670.json,True
55120278,89054160,2026-07-31T00:32:31.292009600Z,2026-07-31T00:33:03.078933600Z,COMPLETED,EPISODE_TYPE_PUBLIC,-1,854.8808749031189,845.1507909835077,rurumi,Skyraider,55111107,1,781.3604749759592,788.6474292796457,replays\episode_89054160.json,True
55120278,89053647,2026-07-31T00:28:30.510802200Z,2026-07-31T00:29:06.552572200Z,COMPLETED,EPISODE_TYPE_PUBLIC,-1,863.5383835036527,854.8808749031189,rurumi,nakkan_AI,55113590,1,835.36212025929,841.0012622382396,replays\episode_89053647.json,True
55120278,89053146,2026-07-31T00:24:34.089911200Z,2026-07-31T00:25:16.045324Z,COMPLETED,EPISODE_TYPE_PUBLIC,1,855.3419670096839,863.5383835036527,rurumi,wingsyuyi-satori,54959873,-1,858.9964699119805,854.4927352055612,replays\episode_89053146.json,True
55120278,89052638,2026-07-31T00:20:30.504591400Z,2026-07-31T00:21:14.635975800Z,COMPLETED,EPISODE_TYPE_PUBLIC,-1,865.1096929492967,855.3419670096839,rurumi,kumk,55111904,1,819.2217741841927,825.1101566857649,replays\episode_89052638.json,True
55120278,89052139,2026-07-31T00:16:30.385728500Z,2026-07-31T00:17:10.114879800Z,COMPLETED,EPISODE_TYPE_PUBLIC,1,859.3224865025779,865.1096929492967,rurumi,daizedoskoi,54826543,-1,761.7032887426561,758.7049959980969,replays\episode_89052139.json,True
55120278,89051641,2026-07-31T00:12:31.541340800Z,2026-07-31T00:13:14.262469300Z,COMPLETED,EPISODE_TYPE_PUBLIC,1,852.8826913339321,859.3224865025779,rurumi,Yinzi_Mike,55074371,-1,773.4328297716089,770.1883696873597,replays\episode_89051641.json,True
55120278,89051140,2026-07-31T00:08:30.777757200Z,2026-07-31T00:08:56.638230300Z,COMPLETED,EPISODE_TYPE_PUBLIC,-1,863.0352320867261,852.8826913339321,rurumi,Jackylw,54923776,1,832.0719854034378,837.0108096537836,replays\episode_89051140.json,True
55120278,89050678,2026-07-31T00:04:31.593512400Z,2026-07-31T00:05:09.983489300Z,COMPLETED,EPISODE_TYPE_PUBLIC,1,855.1615629701554,863.0352320867261,rurumi,xinpw8,54991713,-1,808.5187857208938,804.8086050098221,replays\episode_89050678.json,True
55120278,89050095,2026-07-31T00:00:30.084779700Z,2026-07-31T00:01:18.324754800Z,COMPLETED,EPISODE_TYPE_PUBLIC,1,845.5938824454328,855.1615629701554,rurumi,NSK,54688247,-1,841.0500356606176,836.6986883716361,replays\episode_89050095.json,True
55120278,89049575,2026-07-30T23:56:35.408481400Z,2026-07-30T23:57:10.470424800Z,COMPLETED,EPISODE_TYPE_PUBLIC,1,839.3425899000138,845.5938824454328,rurumi,Jeki Wan Taufik,54079764,-1,724.0184140366442,721.2571999033481,replays\episode_89049575.json,True
55120278,89049083,2026-07-30T23:52:36.408936400Z,2026-07-30T23:53:17.298817600Z,COMPLETED,EPISODE_TYPE_PUBLIC,-1,851.4116373518077,839.3425899000138,rurumi,kiyomiya-k,55100970,1,808.4645973703136,813.6110929145348,replays\episode_89049083.json,True
55120278,89048069,2026-07-30T23:44:32.325003800Z,2026-07-30T23:50:24.339813400Z,COMPLETED,EPISODE_TYPE_PUBLIC,1,841.2194278368736,851.4116373518077,rurumi,Blu3s & Ausrine,55055718,-1,825.1968707602697,821.0380061229016,replays\episode_89048069.json,True
55120278,89048628,2026-07-30T23:48:36.137411Z,2026-07-30T23:49:35.140040300Z,COMPLETED,EPISODE_TYPE_PUBLIC,1,831.3590204931783,841.2194278368736,rurumi,怒破餓鬼,55119733,-1,799.2467892978536,791.9962234354238,replays\episode_89048628.json,True
55120278,89048576,2026-07-30T23:48:36.028166800Z,2026-07-30T23:49:30.190088900Z,COMPLETED,EPISODE_TYPE_PUBLIC,-1,842.5966174148264,831.3590204931783,rurumi,Yigit Kayali,55119941,1,849.2724734059601,858.3362976326314,replays\episode_89048576.json,True
55120278,89048272,2026-07-30T23:44:32.773246500Z,2026-07-30T23:45:06.644158600Z,COMPLETED,EPISODE_TYPE_PUBLIC,1,834.7507814187801,842.5966174148264,rurumi,MORIOKA Tsuoi,55099016,-1,727.5708673237507,724.1931370426399,replays\episode_89048272.json,True
55120278,89047509,2026-07-30T23:40:33.571246400Z,2026-07-30T23:41:26.110271500Z,COMPLETED,EPISODE_TYPE_PUBLIC,1,819.3621478040176,834.7507814187801,rurumi,Yuki Mizutani,54865004,-1,876.6831033608917,871.3608641924483,replays\episode_89047509.json,True
55120278,89046981,2026-07-30T23:36:32.748426200Z,2026-07-30T23:37:22.439585900Z,COMPLETED,EPISODE_TYPE_PUBLIC,1,809.4318661733049,819.3621478040176,rurumi,Ifeoluwa Adewumi,55113846,-1,736.1414188025001,731.9115796961742,replays\episode_89046981.json,True
55120278,89046464,2026-07-30T23:32:34.736045300Z,2026-07-30T23:33:03.881361600Z,COMPLETED,EPISODE_TYPE_PUBLIC,-1,828.6880429872465,809.4318661733049,rurumi,askbox,54270511,1,729.2637642425004,735.289183435241,replays\episode_89046464.json,True
55120278,89045982,2026-07-30T23:28:32.079599800Z,2026-07-30T23:29:06.409165500Z,COMPLETED,EPISODE_TYPE_PUBLIC,1,813.82459525419,828.6880429872465,rurumi,SK,55116102,-1,817.6611403245547,812.2822664311019,replays\episode_89045982.json,True
55120278,89045478,2026-07-30T23:24:35.076064200Z,2026-07-30T23:25:10.417607500Z,COMPLETED,EPISODE_TYPE_PUBLIC,-1,832.0385929712996,813.82459525419,rurumi,江东,54365360,1,785.9763409001572,791.0593098087487,replays\episode_89045478.json,True
55120278,89044979,2026-07-30T23:20:33.476549600Z,2026-07-30T23:21:12.399379100Z,COMPLETED,EPISODE_TYPE_PUBLIC,-1,848.6240326624228,832.0385929712996,rurumi,RMatsugen,55075203,1,847.2857829052197,851.6434842423787,replays\episode_89044979.json,True
55120278,89044485,2026-07-30T23:16:31.337020700Z,2026-07-30T23:17:18.731827500Z,COMPLETED,EPISODE_TYPE_PUBLIC,1,830.115983083779,848.6240326624228,rurumi,Rok,54856636,-1,845.1120193172243,840.5571251427366,replays\episode_89044485.json,True
55120278,89044478,2026-07-30T23:16:31.327248500Z,2026-07-30T23:17:09.702503400Z,COMPLETED,EPISODE_TYPE_PUBLIC,1,811.5056100845112,830.115983083779,rurumi,ko_fusion_JPN,55120345,-1,823.3727930835729,803.2071125169149,replays\episode_89044478.json,True
55120278,89043995,2026-07-30T23:12:31.704846800Z,2026-07-30T23:13:00.714877200Z,COMPLETED,EPISODE_TYPE_PUBLIC,1,791.532527311709,811.5056100845112,rurumi,Yentür,54852076,-1,791.3835377170263,787.0922363022914,replays\episode_89043995.json,True
55120278,89043486,2026-07-30T23:08:33.286387200Z,2026-07-30T23:09:16.805199600Z,COMPLETED,EPISODE_TYPE_PUBLIC,-1,811.5310882468842,791.532527311709,rurumi,Roman Stupin,55115554,1,830.5893219432717,835.4123757943436,replays\episode_89043486.json,True
55120278,89043001,2026-07-30T23:04:35.354640200Z,2026-07-30T23:05:11.193277500Z,COMPLETED,EPISODE_TYPE_PUBLIC,1,789.6171428065909,811.5310882468842,rurumi,Adi Kusuma,54862382,-1,773.9364420299047,769.9109548708639,replays\episode_89043001.json,True
55120278,89042540,2026-07-30T23:00:33.242699900Z,2026-07-30T23:01:13.534031500Z,COMPLETED,EPISODE_TYPE_PUBLIC,-1,820.9875877094767,789.6171428065909,rurumi,T.Kawahara,55063520,1,756.1755781051255,761.388298943334,replays\episode_89042540.json,True
55120278,89042076,2026-07-30T22:56:34.541506Z,2026-07-30T22:57:06.724979300Z,COMPLETED,EPISODE_TYPE_PUBLIC,1,792.0568635977241,820.9875877094767,rurumi,ysowkx,55003332,-1,802.1271440163349,797.786402500537,replays\episode_89042076.json,True
55120278,89041623,2026-07-30T22:52:32.345865Z,2026-07-30T22:53:05.723236900Z,COMPLETED,EPISODE_TYPE_PUBLIC,1,758.6521496704963,792.0568635977241,rurumi,Calcite Valentin,54929498,-1,780.333991885009,775.8664215569482,replays\episode_89041623.json,True
55120278,89041163,2026-07-30T22:48:33.141779100Z,2026-07-30T22:49:05.716415400Z,COMPLETED,EPISODE_TYPE_PUBLIC,1,719.8796525045221,758.6521496704963,rurumi,Dilyorbek Muhammadjonov,54896132,-1,751.1552843551476,746.6049309304651,replays\episode_89041163.json,True
55120278,89040690,2026-07-30T22:44:01.569443200Z,2026-07-30T22:47:44.447424200Z,COMPLETED,EPISODE_TYPE_PUBLIC,1,702.1356610092832,719.8796525045221,rurumi,yunien,54519697,-1,512.9651099345124,511.0613031435629,replays\episode_89040690.json,True
55120278,89040230,2026-07-30T22:40:01.332666400Z,2026-07-30T22:40:37.370995900Z,COMPLETED,EPISODE_TYPE_PUBLIC,1,654.1799168851952,702.1356610092832,rurumi,kosian8128,54000585,-1,682.1859744286302,677.806120938744,replays\episode_89040230.json,True
55120278,89039774,2026-07-30T22:36:01.808562300Z,2026-07-30T22:36:46.724739500Z,COMPLETED,EPISODE_TYPE_PUBLIC,-1,693.0485774616974,654.1799168851952,rurumi,MBOOK,55106098,1,767.1938512474378,770.9711234639852,replays\episode_89039774.json,True
55120278,89039308,2026-07-30T22:32:01.420827400Z,2026-07-30T22:32:33.254233600Z,COMPLETED,EPISODE_TYPE_PUBLIC,1,622.3092288836197,693.0485774616974,rurumi,GGMaster,54967706,-1,671.9887768432853,667.5675675571555,replays\episode_89039308.json,True
55120278,89038848,2026-07-30T22:28:01.049213600Z,2026-07-30T22:28:40.796076100Z,COMPLETED,EPISODE_TYPE_PUBLIC,-1,679.3917217086647,622.3092288836197,rurumi,Koba Empire,54773756,1,753.3779581557477,756.2885119002088,replays\episode_89038848.json,True
55120278,89038392,2026-07-30T22:24:01.852838Z,2026-07-30T22:24:39.611698700Z,COMPLETED,EPISODE_TYPE_PUBLIC,1,617.0893543247254,679.3917217086647,rurumi,pokemob,53944953,-1,521.6679638053779,519.0271195131521,replays\episode_89038392.json,True
55120278,89037926,2026-07-30T22:20:01.240464800Z,2026-07-30T22:20:43.592877Z,COMPLETED,EPISODE_TYPE_PUBLIC,-1,708.6636065163251,617.0893543247254,rurumi,morux2,55005220,1,726.5650968817991,729.8427728185328,replays\episode_89037926.json,True
55120278,89037470,2026-07-30T22:16:01.169355700Z,2026-07-30T22:16:41.899213100Z,COMPLETED,EPISODE_TYPE_PUBLIC,1,600,708.6636065163251,rurumi,TanmayxD,54368912,-1,599.5479811733306,596.2201582237682,replays\episode_89037470.json,True
55120278,89037420,2026-07-30T22:13:12.018522700Z,2026-07-30T22:13:50.902936700Z,COMPLETED,EPISODE_TYPE_VALIDATION,1,,600,rurumi,rurumi,55120278,-1,,600,replays\episode_89037420.json,True
55126164,89133150,2026-07-31T11:20:48.290016400Z,2026-07-31T11:21:37.114417600Z,COMPLETED,EPISODE_TYPE_PUBLIC,-1,820.845544734976,814.6711577446199,rurumi,NayuNayu,55133016,1,787.4061787517313,797.693289528077,replays\episode_89133150.json,True
55126164,89127884,2026-07-31T10:36:48.518606800Z,2026-07-31T10:37:22.766242Z,COMPLETED,EPISODE_TYPE_PUBLIC,1,816.2945018490296,820.845544734976,rurumi,kakuteki,53917877,-1,759.3379785408205,755.748956091404,replays\episode_89127884.json,True
55126164,89114667,2026-07-31T08:48:39.292310300Z,2026-07-31T08:49:14.720595900Z,COMPLETED,EPISODE_TYPE_PUBLIC,-1,821.8295021087628,816.2945018490296,rurumi,yuya,55113855,1,834.1800744476159,838.4841810213768,replays\episode_89114667.json,True
55126164,89111143,2026-07-31T08:20:37.369990900Z,2026-07-31T08:21:12.570262800Z,COMPLETED,EPISODE_TYPE_PUBLIC,1,817.2651639435499,821.8295021087628,rurumi,L7n,55081863,-1,751.4405749786149,747.983164038701,replays\episode_89111143.json,True
55126164,89108232,2026-07-31T07:56:39.441782800Z,2026-07-31T07:57:15.938727800Z,COMPLETED,EPISODE_TYPE_PUBLIC,-1,823.5481719632804,817.2651639435499,rurumi,Seong-Min Park,55127659,1,810.6455714393562,817.5477683900813,replays\episode_89108232.json,True
55126164,89105937,2026-07-31T07:40:36.604815800Z,2026-07-31T07:41:01.784150300Z,COMPLETED,EPISODE_TYPE_PUBLIC,1,818.1123547247447,823.5481719632804,rurumi,Kaikaku,55130589,-1,843.4282549974207,765.6982074666398,replays\episode_89105937.json,True
55126164,89105332,2026-07-31T07:32:36.910862500Z,2026-07-31T07:33:15.719629Z,COMPLETED,EPISODE_TYPE_PUBLIC,-1,825.5796884203268,818.1123547247447,rurumi,Koki Kawamura,55124682,1,773.4845419453568,781.2790303332736,replays\episode_89105332.json,True
55126164,89100896,2026-07-31T06:56:37.022776600Z,2026-07-31T06:58:04.754291900Z,COMPLETED,EPISODE_TYPE_PUBLIC,-1,832.5323353133813,825.5796884203268,rurumi,Hiroyasu123,54967747,1,810.755106607592,815.5813138841921,replays\episode_89100896.json,True
55126164,89097941,2026-07-31T06:32:36.624283300Z,2026-07-31T06:33:19.670336800Z,COMPLETED,EPISODE_TYPE_PUBLIC,1,826.6395836968989,832.5323353133813,rurumi,mackerel is all you need,55034779,-1,797.1969000481415,793.1997713695138,replays\episode_89097941.json,True
55126164,89097428,2026-07-31T06:28:36.736449400Z,2026-07-31T06:29:15.814292700Z,COMPLETED,EPISODE_TYPE_PUBLIC,1,820.6544180128863,826.6395836968989,rurumi,t-enstar,54829508,-1,789.2567953716764,785.291427801411,replays\episode_89097428.json,True
55126164,89096932,2026-07-31T06:24:39.498286800Z,2026-07-31T06:25:16.251483900Z,COMPLETED,EPISODE_TYPE_PUBLIC,1,813.708425288023,820.6544180128863,rurumi,KenPTCG,55098582,-1,815.3109695589193,810.8249005432469,replays\episode_89096932.json,True
55126164,89096487,2026-07-31T06:20:36.772648400Z,2026-07-31T06:21:17.560307900Z,COMPLETED,EPISODE_TYPE_PUBLIC,1,807.7439776636947,813.708425288023,rurumi,养猪小能手,54853271,-1,763.0828515802048,759.3224750033128,replays\episode_89096487.json,True
55126164,89095979,2026-07-31T06:16:36.581917700Z,2026-07-31T06:17:12.960026400Z,COMPLETED,EPISODE_TYPE_PUBLIC,1,800.4556826032389,807.7439776636947,rurumi,ASH,54802597,-1,801.5760149045309,797.1024008706411,replays\episode_89095979.json,True
55126164,89095497,2026-07-31T06:12:37.095848400Z,2026-07-31T06:13:09.147091400Z,COMPLETED,EPISODE_TYPE_PUBLIC,-1,807.254896631695,800.4556826032389,rurumi,nopoly1k,55121991,1,830.8377133802674,836.0610066527674,replays\episode_89095497.json,True
55126164,89095014,2026-07-31T06:08:38.587565100Z,2026-07-31T06:09:04.267842Z,COMPLETED,EPISODE_TYPE_PUBLIC,1,799.3669403794087,807.254896631695,rurumi,Nobu Kimura,54964520,-1,807.5857839107722,803.0019542727039,replays\episode_89095014.json,True
55126164,89094547,2026-07-31T06:04:38.972567700Z,2026-07-31T06:05:17.876268500Z,COMPLETED,EPISODE_TYPE_PUBLIC,-1,807.2394912972013,799.3669403794087,rurumi,Gronk,55126031,1,804.7871397145068,812.4604631410242,replays\episode_89094547.json,True
55126164,89094517,2026-07-31T06:04:38.930590500Z,2026-07-31T06:05:09.981092300Z,COMPLETED,EPISODE_TYPE_PUBLIC,1,803.4875725701824,807.2394912972013,rurumi,Yanxi Jiang,55124488,-1,630.331219224348,626.5443151792294,replays\episode_89094517.json,True
55126164,89094049,2026-07-31T06:00:37.883474600Z,2026-07-31T06:01:05.049150100Z,COMPLETED,EPISODE_TYPE_PUBLIC,1,795.499925157801,803.4875725701824,rurumi,skurita,55066922,-1,786.1205225088119,781.8279003393817,replays\episode_89094049.json,True
55126164,89093553,2026-07-31T05:56:37.193698800Z,2026-07-31T05:58:46.607426800Z,COMPLETED,EPISODE_TYPE_PUBLIC,-1,805.1950984846371,795.499925157801,rurumi,みがわり,54571652,1,768.7423439394864,773.7828624570473,replays\episode_89093553.json,True
55126164,89093068,2026-07-31T05:52:37.317863200Z,2026-07-31T05:53:11.577782Z,COMPLETED,EPISODE_TYPE_PUBLIC,1,798.5547433013519,805.1950984846371,rurumi,Anhad Mahajan,54998044,-1,727.0515969203212,723.6957110574365,replays\episode_89093068.json,True
55126164,89092571,2026-07-31T05:48:37.375278700Z,2026-07-31T05:49:25.650973Z,COMPLETED,EPISODE_TYPE_PUBLIC,1,788.7956254124053,798.5547433013519,rurumi,neuro168,54907663,-1,809.2892201402343,804.5239882666685,replays\episode_89092571.json,True
55126164,89091988,2026-07-31T05:44:36.789146200Z,2026-07-31T05:45:18.060372300Z,COMPLETED,EPISODE_TYPE_PUBLIC,-1,797.8506380003569,788.7956254124053,rurumi,Sohshi Nakamura,55067016,1,807.5649272001868,811.8388456823674,replays\episode_89091988.json,True
55126164,89091526,2026-07-31T05:40:37.115110100Z,2026-07-31T05:41:21.431366300Z,COMPLETED,EPISODE_TYPE_PUBLIC,-1,806.308303950475,797.8506380003569,rurumi,Igor V,55126320,1,838.026482906338,847.9729978435496,replays\episode_89091526.json,True
55126164,89091551,2026-07-31T05:40:37.140658500Z,2026-07-31T05:41:05.160940700Z,COMPLETED,EPISODE_TYPE_PUBLIC,-1,815.6096132949511,806.308303950475,rurumi,ポケカ前線,55081413,1,835.9257557764657,840.027131571296,replays\episode_89091551.json,True
55126164,89091032,2026-07-31T05:36:36.690708200Z,2026-07-31T05:37:32.584303100Z,COMPLETED,EPISODE_TYPE_PUBLIC,1,807.2640716808673,815.6096132949511,rurumi,nao.kwmr,55120702,-1,751.5393160237946,746.6255682510155,replays\episode_89091032.json,True
55126164,89090602,2026-07-31T05:32:38.020288700Z,2026-07-31T05:33:02.316831500Z,COMPLETED,EPISODE_TYPE_PUBLIC,-1,819.236885999228,807.2640716808673,rurumi,Rokaiya Somapti,54906102,1,789.2957656969944,794.1911078158647,replays\episode_89090602.json,True
55126164,89090104,2026-07-31T05:28:39.100406100Z,2026-07-31T05:29:37.564297100Z,COMPLETED,EPISODE_TYPE_PUBLIC,1,808.8720509496355,819.236885999228,rurumi,RuiFSPinto,55101143,-1,787.5543691013933,783.4813614653258,replays\episode_89090104.json,True
55126164,89089607,2026-07-31T05:24:37.583792600Z,2026-07-31T05:25:39.815264600Z,COMPLETED,EPISODE_TYPE_PUBLIC,-1,819.9622724455538,808.8720509496355,rurumi,Joseph Adamski,54505956,1,834.000137360288,838.1797426706477,replays\episode_89089607.json,True
55126164,89089107,2026-07-31T05:20:38.022589400Z,2026-07-31T05:21:09.858420400Z,COMPLETED,EPISODE_TYPE_PUBLIC,-1,833.4680729388791,819.9622724455538,rurumi,MorS,54810291,1,804.4551251860807,809.3129459816954,replays\episode_89089107.json,True
55126164,89088624,2026-07-31T05:16:38.386579400Z,2026-07-31T05:18:32.240664500Z,COMPLETED,EPISODE_TYPE_PUBLIC,-1,846.5199711284506,833.4680729388791,rurumi,automatylicza,55125289,1,837.4225554931238,845.5895896532222,replays\episode_89088624.json,True
55126164,89088138,2026-07-31T05:12:36.942697300Z,2026-07-31T05:13:11.071307200Z,COMPLETED,EPISODE_TYPE_PUBLIC,1,837.5424498654951,846.5199711284506,rurumi,deltaqbit6,55057457,-1,738.8512351212986,735.890166383766,replays\episode_89088138.json,True
55126164,89087656,2026-07-31T05:08:36.781019400Z,2026-07-31T05:09:11.801951800Z,COMPLETED,EPISODE_TYPE_PUBLIC,1,825.5532002057776,837.5424498654951,rurumi,ML 愛好会,55027716,-1,785.828769683236,782.0577191678356,replays\episode_89087656.json,True
55126164,89087172,2026-07-31T05:04:41.544156Z,2026-07-31T05:05:18.669822600Z,COMPLETED,EPISODE_TYPE_PUBLIC,1,809.5664806575224,825.5532002057776,rurumi,Boseiju,55076405,-1,834.6457112195906,829.8890947931793,replays\episode_89087172.json,True
55126164,89086695,2026-07-31T05:00:36.716415Z,2026-07-31T05:01:15.095846300Z,COMPLETED,EPISODE_TYPE_PUBLIC,1,791.632754739212,809.5664806575224,rurumi,Toru59er,55104560,-1,834.045284614446,829.0212229248908,replays\episode_89086695.json,True
55126164,89086204,2026-07-31T04:56:36.524696400Z,2026-07-31T04:57:15.348836900Z,COMPLETED,EPISODE_TYPE_PUBLIC,1,775.4298727312888,791.632754739212,rurumi,Kunal Aarse,55060225,-1,771.4280260015372,767.1511614576684,replays\episode_89086204.json,True
55126164,89085710,2026-07-31T04:52:36.345507400Z,2026-07-31T04:53:18.133355800Z,COMPLETED,EPISODE_TYPE_PUBLIC,1,758.252587621562,775.4298727312888,rurumi,[RU] Nikita Kuznetsov,53852973,-1,753.752462109179,749.4956175259231,replays\episode_89085710.json,True
55126164,89085224,2026-07-31T04:48:37.320760100Z,2026-07-31T04:49:24.974784700Z,COMPLETED,EPISODE_TYPE_PUBLIC,-1,769.8643237304537,758.252587621562,rurumi,XtraLearning,55122713,1,884.7702049614503,888.4221068217325,replays\episode_89085224.json,True
55126164,89084736,2026-07-31T04:44:38.377996400Z,2026-07-31T04:45:14.283597600Z,COMPLETED,EPISODE_TYPE_PUBLIC,1,753.3762636720596,769.8643237304537,rurumi,no_wonderr,55018504,-1,707.2670282581992,703.6377324384848,replays\episode_89084736.json,True
55126164,89084268,2026-07-31T04:40:37.895558700Z,2026-07-31T04:41:15.499462200Z,COMPLETED,EPISODE_TYPE_PUBLIC,1,735.9013547698916,753.3762636720596,rurumi,iaai,54650324,-1,687.6163575969213,684.028689917022,replays\episode_89084268.json,True
55126164,89083770,2026-07-31T04:36:38.289442700Z,2026-07-31T04:37:18.862935900Z,COMPLETED,EPISODE_TYPE_PUBLIC,1,710.6340867777765,735.9013547698916,rurumi,deltaqbit6,55057457,-1,743.6118175276246,738.8512351212986,replays\episode_89083770.json,True
55126164,89083284,2026-07-31T04:32:39.088592800Z,2026-07-31T04:33:23.117669500Z,COMPLETED,EPISODE_TYPE_PUBLIC,1,676.0826676281023,710.6340867777765,rurumi,machapin,53809414,-1,780.9406024212889,775.0668043387556,replays\episode_89083284.json,True
55126164,89082789,2026-07-31T04:28:30.613692800Z,2026-07-31T04:29:08.653012600Z,COMPLETED,EPISODE_TYPE_PUBLIC,-1,722.7906031522346,676.0826676281023,rurumi,BBO,54922510,1,545.9166844353239,552.9394904412253,replays\episode_89082789.json,True
55126164,89081809,2026-07-31T04:20:31.685305100Z,2026-07-31T04:28:24.236584400Z,COMPLETED,EPISODE_TYPE_PUBLIC,1,693.5034626738437,722.7906031522346,rurumi,KojiKRSE,54350183,-1,678.6425659393777,674.6894896344867,replays\episode_89081809.json,True
55126164,89082304,2026-07-31T04:24:31.598955700Z,2026-07-31T04:25:06.670715Z,COMPLETED,EPISODE_TYPE_PUBLIC,1,682.8002861098039,693.5034626738437,rurumi,Pavel Kerbel,54265573,-1,429.3888019253192,428.03135868752105,replays\episode_89082304.json,True
55126164,89081323,2026-07-31T04:16:29.916514900Z,2026-07-31T04:17:10.171009400Z,COMPLETED,EPISODE_TYPE_PUBLIC,1,616.4462219694235,682.8002861098039,rurumi,genki toyama,54600337,-1,816.2557781637151,809.1437845600634,replays\episode_89081323.json,True
55126164,89080790,2026-07-31T04:12:30.006564600Z,2026-07-31T04:14:51.349580600Z,COMPLETED,EPISODE_TYPE_PUBLIC,1,567.3401322570131,616.4462219694235,rurumi,REi0077,55101295,-1,603.8807677675443,597.7745272203251,replays\episode_89080790.json,True
55126164,89080292,2026-07-31T04:08:29.866178900Z,2026-07-31T04:09:02.488860400Z,COMPLETED,EPISODE_TYPE_PUBLIC,1,518.1320591248768,567.3401322570131,rurumi,prime,53824803,-1,505.40296497930444,501.639513435121,replays\episode_89080292.json,True
55126164,89079820,2026-07-31T04:04:30.554495200Z,2026-07-31T04:05:07.011342100Z,COMPLETED,EPISODE_TYPE_PUBLIC,1,462.0997620358098,518.1320591248768,rurumi,NAUTANAKA,54708883,-1,435.34764707304254,431.8456285049758,replays\episode_89079820.json,True
55126164,89079340,2026-07-31T04:00:30.830224600Z,2026-07-31T04:01:02.494573700Z,COMPLETED,EPISODE_TYPE_PUBLIC,-1,521.744693619271,462.0997620358098,rurumi,Eldwin Sianto,55033464,1,582.7671129816764,585.8083217720922,replays\episode_89079340.json,True
55126164,89078872,2026-07-31T03:56:32.421592700Z,2026-07-31T03:57:09.255879900Z,COMPLETED,EPISODE_TYPE_PUBLIC,1,438.79747408262097,521.744693619271,rurumi,Uzi_0003,54074405,-1,433.6150595410727,430.09913068528044,replays\episode_89078872.json,True
55126164,89078383,2026-07-31T03:52:30.746180700Z,2026-07-31T03:53:08.078971100Z,COMPLETED,EPISODE_TYPE_PUBLIC,-1,512.461634818239,438.79747408262097,rurumi,Confusion,55118131,1,600.45826096758,604.3598185926747,replays\episode_89078383.json,True
55126164,89077885,2026-07-31T03:48:30.029482200Z,2026-07-31T03:49:03.779588600Z,COMPLETED,EPISODE_TYPE_PUBLIC,-1,600,512.461634818239,rurumi,打不过zen,54971354,1,675.3875198461474,678.0683822798388,replays\episode_89077885.json,True
55126164,89077826,2026-07-31T03:46:18.451228700Z,2026-07-31T03:46:53.742103600Z,COMPLETED,EPISODE_TYPE_VALIDATION,-1,,600,rurumi,rurumi,55126164,1,,600,replays\episode_89077826.json,True
55154818,89272108,2026-08-01T05:42:08.695330800Z,2026-08-01T05:42:35.002711600Z,COMPLETED,EPISODE_TYPE_VALIDATION,,,,rurumi,rurumi,55154818,,,,replays\episode_89272108.json,True
55154934,89272630,2026-08-01T05:48:13.525015600Z,2026-08-01T05:48:41.271590Z,COMPLETED,EPISODE_TYPE_VALIDATION,,,,rurumi,rurumi,55154934,,,,replays\episode_89272630.json,True
55155015,89416997,2026-08-01T23:58:57.845309500Z,2026-08-01T23:59:44.335692800Z,COMPLETED,EPISODE_TYPE_PUBLIC,1,715.9903980526079,722.5110113455552,rurumi,YoshiBrightside,55006548,-1,756.2701646826371,751.1159573318206,replays\episode_89416997.json,True
55155015,89403724,2026-08-01T22:18:48.758018100Z,2026-08-01T22:21:48.607027300Z,COMPLETED,EPISODE_TYPE_PUBLIC,1,707.9909124187603,715.9903980526079,rurumi,rmoooi,54467175,-1,805.138884849119,798.9675022417351,replays\episode_89403724.json,True
55155015,89393727,2026-08-01T21:02:48.832444600Z,2026-08-01T21:03:33.580305Z,COMPLETED,EPISODE_TYPE_PUBLIC,1,699.1326577470769,707.9909124187603,rurumi,Rotation Theory,55165682,-1,824.3481833271815,815.7847876804461,replays\episode_89393727.json,True
55155015,89385943,2026-08-01T20:02:52.436480900Z,2026-08-01T20:03:31.502677300Z,COMPLETED,EPISODE_TYPE_PUBLIC,1,692.7739966073783,699.1326577470769,rurumi,OTkm_tn,54846909,-1,705.1444339881376,700.4701787607034,replays\episode_89385943.json,True
55155015,89370342,2026-08-01T18:06:43.698610600Z,2026-08-01T18:07:45.798384Z,COMPLETED,EPISODE_TYPE_PUBLIC,1,686.8575449690436,692.7739966073783,rurumi,daigakupotato,55167346,-1,683.7625233548579,666.5557965855528,replays\episode_89370342.json,True
55155015,89364591,2026-08-01T17:22:40.415042600Z,2026-08-01T17:23:58.576550700Z,COMPLETED,EPISODE_TYPE_PUBLIC,-1,691.1230463260617,686.8575449690436,rurumi,Nicolas Gomasjaya,55166735,1,781.0964622054456,797.042279015179,replays\episode_89364591.json,True
55155015,89358403,2026-08-01T16:34:38.243103900Z,2026-08-01T16:35:19.850801300Z,COMPLETED,EPISODE_TYPE_PUBLIC,-1,696.8977351201905,691.1230463260617,rurumi,ZhWing Fence,54916489,1,726.8001114855693,730.7913624721441,replays\episode_89358403.json,True
55155015,89340051,2026-08-01T14:18:04.176746500Z,2026-08-01T14:18:51.300792600Z,COMPLETED,EPISODE_TYPE_PUBLIC,-1,701.2539492981233,696.8977351201905,rurumi,Copandon,55163695,1,789.1200025902965,816.0649031556125,replays\episode_89340051.json,True
55155015,89329073,2026-08-01T12:54:05.959506400Z,2026-08-01T12:54:35.063984600Z,COMPLETED,EPISODE_TYPE_PUBLIC,1,693.5882953696002,701.2539492981233,rurumi,akzw,55161036,-1,739.120040994232,723.7926638153391,replays\episode_89329073.json,True
55155015,89318738,2026-08-01T11:34:06.744687100Z,2026-08-01T11:34:41.094991Z,COMPLETED,EPISODE_TYPE_PUBLIC,-1,700.8294652423363,693.5882953696002,rurumi,TTITIM,53900433,1,687.7645163678866,692.4385091209462,replays\episode_89318738.json,True
55155015,89308835,2026-08-01T10:22:04.271113300Z,2026-08-01T10:25:37.126043800Z,COMPLETED,EPISODE_TYPE_PUBLIC,1,696.8794603842292,700.8294652423363,rurumi,pacific_diesel,55159700,-1,588.1378852365801,528.8154211970344,replays\episode_89308835.json,True
55155015,89305863,2026-08-01T09:58:04.618906700Z,2026-08-01T09:58:40.825738400Z,COMPLETED,EPISODE_TYPE_PUBLIC,-1,703.7312270214288,696.8794603842292,rurumi,Popomon,55157469,1,712.6206377707649,721.8572685793109,replays\episode_89305863.json,True
55155015,89298963,2026-08-01T09:06:05.739712600Z,2026-08-01T09:09:36.395065100Z,COMPLETED,EPISODE_TYPE_PUBLIC,1,696.6403419889366,703.7312270214288,rurumi,hexisteme,55156095,-1,689.8516204142738,680.920049858338,replays\episode_89298963.json,True
55155015,89293161,2026-08-01T08:22:05.178899800Z,2026-08-01T08:22:37.325821800Z,COMPLETED,EPISODE_TYPE_PUBLIC,-1,704.2423464160167,696.6403419889366,rurumi,Shuichi Fushimi,55153391,1,701.0899738235123,707.9753976620788,replays\episode_89293161.json,True
55155015,89292594,2026-08-01T08:18:04.807732600Z,2026-08-01T08:18:45.617872400Z,COMPLETED,EPISODE_TYPE_PUBLIC,-1,716.2850455019814,704.2423464160167,rurumi,Shakthi Kondamoni,54798100,1,580.4419982578853,587.2889670651638,replays\episode_89292594.json,True
55155015,89292065,2026-08-01T08:14:06.951423600Z,2026-08-01T08:14:46.258785500Z,COMPLETED,EPISODE_TYPE_PUBLIC,1,712.5699991465262,716.2850455019814,rurumi,[Deleted] a61d24f8-61c6-4d78-8adc-5e0e8a502481,54245566,-1,538.6038701112102,536.5330951069759,replays\episode_89292065.json,True
55155015,89291523,2026-08-01T08:10:04.886380700Z,2026-08-01T08:11:02.168648200Z,COMPLETED,EPISODE_TYPE_PUBLIC,-1,720.5905732869858,712.5699991465262,rurumi,Kuuma5,54270688,1,727.0927034475367,731.43169923443,replays\episode_89291523.json,True
55155015,89290991,2026-08-01T08:06:04.843184300Z,2026-08-01T08:06:47.637782100Z,COMPLETED,EPISODE_TYPE_PUBLIC,-1,726.6227375309581,720.5905732869858,rurumi,WE LOVE KING CRIMSON,54820291,1,811.041040406848,814.2190945387042,replays\episode_89290991.json,True
55155015,89290439,2026-08-01T08:02:04.822218300Z,2026-08-01T08:02:56.293860400Z,COMPLETED,EPISODE_TYPE_PUBLIC,1,718.8272881015281,726.6227375309581,rurumi,dkyk,55097524,-1,689.9386595153068,685.9546591874307,replays\episode_89290439.json,True
55155015,89289898,2026-08-01T07:58:04.811780Z,2026-08-01T07:58:45.741542300Z,COMPLETED,EPISODE_TYPE_PUBLIC,-1,729.7308440678657,718.8272881015281,rurumi,Zero Mexico,53925513,1,673.2044422240031,678.580996452582,replays\episode_89289898.json,True
55155015,89289354,2026-08-01T07:54:06.410441400Z,2026-08-01T07:54:39.928356700Z,COMPLETED,EPISODE_TYPE_PUBLIC,-1,738.9455037497071,729.7308440678657,rurumi,Yong Ming-Jia,55075070,1,741.2863795237923,745.6781719336636,replays\episode_89289354.json,True
55155015,89288811,2026-08-01T07:50:04.769359400Z,2026-08-01T07:50:43.482484600Z,COMPLETED,EPISODE_TYPE_PUBLIC,-1,747.4568042845527,738.9455037497071,rurumi,NayuNayu,55149115,1,778.778621009444,783.9272882678272,replays\episode_89288811.json,True
55155015,89288308,2026-08-01T07:46:04.829711700Z,2026-08-01T07:48:05.936914400Z,COMPLETED,EPISODE_TYPE_PUBLIC,1,734.476739356193,747.4568042845527,rurumi,rmoooi,54467175,-1,813.1724388466943,807.4271752012995,replays\episode_89288308.json,True
55155015,89287701,2026-08-01T07:42:04.572971500Z,2026-08-01T07:42:48.016076300Z,COMPLETED,EPISODE_TYPE_PUBLIC,-1,747.2148404549255,734.476739356193,rurumi,DL,55151644,1,684.6370648030311,692.9710906768718,replays\episode_89287701.json,True
55155015,89287160,2026-08-01T07:38:04.519293400Z,2026-08-01T07:38:44.575410600Z,COMPLETED,EPISODE_TYPE_PUBLIC,1,737.8233924217835,747.2148404549255,rurumi,Sugano Yuta,53879163,-1,701.0686120340515,697.2243033161017,replays\episode_89287160.json,True
55155015,89286591,2026-08-01T07:34:00.430353200Z,2026-08-01T07:34:37.580673300Z,COMPLETED,EPISODE_TYPE_PUBLIC,1,730.3332413426252,737.8233924217835,rurumi,Luca Torre,54419831,-1,631.0932579691464,628.1289541384077,replays\episode_89286591.json,True
55155015,89286075,2026-08-01T07:30:00.143302900Z,2026-08-01T07:30:36.560074200Z,COMPLETED,EPISODE_TYPE_PUBLIC,1,715.8691023897688,730.3332413426252,rurumi,LosiSt,54157727,-1,780.3084307424589,774.8451384629927,replays\episode_89286075.json,True
55155015,89285518,2026-08-01T07:26:00.507803200Z,2026-08-01T07:26:34.347948300Z,COMPLETED,EPISODE_TYPE_PUBLIC,-1,728.1226890178194,715.8691023897688,rurumi,John Mitchell,54882346,1,725.9822764141039,730.4083520727813,replays\episode_89285518.json,True
55155015,89284977,2026-08-01T07:22:00.473622700Z,2026-08-01T07:22:34.605289900Z,COMPLETED,EPISODE_TYPE_PUBLIC,1,715.7690577345672,728.1226890178194,rurumi,Roland Gerlinger,55135414,-1,708.3274406178259,703.4839710199661,replays\episode_89284977.json,True
55155015,89284426,2026-08-01T07:17:59.946857Z,2026-08-01T07:19:01.113426900Z,COMPLETED,EPISODE_TYPE_PUBLIC,-1,728.0834360386683,715.7690577345672,rurumi,monsaraida,55147338,1,748.3635556408702,753.4142711441556,replays\episode_89284426.json,True
55155015,89284651,2026-08-01T07:18:00.255985200Z,2026-08-01T07:18:40.938031800Z,COMPLETED,EPISODE_TYPE_PUBLIC,1,714.0939956255709,728.0834360386683,rurumi,luck is all agent needs,55150966,-1,716.4834590773244,709.862420440747,replays\episode_89284651.json,True
55155015,89283885,2026-08-01T07:14:01.645737500Z,2026-08-01T07:14:50.461720700Z,COMPLETED,EPISODE_TYPE_PUBLIC,-1,728.2267527551495,714.0939956255709,rurumi,Amedeo Biolatti,55112172,1,738.8563105295153,743.0531426688459,replays\episode_89283885.json,True
55155015,89283369,2026-08-01T07:10:00.138888100Z,2026-08-01T07:10:32.090676500Z,COMPLETED,EPISODE_TYPE_PUBLIC,1,720.6932989816061,728.2267527551495,rurumi,Ngoc Nguyen Tuan,54316726,-1,554.6977785134669,552.5456229707079,replays\episode_89283369.json,True
55155015,89282820,2026-08-01T07:06:00.026576300Z,2026-08-01T07:06:39.947093200Z,COMPLETED,EPISODE_TYPE_PUBLIC,-1,732.757587034068,720.6932989816061,rurumi,Dmitry Volovikov,55146436,1,806.354405133036,809.9881233276994,replays\episode_89282820.json,True
55155015,89282293,2026-08-01T07:02:00.093043700Z,2026-08-01T07:02:41.762575700Z,COMPLETED,EPISODE_TYPE_PUBLIC,1,719.1302075768,732.757587034068,rurumi,Roland Gerlinger,55148061,-1,663.4113719543363,658.1786602464348,replays\episode_89282293.json,True
55155015,89281738,2026-08-01T06:58:00.010039800Z,2026-08-01T06:58:33.670078500Z,COMPLETED,EPISODE_TYPE_PUBLIC,1,696.4042356732161,719.1302075768,rurumi,一石三頭,54130456,-1,766.2298825894115,760.7982668520359,replays\episode_89281738.json,True
55155015,89281209,2026-08-01T06:54:01.056954400Z,2026-08-01T06:54:36.109958700Z,COMPLETED,EPISODE_TYPE_PUBLIC,-1,711.4759032856456,696.4042356732161,rurumi,kojingbo,55149885,1,774.6663583406042,779.2614000760684,replays\episode_89281209.json,True
55155015,89280661,2026-08-01T06:49:59.858410800Z,2026-08-01T06:50:37.221744900Z,COMPLETED,EPISODE_TYPE_PUBLIC,-1,728.8247588268656,711.4759032856456,rurumi,blue0620,54857908,1,773.6584667436967,777.2976234604718,replays\episode_89280661.json,True
55155015,89280169,2026-08-01T06:46:00.189343800Z,2026-08-01T06:46:58.560400900Z,COMPLETED,EPISODE_TYPE_PUBLIC,1,705.9299508724807,728.8247588268656,rurumi,IIDA,54355245,-1,716.6371685521075,712.2093081758244,replays\episode_89280169.json,True
55155015,89279601,2026-08-01T06:41:59.929318Z,2026-08-01T06:42:42.719004300Z,COMPLETED,EPISODE_TYPE_PUBLIC,1,681.0807855149807,705.9299508724807,rurumi,deltaqbit6,55055604,-1,691.6807633825005,687.2797227876151,replays\episode_89279601.json,True
55155015,89279065,2026-08-01T06:37:59.966336600Z,2026-08-01T06:38:31.780921200Z,COMPLETED,EPISODE_TYPE_PUBLIC,1,658.0436638727278,681.0807855149807,rurumi,EunchaeSong,55122872,-1,624.4581586428843,619.8664639107392,replays\episode_89279065.json,True
55155015,89278577,2026-08-01T06:34:00.656932700Z,2026-08-01T06:34:36.640159300Z,COMPLETED,EPISODE_TYPE_PUBLIC,1,634.1939401115543,658.0436638727278,rurumi,Mereci,54085169,-1,585.6053636857972,582.0851771459195,replays\episode_89278577.json,True
55155015,89277996,2026-08-01T06:29:59.877070400Z,2026-08-01T06:30:35.573952300Z,COMPLETED,EPISODE_TYPE_PUBLIC,-1,666.3692095313993,634.1939401115543,rurumi,nowan,53795937,1,660.303888311917,664.5415460639271,replays\episode_89277996.json,True
55155015,89277462,2026-08-01T06:25:59.965019700Z,2026-08-01T06:26:33.496157700Z,COMPLETED,EPISODE_TYPE_PUBLIC,-1,694.092296953525,666.3692095313993,rurumi,victor,55138239,1,757.9493973462528,761.9481299080413,replays\episode_89277462.json,True
55155015,89276971,2026-08-01T06:21:59.951978400Z,2026-08-01T06:22:58.394489500Z,COMPLETED,EPISODE_TYPE_PUBLIC,1,656.2607572633566,694.092296953525,rurumi,Light_uts,55150577,-1,645.8725719881929,639.4409295612555,replays\episode_89276971.json,True
55155015,89276405,2026-08-01T06:17:59.901211200Z,2026-08-01T06:18:36.649021200Z,COMPLETED,EPISODE_TYPE_PUBLIC,-1,692.6586993353403,656.2607572633566,rurumi,hell yeah,54370884,1,752.6879933591154,755.9365955237445,replays\episode_89276405.json,True
55155015,89275881,2026-08-01T06:14:02.074611600Z,2026-08-01T06:14:44.066167700Z,COMPLETED,EPISODE_TYPE_PUBLIC,1,630.4906927116426,692.6586993353403,rurumi,らすはる,54781874,-1,681.1032008216688,676.5563842323423,replays\episode_89275881.json,True
55155015,89275349,2026-08-01T06:10:00.150185600Z,2026-08-01T06:12:04.499249200Z,COMPLETED,EPISODE_TYPE_PUBLIC,1,594.7112275209695,630.4906927116426,rurumi,CIARANA,55110944,-1,445.7993590400566,442.44646420524464,replays\episode_89275349.json,True
55155015,89274803,2026-08-01T06:05:59.901699100Z,2026-08-01T06:06:33.905656Z,COMPLETED,EPISODE_TYPE_PUBLIC,-1,658.1709076341858,594.7112275209695,rurumi,Issac Netero,54833895,1,700.3677404693788,703.6034577696364,replays\episode_89274803.json,True
55155015,89274268,2026-08-01T06:01:59.834950800Z,2026-08-01T06:02:32.190741400Z,COMPLETED,EPISODE_TYPE_PUBLIC,1,611.0678384569678,658.1709076341858,rurumi,CoMessi,54749219,-1,439.30558230692236,437.308998924843,replays\episode_89274268.json,True
55155015,89273754,2026-08-01T05:57:59.865444500Z,2026-08-01T05:58:33.617632100Z,COMPLETED,EPISODE_TYPE_PUBLIC,1,513.858351652459,611.0678384569678,rurumi,Kazumi Sakamaki,54801966,-1,516.9399053394196,513.4605299899522,replays\episode_89273754.json,True
55155015,89273226,2026-08-01T05:54:01.869913900Z,2026-08-01T05:54:33.034020100Z,COMPLETED,EPISODE_TYPE_PUBLIC,-1,600,513.858351652459,rurumi,pp25,54043369,1,680.6211993036383,683.2592872842818,replays\episode_89273226.json,True
55155015,89273146,2026-08-01T05:52:14.363527Z,2026-08-01T05:52:54.930332500Z,COMPLETED,EPISODE_TYPE_VALIDATION,-1,,600,rurumi,rurumi,55155015,1,,600,replays\episode_89273146.json,True
55165184,89422097,2026-08-02T00:38:57.416108600Z,2026-08-02T00:39:35.924128600Z,COMPLETED,EPISODE_TYPE_PUBLIC,1,741.4411197880619,745.1815500144113,rurumi,HechtJP,55173674,-1,679.2571524886018,619.9407773645673,replays\episode_89422097.json,True
55165184,89420131,2026-08-02T00:22:58.314763800Z,2026-08-02T00:23:32.474612400Z,COMPLETED,EPISODE_TYPE_PUBLIC,-1,746.3486380859481,741.4411197880619,rurumi,\bleel00,55171439,1,781.5189825444073,787.7660855385569,replays\episode_89420131.json,True
55165184,89415191,2026-08-01T23:46:57.406901100Z,2026-08-01T23:47:32.227721600Z,COMPLETED,EPISODE_TYPE_PUBLIC,-1,751.3948879008949,746.3486380859481,rurumi,PRASHANT SHUKLA91,55171401,1,783.2879740312486,791.0849385349059,replays\episode_89415191.json,True
55165184,89412778,2026-08-01T23:26:58.113164Z,2026-08-01T23:30:27.591217500Z,COMPLETED,EPISODE_TYPE_PUBLIC,1,746.1239434258189,751.3948879008949,rurumi,KKasai,55160338,-1,718.4808595247243,713.0283292794123,replays\episode_89412778.json,True
55165184,89408554,2026-08-01T22:54:58.712069900Z,2026-08-01T22:55:40.063883600Z,COMPLETED,EPISODE_TYPE_PUBLIC,1,740.4833211760537,746.1239434258189,rurumi,Nine1Eight,54994204,-1,723.9732068558708,719.7669850792677,replays\episode_89408554.json,True
55165184,89404299,2026-08-01T22:22:50.345429300Z,2026-08-01T22:23:55.264871600Z,COMPLETED,EPISODE_TYPE_PUBLIC,1,735.934330330396,740.4833211760537,rurumi,JJ Bean,55146351,-1,661.3894413152768,657.5728725394155,replays\episode_89404299.json,True
55165184,89403828,2026-08-01T22:18:49.056182800Z,2026-08-01T22:19:27.546666300Z,COMPLETED,EPISODE_TYPE_PUBLIC,-1,741.883984379592,735.934330330396,rurumi,Jayden Jeswin Raj,54737494,1,755.2279922312904,759.4816232267452,replays\episode_89403828.json,True
55165184,89399113,2026-08-01T21:42:48.650023200Z,2026-08-01T21:43:32.131951600Z,COMPLETED,EPISODE_TYPE_PUBLIC,1,737.2259710801874,741.883984379592,rurumi,Calix_lin,54891446,-1,658.0394818140501,654.7761795299656,replays\episode_89399113.json,True
55165184,89395395,2026-08-01T21:14:50.633854500Z,2026-08-01T21:15:31.422838Z,COMPLETED,EPISODE_TYPE_PUBLIC,1,731.0309563205858,737.2259710801874,rurumi,kosukemr4,54391271,-1,716.9871464844354,712.7478715073328,replays\episode_89395395.json,True
55165184,89392219,2026-08-01T20:50:49.548077300Z,2026-08-01T20:51:37.083226600Z,COMPLETED,EPISODE_TYPE_PUBLIC,1,725.1976736055577,731.0309563205858,rurumi,akr2428,55129292,-1,689.5290881016017,685.6286953729752,replays\episode_89392219.json,True
55165184,89389048,2026-08-01T20:26:50.884658300Z,2026-08-01T20:27:24.794213700Z,COMPLETED,EPISODE_TYPE_PUBLIC,1,718.5068951025969,725.1976736055577,rurumi,Brent Krakel,54879876,-1,712.4734163113275,708.109933333474,replays\episode_89389048.json,True
55165184,89385841,2026-08-01T20:02:52.112750100Z,2026-08-01T20:03:29.080410200Z,COMPLETED,EPISODE_TYPE_PUBLIC,1,712.1360438760378,718.5068951025969,rurumi,ken4500,54317422,-1,686.6035794055327,682.5502739285445,replays\episode_89385841.json,True
55165184,89381690,2026-08-01T19:30:42.249169Z,2026-08-01T19:31:22.113078100Z,COMPLETED,EPISODE_TYPE_PUBLIC,1,705.0258314173885,712.1360438760378,rurumi,Bianco Chiu,54042866,-1,701.9122147759427,697.5061587724243,replays\episode_89381690.json,True
55165184,89375687,2026-08-01T18:46:41.622025200Z,2026-08-01T18:47:14.071871200Z,COMPLETED,EPISODE_TYPE_PUBLIC,-1,713.491197423271,705.0258314173885,rurumi,takataok_42,55167598,1,666.5428627946368,681.1222217960102,replays\episode_89375687.json,True
55165184,89374819,2026-08-01T18:38:45.758765400Z,2026-08-01T18:39:21.590739800Z,COMPLETED,EPISODE_TYPE_PUBLIC,1,706.8368097719795,713.491197423271,rurumi,Bruce Zheng,55109251,-1,672.1559126816725,668.2493280621138,replays\episode_89374819.json,True
55165184,89370594,2026-08-01T18:06:45.057465400Z,2026-08-01T18:07:24.658635600Z,COMPLETED,EPISODE_TYPE_PUBLIC,-1,714.2909637105448,706.8368097719795,rurumi,Parth Thakker,54752923,1,726.4187098990188,730.6734489604831,replays\episode_89370594.json,True
55165184,89369013,2026-08-01T17:54:43.813619600Z,2026-08-01T17:55:27.738493200Z,COMPLETED,EPISODE_TYPE_PUBLIC,1,713.9184158508602,714.2909637105448,rurumi,Seiji Gobara,54756749,-1,235.4352211409041,235.22337262090318,replays\episode_89369013.json,True
55165184,89365728,2026-08-01T17:30:40.655230900Z,2026-08-01T17:36:46.492753700Z,COMPLETED,EPISODE_TYPE_PUBLIC,-1,719.9488736413547,713.9184158508602,rurumi,Jason Matthew Suhari,55147133,1,792.8158414883786,796.1575805359435,replays\episode_89365728.json,True
55165184,89366256,2026-08-01T17:34:42.206861800Z,2026-08-01T17:35:31.749498100Z,COMPLETED,EPISODE_TYPE_PUBLIC,-1,727.8800231975871,719.9488736413547,rurumi,Aman Arora,54774562,1,738.9606427776632,743.2264133226837,replays\episode_89366256.json,True
55165184,89365195,2026-08-01T17:26:40.406377800Z,2026-08-01T17:27:14.506512700Z,COMPLETED,EPISODE_TYPE_PUBLIC,1,720.8967409430941,727.8800231975871,rurumi,uta_ccc,53892689,-1,669.6581593122837,666.0079481877874,replays\episode_89365195.json,True
55165184,89364501,2026-08-01T17:22:40.235991200Z,2026-08-01T17:23:19.195009300Z,COMPLETED,EPISODE_TYPE_PUBLIC,1,710.2562118732588,720.8967409430941,rurumi,AnSuSu,55152165,-1,767.0497888515089,760.7694753934147,replays\episode_89364501.json,True
55165184,89364125,2026-08-01T17:18:42.957264Z,2026-08-01T17:19:42.485073200Z,COMPLETED,EPISODE_TYPE_PUBLIC,-1,719.3464187817439,710.2562118732588,rurumi,OzanM.,55000661,1,718.9574990930101,723.3956706140314,replays\episode_89364125.json,True
55165184,89363565,2026-08-01T17:14:41.636197400Z,2026-08-01T17:15:22.600200800Z,COMPLETED,EPISODE_TYPE_PUBLIC,-1,728.9065922521644,719.3464187817439,rurumi,Riku Suzuki,54397258,1,723.9063060128595,728.4144476732812,replays\episode_89363565.json,True
55165184,89363033,2026-08-01T17:10:43.182523200Z,2026-08-01T17:11:23.732972100Z,COMPLETED,EPISODE_TYPE_PUBLIC,1,718.8333812590412,728.9065922521644,rurumi,RairoRapha,55117260,-1,728.6221137158194,724.0412229632317,replays\episode_89363033.json,True
55165184,89362500,2026-08-01T17:06:41.834996500Z,2026-08-01T17:07:21.010108600Z,COMPLETED,EPISODE_TYPE_PUBLIC,-1,726.490307343302,718.8333812590412,rurumi,CoCoSh,55004867,1,796.3193788677532,799.6901599592716,replays\episode_89362500.json,True
55165184,89361963,2026-08-01T17:02:40.363896500Z,2026-08-01T17:03:16.594504500Z,COMPLETED,EPISODE_TYPE_PUBLIC,-1,736.3105027007061,726.490307343302,rurumi,Tsukuru,54419591,1,752.2198010230784,756.3849543201808,replays\episode_89361963.json,True
55165184,89361381,2026-08-01T16:58:40.360408400Z,2026-08-01T16:59:16.038706500Z,COMPLETED,EPISODE_TYPE_PUBLIC,1,724.7159003691119,736.3105027007061,rurumi,Bulat Latypov,54909873,-1,744.0699723917072,739.349314950509,replays\episode_89361381.json,True
55165184,89360876,2026-08-01T16:54:43.410808200Z,2026-08-01T16:55:22.876134500Z,COMPLETED,EPISODE_TYPE_PUBLIC,-1,739.1219717026149,724.7159003691119,rurumi,Niko Kristanto,54607939,1,667.0003862498797,672.603068321506,replays\episode_89360876.json,True
55165184,89360339,2026-08-01T16:50:39.872973900Z,2026-08-01T16:51:23.223385500Z,COMPLETED,EPISODE_TYPE_PUBLIC,-1,751.2639130835103,739.1219717026149,rurumi,nakashima723,53868874,1,743.5072464699637,748.0270285357861,replays\episode_89360339.json,True
55165184,89358726,2026-08-01T16:38:41.774766900Z,2026-08-01T16:48:41.197848700Z,COMPLETED,EPISODE_TYPE_PUBLIC,1,739.0790721172559,751.2639130835103,rurumi,kambarakun,54412106,-1,735.6571397298887,731.3206471112348,replays\episode_89358726.json,True
55165184,89359800,2026-08-01T16:46:45.374001600Z,2026-08-01T16:47:25.214309Z,COMPLETED,EPISODE_TYPE_PUBLIC,-1,752.5126729298157,739.0790721172559,rurumi,MysMon,54411041,1,741.5043528923836,746.0608067624196,replays\episode_89359800.json,True
55165184,89359244,2026-08-01T16:42:40.812827700Z,2026-08-01T16:43:36.324679Z,COMPLETED,EPISODE_TYPE_PUBLIC,1,740.1444603190284,752.5126729298157,rurumi,Cluckin-VV,55074152,-1,715.677838838205,711.677402251022,replays\episode_89359244.json,True
55165184,89358191,2026-08-01T16:34:37.643453800Z,2026-08-01T16:35:14.703016200Z,COMPLETED,EPISODE_TYPE_PUBLIC,1,726.9385365391305,740.1444603190284,rurumi,Takupon,53869695,-1,707.0585877085344,702.9963976631329,replays\episode_89358191.json,True
55165184,89357671,2026-08-01T16:30:36.211068600Z,2026-08-01T16:31:19.403339400Z,COMPLETED,EPISODE_TYPE_PUBLIC,-1,752.0645928983263,726.9385365391305,rurumi,Ricardo Nakadomari,55084832,1,584.8869797911372,592.1143393232093,replays\episode_89357671.json,True
55165184,89357116,2026-08-01T16:26:34.730854Z,2026-08-01T16:27:18.042408300Z,COMPLETED,EPISODE_TYPE_PUBLIC,1,735.5456642018701,752.0645928983263,rurumi,mumumu_no_mu,54364898,-1,744.273622620187,739.7952148363086,replays\episode_89357116.json,True
55165184,89356572,2026-08-01T16:22:35.741409800Z,2026-08-01T16:23:16.356351300Z,COMPLETED,EPISODE_TYPE_PUBLIC,1,717.0844937626674,735.5456642018701,rurumi,zhangsan1224789,54496576,-1,740.4252198373555,735.7316691681575,replays\episode_89356572.json,True
55165184,89356028,2026-08-01T16:18:34.967930400Z,2026-08-01T16:19:24.915277200Z,COMPLETED,EPISODE_TYPE_PUBLIC,1,702.1420452280641,717.0844937626674,rurumi,tamoko,54826498,-1,651.396419314449,647.8191731681617,replays\episode_89356028.json,True
55165184,89355468,2026-08-01T16:14:37.925014100Z,2026-08-01T16:15:13.051986700Z,COMPLETED,EPISODE_TYPE_PUBLIC,-1,719.6813278214061,702.1420452280641,rurumi,mumutu66,55149850,1,744.6312500618677,749.1235149488493,replays\episode_89355468.json,True
55165184,89354929,2026-08-01T16:10:35.175601100Z,2026-08-01T16:11:05.019095400Z,COMPLETED,EPISODE_TYPE_PUBLIC,1,694.1196617251237,719.6813278214061,rurumi,colt,54184707,-1,757.3537553252527,752.0814089802078,replays\episode_89354929.json,True
55165184,89354379,2026-08-01T16:06:35.641641400Z,2026-08-01T16:07:04.687175900Z,COMPLETED,EPISODE_TYPE_PUBLIC,-1,720.6732388642708,694.1196617251237,rurumi,Furkan Pirinc,54160490,1,671.3340917777947,676.3520322027949,replays\episode_89354379.json,True
55165184,89353857,2026-08-01T16:02:36.553530400Z,2026-08-01T16:03:01.800201700Z,COMPLETED,EPISODE_TYPE_PUBLIC,1,717.8567577778542,720.6732388642708,rurumi,JoJo Lerner,53898529,-1,325.92043932930284,325.39994961414914,replays\episode_89353857.json,True
55165184,89353323,2026-08-01T15:58:34.812184800Z,2026-08-01T15:59:13.896977700Z,COMPLETED,EPISODE_TYPE_PUBLIC,1,695.5987987025817,717.8567577778542,rurumi,CoreyJamesLevinson,54039848,-1,663.6264203141402,659.8498578712264,replays\episode_89353323.json,True
55165184,89352847,2026-08-01T15:54:37.211339100Z,2026-08-01T15:55:14.321048500Z,COMPLETED,EPISODE_TYPE_PUBLIC,1,667.3567953740251,695.5987987025817,rurumi,kotsuton,55046968,-1,676.6005962879187,672.2642126609637,replays\episode_89352847.json,True
55165184,89352231,2026-08-01T15:50:36.221937900Z,2026-08-01T15:51:12.525674300Z,COMPLETED,EPISODE_TYPE_PUBLIC,-1,696.3333413886513,667.3567953740251,rurumi,DaoHe Liu,54651646,1,708.2654758186521,712.2661098655682,replays\episode_89352231.json,True
55165184,89351714,2026-08-01T15:46:36.658273100Z,2026-08-01T15:47:15.941367800Z,COMPLETED,EPISODE_TYPE_PUBLIC,1,669.1971404396542,696.3333413886513,rurumi,t-hash1995,54249792,-1,611.5381412934387,608.1749164642092,replays\episode_89351714.json,True
55165184,89351184,2026-08-01T15:42:35.305912600Z,2026-08-01T15:43:14.225511Z,COMPLETED,EPISODE_TYPE_PUBLIC,1,635.0047868120535,669.1971404396542,rurumi,リュミオーネTom,53935646,-1,608.6291478567011,604.8987244943671,replays\episode_89351184.json,True
55165184,89350679,2026-08-01T15:38:35.856780900Z,2026-08-01T15:39:22.704671800Z,COMPLETED,EPISODE_TYPE_PUBLIC,1,583.7248213646512,635.0047868120535,rurumi,Jett Huang,54777396,-1,637.5725575712386,632.8281076280624,replays\episode_89350679.json,True
55165184,89350110,2026-08-01T15:34:39.554675300Z,2026-08-01T15:35:16.629823200Z,COMPLETED,EPISODE_TYPE_PUBLIC,1,527.3871592917416,583.7248213646512,rurumi,Giuseppe Lentini,54245399,-1,558.6912910041074,554.3667118290197,replays\episode_89350110.json,True
55165184,89349572,2026-08-01T15:30:35.821325900Z,2026-08-01T15:31:17.201069600Z,COMPLETED,EPISODE_TYPE_PUBLIC,-1,587.3274244003352,527.3871592917416,rurumi,Mikyan_みきゃん,55160512,1,590.3078291531273,597.5285833348271,replays\episode_89349572.json,True
55165184,89347940,2026-08-01T15:18:36.516414Z,2026-08-01T15:27:41.256808900Z,COMPLETED,EPISODE_TYPE_PUBLIC,1,470.94135098921527,587.3274244003352,rurumi,Pech1,54788122,-1,653.7497216496563,647.8153641084025,replays\episode_89347940.json,True
55165184,89349032,2026-08-01T15:26:35.788673Z,2026-08-01T15:27:08.860832200Z,COMPLETED,EPISODE_TYPE_PUBLIC,-1,547.6737419253616,470.94135098921527,rurumi,Dhruv Bansal,54417835,1,578.8155872116513,582.0680847513322,replays\episode_89349032.json,True
55165184,89348491,2026-08-01T15:22:36.313093500Z,2026-08-01T15:23:19.674880300Z,COMPLETED,EPISODE_TYPE_PUBLIC,1,489.6159787611748,547.6737419253616,rurumi,HanaMew,54257183,-1,331.825366965835,329.7473316151811,replays\episode_89348491.json,True
55165184,89347400,2026-08-01T15:14:40.365753400Z,2026-08-01T15:15:14.750437600Z,COMPLETED,EPISODE_TYPE_PUBLIC,-1,600,489.6159787611748,rurumi,professor oak,54699837,1,594.646876476235,598.0273871266741,replays\episode_89347400.json,True
55165184,89347309,2026-08-01T15:12:07.419967700Z,2026-08-01T15:12:43.246239400Z,COMPLETED,EPISODE_TYPE_VALIDATION,-1,,600,rurumi,rurumi,55165184,1,,600,replays\episode_89347309.json,True
55173194,89738003,2026-08-03T14:43:26.892645700Z,2026-08-03T14:44:06.680902900Z,COMPLETED,EPISODE_TYPE_PUBLIC,-1,648.6907759327484,644.3345254952827,rurumi,tera358,55214392,1,576.0952259151051,678.8671750112328,replays\episode_89738003.json,True
55173194,89721690,2026-08-03T12:47:22.141165600Z,2026-08-03T12:48:10.090859900Z,COMPLETED,EPISODE_TYPE_PUBLIC,1,643.6770409071424,648.6907759327484,rurumi,【共逐荣光】Timmy Juicehouse,55209274,-1,673.3659257002554,664.5850879410743,replays\episode_89721690.json,True
55173194,89720248,2026-08-03T12:39:21.418146700Z,2026-08-03T12:40:03.492654700Z,COMPLETED,EPISODE_TYPE_PUBLIC,-1,646.8215570993566,643.6770409071424,rurumi,koucha,55211249,1,726.9143760635794,755.1328337939116,replays\episode_89720248.json,True
55173194,89715407,2026-08-03T12:03:21.987079700Z,2026-08-03T12:03:58.521410Z,COMPLETED,EPISODE_TYPE_PUBLIC,-1,652.0925008062968,646.8215570993566,rurumi,Sera,55207575,1,615.9152047159224,625.4702986028545,replays\episode_89715407.json,True
55173194,89711155,2026-08-03T11:35:25.446242200Z,2026-08-03T11:36:08.198109700Z,COMPLETED,EPISODE_TYPE_PUBLIC,1,647.6926675015713,652.0925008062968,rurumi,puraza,55209586,-1,638.3827169761817,617.8147328233124,replays\episode_89711155.json,True
55173194,89705970,2026-08-03T10:59:21.741966400Z,2026-08-03T10:59:53.046516300Z,COMPLETED,EPISODE_TYPE_PUBLIC,1,643.2588903575236,647.6926675015713,rurumi,FC Crustacean,55209281,-1,642.4107369497331,608.4801111939395,replays\episode_89705970.json,True
55173194,89700037,2026-08-03T10:15:24.823035800Z,2026-08-03T10:16:07.490505700Z,COMPLETED,EPISODE_TYPE_PUBLIC,-1,647.2412293728698,643.2588903575236,rurumi,Le Trong Hieu,55204611,1,700.410006139032,706.3109137753054,replays\episode_89700037.json,True
55173194,89694634,2026-08-03T09:39:21.442616500Z,2026-08-03T09:40:30.398599500Z,COMPLETED,EPISODE_TYPE_PUBLIC,1,642.2000177986654,647.2412293728698,rurumi,amokun,55207555,-1,672.1147384503663,633.2309132811178,replays\episode_89694634.json,True
55173194,89678449,2026-08-03T07:43:21.973049900Z,2026-08-03T07:44:48.151734700Z,COMPLETED,EPISODE_TYPE_PUBLIC,-1,646.3593125516969,642.2000177986654,rurumi,chamboabi,54611959,1,698.4541206614581,702.1202962473012,replays\episode_89678449.json,True
55173194,89656338,2026-08-03T05:07:18.922803400Z,2026-08-03T05:07:53.548429600Z,COMPLETED,EPISODE_TYPE_PUBLIC,1,642.6893395371985,646.3593125516969,rurumi,berry8192,54338107,-1,557.2399594527014,554.0572018197545,replays\episode_89656338.json,True
55173194,89628855,2026-08-03T01:51:15.957237500Z,2026-08-03T01:51:50.041454400Z,COMPLETED,EPISODE_TYPE_PUBLIC,-1,647.5525846951693,642.6893395371985,rurumi,maximoming,55197389,1,664.6171687804666,674.1760560708194,replays\episode_89628855.json,True
55173194,89617579,2026-08-03T00:31:12.033169600Z,2026-08-03T00:31:44.019387800Z,COMPLETED,EPISODE_TYPE_PUBLIC,1,642.5246458636096,647.5525846951693,rurumi,Kazama Yusuke,55197317,-1,653.4431844468711,613.8716849874315,replays\episode_89617579.json,True
55173194,89609134,2026-08-02T23:31:11.253741300Z,2026-08-02T23:31:43.739306Z,COMPLETED,EPISODE_TYPE_PUBLIC,-1,647.137006446802,642.5246458636096,rurumi,flaty,55196126,1,679.3738949067442,698.5217650226766,replays\episode_89609134.json,True
55173194,89596946,2026-08-02T22:03:09.574521500Z,2026-08-02T22:04:03.113994Z,COMPLETED,EPISODE_TYPE_PUBLIC,-1,650.1547062119791,647.137006446802,rurumi,🫣🤧,55195319,1,781.904604169721,808.8121995416924,replays\episode_89596946.json,True
55173194,89584128,2026-08-02T20:27:09.575425300Z,2026-08-02T20:27:51.925288400Z,COMPLETED,EPISODE_TYPE_PUBLIC,1,643.7762973422819,650.1547062119791,rurumi,BlueBuild4,54232937,-1,679.2985526131157,674.225892939455,replays\episode_89584128.json,True
55173194,89562641,2026-08-02T17:51:09.170244700Z,2026-08-02T17:51:47.190641900Z,COMPLETED,EPISODE_TYPE_PUBLIC,1,636.8953508605365,643.7762973422819,rurumi,imaima,55189273,-1,692.6462935947541,682.5028439027346,replays\episode_89562641.json,True
55173194,89562704,2026-08-02T17:51:09.256501900Z,2026-08-02T17:51:39.340445800Z,COMPLETED,EPISODE_TYPE_PUBLIC,1,632.0331411274453,636.8953508605365,rurumi,GarlicToday,54521319,-1,583.0870634222285,579.3803734220437,replays\episode_89562704.json,True
55173194,89536558,2026-08-02T14:43:07.854772700Z,2026-08-02T14:43:40.606717200Z,COMPLETED,EPISODE_TYPE_PUBLIC,-1,637.1704882298085,632.0331411274453,rurumi,one2ndpiece,55187250,1,665.3977315168967,685.3970572909028,replays\episode_89536558.json,True
55173194,89530548,2026-08-02T13:59:07.915165900Z,2026-08-02T13:59:48.743242400Z,COMPLETED,EPISODE_TYPE_PUBLIC,-1,643.0151363720478,637.1704882298085,rurumi,Toshiki Nishiyama,55186023,1,647.4891660899272,661.2460613059416,replays\episode_89530548.json,True
55173194,89529792,2026-08-02T13:55:08.841196700Z,2026-08-02T13:55:53.540136600Z,COMPLETED,EPISODE_TYPE_PUBLIC,-1,648.2298182474967,643.0151363720478,rurumi,dhue123,55187340,1,600,723.0628992808499,replays\episode_89529792.json,True
55173194,89518292,2026-08-02T12:31:07.673962900Z,2026-08-02T12:31:48.906395700Z,COMPLETED,EPISODE_TYPE_PUBLIC,-1,654.4928156032319,648.2298182474967,rurumi,luck is all you need,55185620,1,554.3912651017419,678.9544085332353,replays\episode_89518292.json,True
55173194,89504797,2026-08-02T10:51:07.955370900Z,2026-08-02T10:51:47.660939300Z,COMPLETED,EPISODE_TYPE_PUBLIC,-1,661.3541457646395,654.4928156032319,rurumi,HechtJP,55182861,1,626.7216022872924,650.7964807910226,replays\episode_89504797.json,True
55173194,89501156,2026-08-02T10:23:05.821410100Z,2026-08-02T10:23:41.402510300Z,COMPLETED,EPISODE_TYPE_PUBLIC,-1,668.367069676393,661.3541457646395,rurumi,tonpeeee_pokemon,54638812,1,650.3446303746932,655.1058429638127,replays\episode_89501156.json,True
55173194,89483134,2026-08-02T08:11:06.057541500Z,2026-08-02T08:12:30.745600700Z,COMPLETED,EPISODE_TYPE_PUBLIC,-1,673.0110821082455,668.367069676393,rurumi,knomura03,55179027,1,762.4949692270852,769.3078682037174,replays\episode_89483134.json,True
55173194,89472486,2026-08-02T06:51:06.571900400Z,2026-08-02T06:51:41.934875Z,COMPLETED,EPISODE_TYPE_PUBLIC,-1,686.9069928766163,673.0110821082455,rurumi,wattanx,54601719,1,447.16182117016984,456.1090947192232,replays\episode_89472486.json,True
55173194,89459322,2026-08-02T05:15:06.962272500Z,2026-08-02T05:15:45.037738800Z,COMPLETED,EPISODE_TYPE_PUBLIC,-1,698.5816828519994,686.9069928766163,rurumi,kozzy,55177259,1,515.7674178209578,549.3905935709985,replays\episode_89459322.json,True
55173194,89452529,2026-08-02T04:23:05.271054Z,2026-08-02T04:23:41.551408500Z,COMPLETED,EPISODE_TYPE_PUBLIC,1,691.0975336173747,698.5816828519994,rurumi,sat0113,54712541,-1,697.2012981397658,692.6474306137407,replays\episode_89452529.json,True
55173194,89443898,2026-08-02T03:19:05.217229300Z,2026-08-02T03:19:47.802796900Z,COMPLETED,EPISODE_TYPE_PUBLIC,-1,696.5159022912773,691.0975336173747,rurumi,OBS$E$SED,54385406,1,778.3249817446854,781.5447159668569,replays\episode_89443898.json,True
55173194,89437922,2026-08-02T02:35:06.922541Z,2026-08-02T02:35:46.925800900Z,COMPLETED,EPISODE_TYPE_PUBLIC,-1,703.4972616078021,696.5159022912773,rurumi,Kunal Desale,55019670,1,729.5783668628719,733.6158832489396,replays\episode_89437922.json,True
55173194,89437360,2026-08-02T02:31:05.746066900Z,2026-08-02T02:31:40.303628200Z,COMPLETED,EPISODE_TYPE_PUBLIC,-1,710.2956933582553,703.4972616078021,rurumi,Chellick,54399053,1,750.0651276551491,753.8914815401901,replays\episode_89437360.json,True
55173194,89436801,2026-08-02T02:27:05.326329200Z,2026-08-02T02:27:42.072333500Z,COMPLETED,EPISODE_TYPE_PUBLIC,-1,719.2038115801311,710.2956933582553,rurumi,Pult Pounders ;),54266836,1,693.8470693531252,698.7071606619951,replays\episode_89436801.json,True
55173194,89436261,2026-08-02T02:23:05.866860500Z,2026-08-02T02:23:44.171238800Z,COMPLETED,EPISODE_TYPE_PUBLIC,-1,727.2336958571262,719.2038115801311,rurumi,yu lesui,55015569,1,739.1936929888822,743.4440338636422,replays\episode_89436261.json,True
55173194,89435729,2026-08-02T02:19:05.442203100Z,2026-08-02T02:19:43.617406100Z,COMPLETED,EPISODE_TYPE_PUBLIC,1,718.1912227029561,727.2336958571262,rurumi,starclan,53898437,-1,730.3030701240912,725.6695113842765,replays\episode_89435729.json,True
55173194,89435188,2026-08-02T02:15:06.812677Z,2026-08-02T02:16:30.193397800Z,COMPLETED,EPISODE_TYPE_PUBLIC,1,709.7689140839482,718.1912227029561,rurumi,Michał Łapiński,54886338,-1,693.7242347115317,689.5443425870469,replays\episode_89435188.json,True
55173194,89434651,2026-08-02T02:11:05.244977800Z,2026-08-02T02:11:54.273542100Z,COMPLETED,EPISODE_TYPE_PUBLIC,1,701.0250822786123,709.7689140839482,rurumi,Alex,55048910,-1,686.3643623419157,682.1662115940529,replays\episode_89434651.json,True
55173194,89434119,2026-08-02T02:07:05.138366100Z,2026-08-02T02:07:52.074584Z,COMPLETED,EPISODE_TYPE_PUBLIC,1,694.9644301499405,701.0250822786123,rurumi,PsAIduck,55074726,-1,584.8015847089989,581.9721662438574,replays\episode_89434119.json,True
55173194,89433573,2026-08-02T02:03:05.750144100Z,2026-08-02T02:04:19.972506400Z,COMPLETED,EPISODE_TYPE_PUBLIC,-1,698.518042915778,694.9644301499405,rurumi,Xxbozohead,55138355,1,916.4160103166402,918.0409358739635,replays\episode_89433573.json,True
55173194,89433025,2026-08-02T01:59:06.052907200Z,2026-08-02T02:00:03.765332700Z,COMPLETED,EPISODE_TYPE_PUBLIC,1,685.2695050903568,698.518042915778,rurumi,Klein Houmani,55148992,-1,767.8779564991687,762.0651319672969,replays\episode_89433025.json,True
55173194,89432471,2026-08-02T01:55:06.547302Z,2026-08-02T01:55:41.186781600Z,COMPLETED,EPISODE_TYPE_PUBLIC,-1,696.8257456776366,685.2695050903568,rurumi,Xenon Soh,53905175,1,668.6405869830708,673.5117620303386,replays\episode_89432471.json,True
55173194,89431928,2026-08-02T01:51:05.265564400Z,2026-08-02T01:51:42.533924200Z,COMPLETED,EPISODE_TYPE_PUBLIC,1,683.7423923871919,696.8257456776366,rurumi,cmoney,54749715,-1,736.8070427989891,731.5252248748988,replays\episode_89431928.json,True
55173194,89431379,2026-08-02T01:47:06.032440100Z,2026-08-02T01:47:36.322008700Z,COMPLETED,EPISODE_TYPE_PUBLIC,-1,692.683124772837,683.7423923871919,rurumi,Umair Zia,54659406,1,754.2953708778773,757.7730000702948,replays\episode_89431379.json,True
55173194,89430860,2026-08-02T01:43:05.654709700Z,2026-08-02T01:43:41.630218800Z,COMPLETED,EPISODE_TYPE_PUBLIC,1,678.0039999644916,692.683124772837,rurumi,Joey Mckee,53988671,-1,741.6154725042175,736.1703409324463,replays\episode_89430860.json,True
55173194,89430318,2026-08-02T01:39:05.169533300Z,2026-08-02T01:39:41.889391Z,COMPLETED,EPISODE_TYPE_PUBLIC,1,669.7062009369021,678.0039999644916,rurumi,わかくさコーン,54358199,-1,570.9827991587803,568.0173306056034,replays\episode_89430318.json,True
55173194,89429789,2026-08-02T01:34:58.735020500Z,2026-08-02T01:35:49.259553700Z,COMPLETED,EPISODE_TYPE_PUBLIC,1,667.4517386942338,669.7062009369021,rurumi,Josh Mcateer,54201409,-1,338.15384232145175,337.36134891997244,replays\episode_89429789.json,True
55173194,89429232,2026-08-02T01:30:58.436455Z,2026-08-02T01:31:35.230621600Z,COMPLETED,EPISODE_TYPE_PUBLIC,-1,677.4388166158832,667.4517386942338,rurumi,Clawdia Sakamoto,54039158,1,746.1200020934526,749.4861364000997,replays\episode_89429232.json,True
55173194,89428692,2026-08-02T01:26:57.952371500Z,2026-08-02T01:27:31.398974200Z,COMPLETED,EPISODE_TYPE_PUBLIC,1,662.5019866894448,677.4388166158832,rurumi,Xiaolei Lian,54191990,-1,688.0927071630022,683.3129379710368,replays\episode_89428692.json,True
55173194,89428143,2026-08-02T01:22:58.039957200Z,2026-08-02T01:25:05.239844600Z,COMPLETED,EPISODE_TYPE_PUBLIC,-1,677.2468400372288,662.5019866894448,rurumi,Twin Energy,54669944,1,670.186808153482,674.6610655702767,replays\episode_89428143.json,True
55173194,89427598,2026-08-02T01:18:58.041095800Z,2026-08-02T01:19:24.337744Z,COMPLETED,EPISODE_TYPE_PUBLIC,-1,695.6998031126628,677.2468400372288,rurumi,Forrest,54805669,1,638.5956257016387,643.8676587394865,replays\episode_89427598.json,True
55173194,89427042,2026-08-02T01:14:59.856000900Z,2026-08-02T01:15:39.134968100Z,COMPLETED,EPISODE_TYPE_PUBLIC,-1,709.159075989829,695.6998031126628,rurumi,Psychic Genesis,54734409,1,756.4133652568341,760.0567294951016,replays\episode_89427042.json,True
55173194,89426504,2026-08-02T01:11:01.015196400Z,2026-08-02T01:11:47.168827500Z,COMPLETED,EPISODE_TYPE_PUBLIC,1,689.9655239429626,709.159075989829,rurumi,Jeryos,55171110,-1,726.1776291446614,719.1599292090644,replays\episode_89426504.json,True
55173194,89425968,2026-08-02T01:06:57.820708700Z,2026-08-02T01:07:35.799394300Z,COMPLETED,EPISODE_TYPE_PUBLIC,1,670.219225526988,689.9655239429626,rurumi,kazu107,54042717,-1,693.6504132866345,688.9728548218761,replays\episode_89425968.json,True
55173194,89425415,2026-08-02T01:02:58.014573600Z,2026-08-02T01:03:32.662387Z,COMPLETED,EPISODE_TYPE_PUBLIC,-1,690.2174397283321,670.219225526988,rurumi,nick gault,53894041,1,682.9416944986614,687.3515412777072,replays\episode_89425415.json,True
55173194,89424882,2026-08-02T00:58:58.045176900Z,2026-08-02T00:59:39.352531300Z,COMPLETED,EPISODE_TYPE_PUBLIC,1,670.057539261999,690.2174397283321,rurumi,fufufufufuko,54041710,-1,659.5406043851373,655.4147051677513,replays\episode_89424882.json,True
55173194,89424337,2026-08-02T00:54:59.127149600Z,2026-08-02T00:55:34.614098400Z,COMPLETED,EPISODE_TYPE_PUBLIC,-1,695.6146351016764,670.057539261999,rurumi,Ashish Divvela,54766188,1,660.19434233449,664.9916122101421,replays\episode_89424337.json,True
55173194,89423775,2026-08-02T00:50:58.125262Z,2026-08-02T00:51:43.010435300Z,COMPLETED,EPISODE_TYPE_PUBLIC,1,671.416726988231,695.6146351016764,rurumi,Ryo Ochi,54847020,-1,666.1129078521585,661.9544313375947,replays\episode_89423775.json,True
55173194,89423246,2026-08-02T00:46:58.347507400Z,2026-08-02T00:47:28.486947800Z,COMPLETED,EPISODE_TYPE_PUBLIC,1,639.4019378279572,671.416726988231,rurumi,Du Dinh,54034781,-1,689.5702925605952,684.6167926755346,replays\episode_89423246.json,True
55173194,89422707,2026-08-02T00:42:57.818495Z,2026-08-02T00:43:34.957404900Z,COMPLETED,EPISODE_TYPE_PUBLIC,1,604.8574946628922,639.4019378279572,rurumi,pikap pika pikaa pikachuuuuuuu,54985394,-1,645.8235845920169,641.0588633924475,replays\episode_89422707.json,True
55173194,89422181,2026-08-02T00:38:57.667928500Z,2026-08-02T00:39:45.610347Z,COMPLETED,EPISODE_TYPE_PUBLIC,1,571.1343630693826,604.8574946628922,rurumi,浅井翔,55173322,-1,599.4413285116278,564.922424860558,replays\episode_89422181.json,True
55173194,89421623,2026-08-02T00:34:58.421823400Z,2026-08-02T00:35:38.855204400Z,COMPLETED,EPISODE_TYPE_PUBLIC,-1,599.7990761187261,571.1343630693826,rurumi,konaito,55161588,1,670.1919255892194,674.6329591970905,replays\episode_89421623.json,True
55173194,89421081,2026-08-02T00:30:59.355539Z,2026-08-02T00:31:42.705160100Z,COMPLETED,EPISODE_TYPE_PUBLIC,1,543.2592185090411,599.7990761187261,rurumi,Togo,54668642,-1,633.2646029712862,627.9962894428774,replays\episode_89421081.json,True
55173194,89420535,2026-08-02T00:26:57.412789100Z,2026-08-02T00:27:29.715598900Z,COMPLETED,EPISODE_TYPE_PUBLIC,1,493.8177204940214,543.2592185090411,rurumi,Riki Garcia,55145693,-1,490.38946916272255,484.8725242479551,replays\episode_89420535.json,True
55173194,89419994,2026-08-02T00:22:57.756617700Z,2026-08-02T00:23:30.196160100Z,COMPLETED,EPISODE_TYPE_PUBLIC,1,422.34482833529034,493.8177204940214,rurumi,Yuya Shintani,53761193,-1,475.655413238098,471.1883574781773,replays\episode_89419994.json,True
55173194,89419421,2026-08-02T00:18:57.322411700Z,2026-08-02T00:19:25.509804300Z,COMPLETED,EPISODE_TYPE_PUBLIC,-1,552.4136386083134,422.34482833529034,rurumi,ArdiaNova,55157509,1,308.12472933473515,325.29808831316916,replays\episode_89419421.json,True
55173194,89418862,2026-08-02T00:14:58.592663700Z,2026-08-02T00:15:31.700043900Z,COMPLETED,EPISODE_TYPE_PUBLIC,-1,636.6990039584497,552.4136386083134,rurumi,Metanoon,54622194,1,636.4042383152346,639.9768878845742,replays\episode_89418862.json,True
55173194,89418328,2026-08-02T00:10:56.855212Z,2026-08-02T00:11:26.097282900Z,COMPLETED,EPISODE_TYPE_PUBLIC,-1,690.8452861134614,636.6990039584497,rurumi,srikalyan,55161737,1,867.3488333033249,869.4518727091556,replays\episode_89418328.json,True
55173194,89417793,2026-08-02T00:06:56.922439800Z,2026-08-02T00:08:02.846676700Z,COMPLETED,EPISODE_TYPE_PUBLIC,1,600,690.8452861134614,rurumi,Dominic Lo,54364434,-1,536.848623743515,534.0664868562902,replays\episode_89417793.json,True
55173194,89417672,2026-08-02T00:04:42.663971900Z,2026-08-02T00:05:16.670120700Z,COMPLETED,EPISODE_TYPE_VALIDATION,1,,600,rurumi,rurumi,55173194,-1,,600,replays\episode_89417672.json,True
55174895,89958449,2026-08-04T15:12:04.928414400Z,2026-08-04T15:12:48.216237400Z,COMPLETED,EPISODE_TYPE_PUBLIC,-1,793.7455172103572,788.311138402197,rurumi,NSK,55234719,1,736.3535177227358,744.5094313190434,replays\episode_89958449.json,True
55174895,89955022,2026-08-04T14:52:04.869403500Z,2026-08-04T14:52:47.599353Z,COMPLETED,EPISODE_TYPE_PUBLIC,1,785.6235357264179,793.7455172103572,rurumi,Dries @ Tufa Labs,55240355,-1,989.3424298277077,972.1620299389202,replays\episode_89955022.json,True
55174895,89949059,2026-08-04T14:16:04.270273500Z,2026-08-04T14:16:40.018649500Z,COMPLETED,EPISODE_TYPE_PUBLIC,1,782.0782585807635,785.6235357264179,rurumi,Haidar Faruqi,55242054,-1,779.7345337869035,696.0949341873836,replays\episode_89949059.json,True
55174895,89944919,2026-08-04T13:48:04.825934700Z,2026-08-04T13:48:42.200922Z,COMPLETED,EPISODE_TYPE_PUBLIC,1,781.5478732023454,782.0782585807635,rurumi,Katsuki Ohshita,55128970,-1,405.7470541888984,405.18169011539817,replays\episode_89944919.json,True
55174895,89937891,2026-08-04T13:04:04.857876900Z,2026-08-04T13:04:55.730869Z,COMPLETED,EPISODE_TYPE_PUBLIC,-1,786.0242175652683,781.5478732023454,rurumi,aaa,55237914,1,783.705298971196,792.3057169455212,replays\episode_89937891.json,True
55174895,89930436,2026-08-04T12:16:04.846029600Z,2026-08-04T12:17:05.866479600Z,COMPLETED,EPISODE_TYPE_PUBLIC,-1,791.2693685315841,786.0242175652683,rurumi,Yichen Ao,55236927,1,743.0274888568501,752.8801788065028,replays\episode_89930436.json,True
55174895,89926723,2026-08-04T11:52:05.044866200Z,2026-08-04T11:52:44.841945900Z,COMPLETED,EPISODE_TYPE_PUBLIC,1,787.8306731395055,791.2693685315841,rurumi,Dasinu,54361257,-1,720.0164876713496,716.5777922792711,replays\episode_89926723.json,True
55174895,89909755,2026-08-04T10:04:06.494138400Z,2026-08-04T10:06:34.828018400Z,COMPLETED,EPISODE_TYPE_PUBLIC,-1,791.216925392321,787.8306731395055,rurumi,aoi_sugawara,55235153,1,856.3464019173293,869.6659060411391,replays\episode_89909755.json,True
55174895,89905692,2026-08-04T09:36:05.345413200Z,2026-08-04T09:43:29.973988400Z,COMPLETED,EPISODE_TYPE_PUBLIC,-1,795.649724797531,791.216925392321,rurumi,Pillip Youn,54863411,1,799.229530362463,803.6623297676731,replays\episode_89905692.json,True
55174895,89896903,2026-08-04T08:40:04.965289900Z,2026-08-04T08:40:53.680332200Z,COMPLETED,EPISODE_TYPE_PUBLIC,1,791.3549497704861,795.649724797531,rurumi,AmadeusAN,55232740,-1,784.0294990496927,773.5498882855378,replays\episode_89896903.json,True
55174895,89888999,2026-08-04T07:48:05.065918200Z,2026-08-04T07:48:49.566315400Z,COMPLETED,EPISODE_TYPE_PUBLIC,-1,795.4891101027156,791.3549497704861,rurumi,MMA,55231311,1,812.7015737157183,823.3775641957819,replays\episode_89888999.json,True
55174895,89879429,2026-08-04T06:44:07.432460100Z,2026-08-04T06:46:35.070084700Z,COMPLETED,EPISODE_TYPE_PUBLIC,1,791.1270035798774,795.4891101027156,rurumi,Chipping Spearow,55228895,-1,785.9260369582281,778.0532914166834,replays\episode_89879429.json,True
55174895,89879355,2026-08-04T06:44:07.251691200Z,2026-08-04T06:44:57.801667Z,COMPLETED,EPISODE_TYPE_PUBLIC,-1,795.0672351366275,791.1270035798774,rurumi,Pikachu Algorithm,55229988,1,824.1466159348295,835.5280628616933,replays\episode_89879355.json,True
55174895,89874187,2026-08-04T06:08:05.232555500Z,2026-08-04T06:09:15.018057700Z,COMPLETED,EPISODE_TYPE_PUBLIC,-1,800.0616689585846,795.0672351366275,rurumi,Takutsu,55179635,1,770.1654033943233,775.1598372162805,replays\episode_89874187.json,True
55174895,89856922,2026-08-04T04:12:05.383976100Z,2026-08-04T04:12:54.569975900Z,COMPLETED,EPISODE_TYPE_PUBLIC,1,797.0306930269428,800.0616689585846,rurumi,maniginam,55226294,-1,701.9261121514807,695.9388423868535,replays\episode_89856922.json,True
55174895,89855785,2026-08-04T04:04:06.331239300Z,2026-08-04T04:06:14.564250200Z,COMPLETED,EPISODE_TYPE_PUBLIC,1,792.1431588831261,797.0306930269428,rurumi,Kazama Yusuke,55225565,-1,817.9935151935222,810.4273105814277,replays\episode_89855785.json,True
55174895,89850229,2026-08-04T03:28:05.049852400Z,2026-08-04T03:28:41.001632900Z,COMPLETED,EPISODE_TYPE_PUBLIC,1,787.7288372842788,792.1431588831261,rurumi,Thai,55226498,-1,791.0547246950771,776.3853840507096,replays\episode_89850229.json,True
55174895,89849800,2026-08-04T03:24:05.682496100Z,2026-08-04T03:25:02.227336600Z,COMPLETED,EPISODE_TYPE_PUBLIC,1,786.4254986914307,787.7288372842788,rurumi,kenn,55200260,-1,532.7226766652952,530.7581854248298,replays\episode_89849800.json,True
55174895,89849281,2026-08-04T03:20:05.608031400Z,2026-08-04T03:20:39.209812400Z,COMPLETED,EPISODE_TYPE_PUBLIC,1,781.0434946935044,786.4254986914307,rurumi,fujiborozoukin,55223636,-1,835.6253188739813,827.3463428693734,replays\episode_89849281.json,True
55174895,89831624,2026-08-04T01:24:05.205143700Z,2026-08-04T01:24:48.475920600Z,COMPLETED,EPISODE_TYPE_PUBLIC,1,776.0019872680076,781.0434946935044,rurumi,nmdcddwzml,55225378,-1,889.7996207906135,790.9243425068919,replays\episode_89831624.json,True
55174895,89823661,2026-08-04T00:28:05.035712900Z,2026-08-04T00:28:52.302562200Z,COMPLETED,EPISODE_TYPE_PUBLIC,-1,780.4756595814296,776.0019872680076,rurumi,onick_man,55222257,1,779.0861632693618,786.7120297074603,replays\episode_89823661.json,True
55174895,89818340,2026-08-03T23:52:05.041231600Z,2026-08-03T23:52:42.107547800Z,COMPLETED,EPISODE_TYPE_PUBLIC,-1,784.8512331604761,780.4756595814296,rurumi,Tatsuya Goto,55143240,1,791.9401838242972,796.3157574033437,replays\episode_89818340.json,True
55174895,89797044,2026-08-03T21:32:05.137784200Z,2026-08-03T21:32:42.843404600Z,COMPLETED,EPISODE_TYPE_PUBLIC,1,779.9503991973385,784.8512331604761,rurumi,reizouko264,54579964,-1,804.3806397088117,799.4798057456742,replays\episode_89797044.json,True
55174895,89775599,2026-08-03T18:59:30.976527500Z,2026-08-03T19:00:06.947567500Z,COMPLETED,EPISODE_TYPE_PUBLIC,1,776.1385384675896,779.9503991973385,rurumi,Borrun,53932543,-1,733.3274615289495,729.5156007992006,replays\episode_89775599.json,True
55174895,89748537,2026-08-03T15:55:30.176446500Z,2026-08-03T15:56:06.553973700Z,COMPLETED,EPISODE_TYPE_PUBLIC,1,772.2541779105751,776.1385384675896,rurumi,Rahul Jiwane,55214735,-1,741.4431525890648,727.4492925398451,replays\episode_89748537.json,True
55174895,89743231,2026-08-03T15:19:27.747498400Z,2026-08-03T15:20:06.261963200Z,COMPLETED,EPISODE_TYPE_PUBLIC,1,770.9966840570263,772.2541779105751,rurumi,control the variance,55215270,-1,489.86993769633443,454.73709921657326,replays\episode_89743231.json,True
55174895,89738716,2026-08-03T14:47:27.214119900Z,2026-08-03T14:48:05.673477200Z,COMPLETED,EPISODE_TYPE_PUBLIC,-1,776.4224026007511,770.9966840570263,rurumi,SORA,55213184,1,704.0155750414502,730.092274943743,replays\episode_89738716.json,True
55174895,89735810,2026-08-03T14:27:27.208352400Z,2026-08-03T14:32:26.896356800Z,COMPLETED,EPISODE_TYPE_PUBLIC,-1,780.6393144853482,776.4224026007511,rurumi,suikkee,55212693,1,783.8035851163006,805.9415757130475,replays\episode_89735810.json,True
55174895,89728837,2026-08-03T13:39:27.052248700Z,2026-08-03T13:41:01.864128Z,COMPLETED,EPISODE_TYPE_PUBLIC,1,775.9311333050151,780.6393144853482,rurumi,MoongladeAI,55212276,-1,815.4404182722861,778.516135143318,replays\episode_89728837.json,True
55174895,89708791,2026-08-03T11:19:21.339036300Z,2026-08-03T11:19:58.825341200Z,COMPLETED,EPISODE_TYPE_PUBLIC,1,770.1779529929755,775.9311333050151,rurumi,tktkyamyam,55209443,-1,874.7619090860134,833.0533797912374,replays\episode_89708791.json,True
55174895,89694928,2026-08-03T09:39:21.961057500Z,2026-08-03T09:40:03.199025800Z,COMPLETED,EPISODE_TYPE_PUBLIC,1,770.0241531411332,770.1779529929755,rurumi,Yu Zhang,53897876,-1,264.64038371040266,264.4865838585603,replays\episode_89694928.json,True
55174895,89671561,2026-08-03T06:55:19.480649500Z,2026-08-03T06:56:12.582320Z,COMPLETED,EPISODE_TYPE_PUBLIC,1,765.5033151519,770.0241531411332,rurumi,g-taniguchi,55202482,-1,770.8665820681714,761.8147215920606,replays\episode_89671561.json,True
55174895,89663119,2026-08-03T05:55:20.704335200Z,2026-08-03T05:56:03.411687700Z,COMPLETED,EPISODE_TYPE_PUBLIC,-1,769.741900978153,765.5033151519,rurumi,tamakiken_OB,55201100,1,783.156310601833,790.2343064430864,replays\episode_89663119.json,True
55174895,89655794,2026-08-03T05:03:18.869299100Z,2026-08-03T05:07:32.167784Z,COMPLETED,EPISODE_TYPE_PUBLIC,-1,774.4092449474547,769.741900978153,rurumi,enim,54993842,1,763.8049206172108,768.4722645865124,replays\episode_89655794.json,True
55174895,89631501,2026-08-03T02:11:15.828644200Z,2026-08-03T02:11:43.372517400Z,COMPLETED,EPISODE_TYPE_PUBLIC,1,771.0209683001506,774.4092449474547,rurumi,ノノノノノノノノ,55198726,-1,705.7821397018764,692.8526063898038,replays\episode_89631501.json,True
55174895,89621986,2026-08-03T01:03:11.855151800Z,2026-08-03T01:03:55.782894400Z,COMPLETED,EPISODE_TYPE_PUBLIC,1,766.1765705549143,771.0209683001506,rurumi,ykhnkf,55198070,-1,812.330842997875,777.3480217133745,replays\episode_89621986.json,True
55174895,89616477,2026-08-03T00:23:11.862240700Z,2026-08-03T00:24:39.201887900Z,COMPLETED,EPISODE_TYPE_PUBLIC,-1,772.0646379690535,766.1765705549143,rurumi,joinus,55196889,1,663.2262091527259,701.3461621536926,replays\episode_89616477.json,True
55174895,89614163,2026-08-03T00:07:11.597073Z,2026-08-03T00:07:51.124533Z,COMPLETED,EPISODE_TYPE_PUBLIC,-1,775.5502310908795,772.0646379690535,rurumi,Sohangkumar Patel,55196709,1,823.7163254626608,853.5963374618126,replays\episode_89614163.json,True
55174895,89610436,2026-08-02T23:39:11.613988500Z,2026-08-02T23:39:52.573801200Z,COMPLETED,EPISODE_TYPE_PUBLIC,1,772.1675060751164,775.5502310908795,rurumi,Yufeng,54722989,-1,695.890965485126,692.5749590929219,replays\episode_89610436.json,True
55174895,89598722,2026-08-02T22:15:11.498879800Z,2026-08-02T22:15:49.047304900Z,COMPLETED,EPISODE_TYPE_PUBLIC,1,767.0587434900946,772.1675060751164,rurumi,ポケカ前線,55193705,-1,795.2080540566626,787.3453103503441,replays\episode_89598722.json,True
55174895,89597809,2026-08-02T22:07:10.921002500Z,2026-08-02T22:07:44.208192700Z,COMPLETED,EPISODE_TYPE_PUBLIC,-1,772.8474139753855,767.0587434900946,rurumi,nikechan,55189868,1,713.3607213607669,721.2691851953905,replays\episode_89597809.json,True
55174895,89596493,2026-08-02T21:59:09.701381800Z,2026-08-02T22:00:05.951220300Z,COMPLETED,EPISODE_TYPE_PUBLIC,-1,776.7197639040122,772.8474139753855,rurumi,Scrafty,55193927,1,830.9327403996155,837.9720491045928,replays\episode_89596493.json,True
55174895,89594477,2026-08-02T21:43:10.340591200Z,2026-08-02T21:43:43.676335600Z,COMPLETED,EPISODE_TYPE_PUBLIC,-1,782.1067645141974,776.7197639040122,rurumi,For Good Measure,55189641,1,754.7091611216624,761.4944723564834,replays\episode_89594477.json,True
55174895,89582345,2026-08-02T20:15:11.136161100Z,2026-08-02T20:15:55.359196200Z,COMPLETED,EPISODE_TYPE_PUBLIC,-1,786.6578990929999,782.1067645141974,rurumi,Pachirisu,55191406,1,810.3721505576958,816.187599328165,replays\episode_89582345.json,True
55174895,89577498,2026-08-02T19:39:10.225760900Z,2026-08-02T19:39:43.033707500Z,COMPLETED,EPISODE_TYPE_PUBLIC,1,784.8733956816671,786.6578990929999,rurumi,u2,55187084,-1,562.6454825316425,559.4445917032111,replays\episode_89577498.json,True
55174895,89574625,2026-08-02T19:19:09.365832500Z,2026-08-02T19:19:45.390879400Z,COMPLETED,EPISODE_TYPE_PUBLIC,-1,789.0250325667275,784.8733956816671,rurumi,Pokémon-team17,55190858,1,842.2054510985824,848.3857290310322,replays\episode_89574625.json,True
55174895,89573489,2026-08-02T19:11:09.311322Z,2026-08-02T19:11:47.872329200Z,COMPLETED,EPISODE_TYPE_PUBLIC,-1,792.9425095661096,789.0250325667275,rurumi,Pachirisu,55191414,1,863.4219623786821,870.2991247383928,replays\episode_89573489.json,True
55174895,89564558,2026-08-02T18:07:09.636478600Z,2026-08-02T18:08:21.531425900Z,COMPLETED,EPISODE_TYPE_PUBLIC,1,785.8148684224691,792.9425095661096,rurumi,Faith Ogundimu,55191935,-1,955.8266381678527,859.5404995337935,replays\episode_89564558.json,True
55174895,89558866,2026-08-02T17:23:09.720069900Z,2026-08-02T17:23:47.082465300Z,COMPLETED,EPISODE_TYPE_PUBLIC,-1,790.5565102027216,785.8148684224691,rurumi,AibePC,54316879,1,825.1888053162978,829.1175835905101,replays\episode_89558866.json,True
55174895,89537145,2026-08-02T14:47:07.949040100Z,2026-08-02T14:47:49.367818100Z,COMPLETED,EPISODE_TYPE_PUBLIC,-1,794.9944405787894,790.5565102027216,rurumi,xfylll,55186913,1,844.8326436492372,856.7129381621679,replays\episode_89537145.json,True
55174895,89536243,2026-08-02T14:39:08.434671200Z,2026-08-02T14:39:38.423620600Z,COMPLETED,EPISODE_TYPE_PUBLIC,1,785.7740677168455,794.9944405787894,rurumi,perrodawn,55181120,-1,944.1993127771786,935.4657461839939,replays\episode_89536243.json,True
55174895,89516897,2026-08-02T12:19:07.934855100Z,2026-08-02T12:19:53.330571700Z,COMPLETED,EPISODE_TYPE_PUBLIC,1,778.167325606162,785.7740677168455,rurumi,doctorw,55183067,-1,864.5011863301105,854.1142093424788,replays\episode_89516897.json,True
55174895,89506893,2026-08-02T11:07:07.730887600Z,2026-08-02T11:07:42.193687100Z,COMPLETED,EPISODE_TYPE_PUBLIC,1,771.3508113778187,778.167325606162,rurumi,Matteo Pintore,55183473,-1,843.5290398375902,803.1868551630314,replays\episode_89506893.json,True
55174895,89502089,2026-08-02T10:31:05.813503500Z,2026-08-02T10:31:45.453583900Z,COMPLETED,EPISODE_TYPE_PUBLIC,1,766.247828662201,771.3508113778187,rurumi,yamasaKit,55182115,-1,730.3596338260547,717.3260244770869,replays\episode_89502089.json,True
55174895,89497969,2026-08-02T09:59:06.743302600Z,2026-08-02T09:59:40.527298300Z,COMPLETED,EPISODE_TYPE_PUBLIC,1,760.5587012717018,766.247828662201,rurumi,l2658183739,55139792,-1,740.5170291418373,736.3681855205165,replays\episode_89497969.json,True
55174895,89483780,2026-08-02T08:15:07.445172Z,2026-08-02T08:15:40.807105Z,COMPLETED,EPISODE_TYPE_PUBLIC,-1,766.0082314992327,760.5587012717018,rurumi,very kaggle,55177933,1,801.5295380850176,806.983842215731,replays\episode_89483780.json,True
55174895,89470847,2026-08-02T06:39:06.229745400Z,2026-08-02T06:39:49.104335200Z,COMPLETED,EPISODE_TYPE_PUBLIC,-1,773.1013964761986,766.0082314992327,rurumi,Katsuhito Muroi,54226441,1,744.6419060006759,749.5812170400867,replays\episode_89470847.json,True
55174895,89460601,2026-08-02T05:23:06.367765100Z,2026-08-02T05:23:42.943542600Z,COMPLETED,EPISODE_TYPE_PUBLIC,-1,779.6516617644252,773.1013964761986,rurumi,Krizsó Gergely,55139775,1,780.3978705926182,784.8501877391251,replays\episode_89460601.json,True
55174895,89453292,2026-08-02T04:31:04.610945300Z,2026-08-02T04:31:49.901362500Z,COMPLETED,EPISODE_TYPE_PUBLIC,-1,784.9013944661064,779.6516617644252,rurumi,Matsu,55176767,1,834.9144221990546,857.2552065912095,replays\episode_89453292.json,True
55174895,89451908,2026-08-02T04:19:05.324384300Z,2026-08-02T04:19:41.394218200Z,COMPLETED,EPISODE_TYPE_PUBLIC,-1,792.6087297085551,784.9013944661064,rurumi,mamematcha,55068835,1,760.1123143575147,765.1128296947163,replays\episode_89451908.json,True
55174895,89451106,2026-08-02T04:15:05.989543200Z,2026-08-02T04:15:57.902731700Z,COMPLETED,EPISODE_TYPE_PUBLIC,-1,797.410681544904,792.6087297085551,rurumi,kiyo,55176822,1,868.4903696033582,908.7950641934796,replays\episode_89451106.json,True
55174895,89451362,2026-08-02T04:15:06.405071500Z,2026-08-02T04:15:40.296327400Z,COMPLETED,EPISODE_TYPE_PUBLIC,1,790.6351553458106,797.410681544904,rurumi,yuyutech(Genuine),54516930,-1,775.1944285605614,770.9848154766249,replays\episode_89451362.json,True
55174895,89450800,2026-08-02T04:11:05.215912800Z,2026-08-02T04:11:39.094835800Z,COMPLETED,EPISODE_TYPE_PUBLIC,1,783.282278888643,790.6351553458106,rurumi,myab07,55046306,-1,782.7940069245016,778.3478232690215,replays\episode_89450800.json,True
55174895,89450261,2026-08-02T04:07:04.947350800Z,2026-08-02T04:07:39.494297Z,COMPLETED,EPISODE_TYPE_PUBLIC,1,775.9845838357923,783.282278888643,rurumi,Yashdeep Prasad,54422652,-1,766.128318118367,761.8348290075891,replays\episode_89450261.json,True
55174895,89449721,2026-08-02T04:03:04.953138300Z,2026-08-02T04:03:41.388814500Z,COMPLETED,EPISODE_TYPE_PUBLIC,1,767.6800225738424,775.9845838357923,rurumi,NSK,54688247,-1,785.7414944866902,780.9974568065203,replays\episode_89449721.json,True
55174895,89449177,2026-08-02T03:59:05.276943400Z,2026-08-02T03:59:40.228439Z,COMPLETED,EPISODE_TYPE_PUBLIC,1,758.6225100743329,767.6800225738424,rurumi,Zihe Henry Zhang,55132515,-1,793.124703673615,788.1088556095071,replays\episode_89449177.json,True
55174895,89448639,2026-08-02T03:55:06.742175Z,2026-08-02T03:55:39.648864200Z,COMPLETED,EPISODE_TYPE_PUBLIC,-1,767.738722470369,758.6225100743329,rurumi,Shunji Minode,55172926,1,738.1496358726265,745.6785201625353,replays\episode_89448639.json,True
55174895,89448075,2026-08-02T03:51:04.957191800Z,2026-08-02T03:51:36.504252900Z,COMPLETED,EPISODE_TYPE_PUBLIC,-1,777.9949480639108,767.738722470369,rurumi,Furkan Pirinc,54160490,1,725.1546164633854,730.4753050489122,replays\episode_89448075.json,True
55174895,89447413,2026-08-02T03:47:05.077498500Z,2026-08-02T03:47:59.714981800Z,COMPLETED,EPISODE_TYPE_PUBLIC,-1,781.8243945004875,777.9949480639108,rurumi,Chua Zheng Wei Brian,55134277,1,967.4516656233687,969.3971862281201,replays\episode_89447413.json,True
55174895,89447561,2026-08-02T03:47:05.349227600Z,2026-08-02T03:47:51.772350700Z,COMPLETED,EPISODE_TYPE_PUBLIC,1,774.5963835320783,781.8243945004875,rurumi,Senn88,55175746,-1,726.1528729952926,710.842961342797,replays\episode_89447561.json,True
55174895,89447121,2026-08-02T03:43:05.133578100Z,2026-08-02T03:44:21.661100100Z,COMPLETED,EPISODE_TYPE_PUBLIC,-1,782.2390624780852,774.5963835320783,rurumi,Nikita Babych,55006604,1,832.4075829735546,836.0671040030556,replays\episode_89447121.json,True
55174895,89446977,2026-08-02T03:43:04.928773900Z,2026-08-02T03:43:36.960619200Z,COMPLETED,EPISODE_TYPE_PUBLIC,1,774.2060574862841,782.2390624780852,rurumi,Dragonite,55080381,-1,728.5709424362309,724.8472075368345,replays\episode_89446977.json,True
55174895,89446426,2026-08-02T03:39:05.114782300Z,2026-08-02T03:39:40.268087Z,COMPLETED,EPISODE_TYPE_PUBLIC,1,764.5186764060284,774.2060574862841,rurumi,Hongbin Guokaggle,55166688,-1,759.645276710508,754.373002994772,replays\episode_89446426.json,True
55174895,89445842,2026-08-02T03:35:06.037930600Z,2026-08-02T03:35:38.327649900Z,COMPLETED,EPISODE_TYPE_PUBLIC,1,755.0527846606083,764.5186764060284,rurumi,Alex Gorica,54835654,-1,733.6764258646647,729.5937559935581,replays\episode_89445842.json,True
55174895,89445319,2026-08-02T03:31:04.842822300Z,2026-08-02T03:31:39.153057600Z,COMPLETED,EPISODE_TYPE_PUBLIC,-1,766.5060282527314,755.0527846606083,rurumi,Clark Kitchen,54985840,1,745.8445452030295,750.5892192785345,replays\episode_89445319.json,True
55174895,89444755,2026-08-02T03:27:04.749832Z,2026-08-02T03:27:39.651764600Z,COMPLETED,EPISODE_TYPE_PUBLIC,-1,778.0560129100852,766.5060282527314,rurumi,Cascade Matrix,55170051,1,765.5023631644528,771.2480849426152,replays\episode_89444755.json,True
55174895,89444212,2026-08-02T03:23:05.011738600Z,2026-08-02T03:23:40.828681500Z,COMPLETED,EPISODE_TYPE_PUBLIC,1,765.8610829022517,778.0560129100852,rurumi,MakiMakiAi,54409857,-1,781.0474142859339,776.4049037530808,replays\episode_89444212.json,True
55174895,89443670,2026-08-02T03:19:04.919791200Z,2026-08-02T03:19:41.013391500Z,COMPLETED,EPISODE_TYPE_PUBLIC,-1,781.3815775417195,765.8610829022517,rurumi,Cluckin-VV,55132235,1,707.0411107683715,712.6663820651008,replays\episode_89443670.json,True
55174895,89443121,2026-08-02T03:15:06.515853600Z,2026-08-02T03:15:53.145600Z,COMPLETED,EPISODE_TYPE_PUBLIC,-1,793.8187670938698,781.3815775417195,rurumi,すーぱーひとで,54869976,1,798.9882276335239,803.2933255272476,replays\episode_89443121.json,True
55174895,89442588,2026-08-02T03:11:04.952041300Z,2026-08-02T03:11:41.577776900Z,COMPLETED,EPISODE_TYPE_PUBLIC,1,781.5141579175091,793.8187670938698,rurumi,prod1gy,54709631,-1,761.0781133389645,757.0140510344429,replays\episode_89442588.json,True
55174895,89442040,2026-08-02T03:07:04.932398Z,2026-08-02T03:07:37.964301100Z,COMPLETED,EPISODE_TYPE_PUBLIC,-1,794.4984879963919,781.5141579175091,rurumi,POKEDEMIA_ISSEI,54789460,1,813.2580432770842,817.340384095663,replays\episode_89442040.json,True
55174895,89441501,2026-08-02T03:03:05.128838700Z,2026-08-02T03:03:41.022150800Z,COMPLETED,EPISODE_TYPE_PUBLIC,1,781.9855888186913,794.4984879963919,rurumi,r1ck.sync,53923738,-1,740.8031185046021,737.059572517475,replays\episode_89441501.json,True
55174895,89440969,2026-08-02T02:59:05.210909200Z,2026-08-02T02:59:45.116829Z,COMPLETED,EPISODE_TYPE_PUBLIC,1,768.8169936468299,781.9855888186913,rurumi,kakuteki,53917877,-1,727.822416067251,724.0829965984879,replays\episode_89440969.json,True
55174895,89440424,2026-08-02T02:55:06.023382100Z,2026-08-02T02:55:42.938632600Z,COMPLETED,EPISODE_TYPE_PUBLIC,1,749.9047875989565,768.8169936468299,rurumi,ONE PIECE,55044764,-1,794.1401383873666,789.0988877202128,replays\episode_89440424.json,True
55174895,89439885,2026-08-02T02:51:09.536343300Z,2026-08-02T02:51:59.304704800Z,COMPLETED,EPISODE_TYPE_PUBLIC,-1,764.9337742606368,749.9047875989565,rurumi,ぶれめか,55076739,1,802.1036549653923,805.8805493020154,replays\episode_89439885.json,True
55174895,89439318,2026-08-02T02:47:05.460032600Z,2026-08-02T02:47:50.094414800Z,COMPLETED,EPISODE_TYPE_PUBLIC,1,749.1697559853236,764.9337742606368,rurumi,Dennis Tran,55175125,-1,723.9908837765829,701.4466545945274,replays\episode_89439318.json,True
55174895,89439340,2026-08-02T02:47:05.533295400Z,2026-08-02T02:47:39.600517700Z,COMPLETED,EPISODE_TYPE_PUBLIC,1,732.6694247144801,749.1697559853236,rurumi,Yser,55163442,-1,690.4262319272892,685.4573410126605,replays\episode_89439340.json,True
55174895,89438787,2026-08-02T02:43:04.919966200Z,2026-08-02T02:46:54.572484600Z,COMPLETED,EPISODE_TYPE_PUBLIC,-1,755.1463074584591,732.6694247144801,rurumi,mhiro2,55169834,1,731.1822529110664,737.2912697866601,replays\episode_89438787.json,True
55174895,89438235,2026-08-02T02:39:05.014909400Z,2026-08-02T02:39:36.310427700Z,COMPLETED,EPISODE_TYPE_PUBLIC,1,734.3702588960168,755.1463074584591,rurumi,PALTCG,54929597,-1,713.3244842198445,709.3677702567378,replays\episode_89438235.json,True
55174895,89437696,2026-08-02T02:35:06.060975700Z,2026-08-02T02:35:39.161682600Z,COMPLETED,EPISODE_TYPE_PUBLIC,1,710.2832249459561,734.3702588960168,rurumi,Zen dovid,54557368,-1,707.7714062992239,703.5680971658704,replays\episode_89437696.json,True
55174895,89437140,2026-08-02T02:31:05.254652700Z,2026-08-02T02:31:42.390986300Z,COMPLETED,EPISODE_TYPE_PUBLIC,1,686.1007929883128,710.2832249459561,rurumi,Mathieu W,55139941,-1,660.7839421277301,656.6880646992425,replays\episode_89437140.json,True
55174895,89436587,2026-08-02T02:27:04.813111800Z,2026-08-02T02:28:57.565132200Z,COMPLETED,EPISODE_TYPE_PUBLIC,-1,716.3357364049075,686.1007929883128,rurumi,sageintelli,55155414,1,705.3907890407363,710.331295012211,replays\episode_89436587.json,True
55174895,89436059,2026-08-02T02:23:05.392572900Z,2026-08-02T02:25:36.657441900Z,COMPLETED,EPISODE_TYPE_PUBLIC,-1,738.8600256553201,716.3357364049075,rurumi,Faith Ogundimu,55131070,1,832.4463008146266,835.3764782513813,replays\episode_89436059.json,True
55174895,89436301,2026-08-02T02:23:05.961050800Z,2026-08-02T02:23:46.168209900Z,COMPLETED,EPISODE_TYPE_PUBLIC,-1,767.080850795894,738.8600256553201,rurumi,Cabrera Consulting Group,55172642,1,828.9817530065438,833.841087607908,replays\episode_89436301.json,True
55174895,89435506,2026-08-02T02:19:04.963247400Z,2026-08-02T02:20:24.322013500Z,COMPLETED,EPISODE_TYPE_PUBLIC,1,729.3096311844632,767.080850795894,rurumi,mouriman,54964442,-1,712.2988991950601,708.4722714143155,replays\episode_89435506.json,True
55174895,89434968,2026-08-02T02:15:06.251506400Z,2026-08-02T02:15:38.753198800Z,COMPLETED,EPISODE_TYPE_PUBLIC,1,708.481214936489,729.3096311844632,rurumi,PhN01,55163946,-1,520.0446756412222,516.4812542358485,replays\episode_89434968.json,True
55174895,89434427,2026-08-02T02:11:04.918896Z,2026-08-02T02:11:33.265014100Z,COMPLETED,EPISODE_TYPE_PUBLIC,1,639.3517793240737,708.481214936489,rurumi,如月メノウ,54829633,-1,733.0178830505473,727.8744914835968,replays\episode_89434427.json,True
55174895,89433895,2026-08-02T02:07:04.744103600Z,2026-08-02T02:07:46.144507100Z,COMPLETED,EPISODE_TYPE_PUBLIC,1,596.9763398651976,639.3517793240737,rurumi,fttp,54992442,-1,490.6509529140878,488.00248794790804,replays\episode_89433895.json,True
55174895,89433350,2026-08-02T02:03:05.208280400Z,2026-08-02T02:03:47.875810400Z,COMPLETED,EPISODE_TYPE_PUBLIC,1,525.3361533190924,596.9763398651976,rurumi,火箭队,55133502,-1,522.6979568049005,517.9708506850458,replays\episode_89433350.json,True
55174895,89432795,2026-08-02T01:59:05.407107200Z,2026-08-02T01:59:36.408100Z,COMPLETED,EPISODE_TYPE_PUBLIC,-1,611.4720360618774,525.3361533190924,rurumi,KK_1999,53773885,1,603.6637683784999,607.3148568338602,replays\episode_89432795.json,True
55174895,89432235,2026-08-02T01:55:06.154226500Z,2026-08-02T01:55:37.762129800Z,COMPLETED,EPISODE_TYPE_PUBLIC,-1,728.657219912184,611.4720360618774,rurumi,Pacomin,53764818,1,654.9841810991916,659.1785375700937,replays\episode_89432235.json,True
55174895,89431705,2026-08-02T01:51:04.824286500Z,2026-08-02T01:52:07.837018300Z,COMPLETED,EPISODE_TYPE_PUBLIC,1,600,728.657219912184,rurumi,leocrivels,54044929,-1,664.8499609830791,660.9098336232685,replays\episode_89431705.json,True
55174895,89431613,2026-08-02T01:47:19.223154Z,2026-08-02T01:47:51.207880Z,COMPLETED,EPISODE_TYPE_VALIDATION,-1,,600,rurumi,rurumi,55174895,1,,600,replays\episode_89431613.json,True
55215060,89740769,2026-08-03T15:03:00.035483600Z,2026-08-03T15:03:32.344812400Z,COMPLETED,EPISODE_TYPE_VALIDATION,,,,rurumi,rurumi,55215060,,,,replays\episode_89740769.json,True
55215336,89982303,2026-08-04T17:40:35.577617100Z,2026-08-04T17:41:16.782260200Z,COMPLETED,EPISODE_TYPE_PUBLIC,-1,782.4937716708115,777.3732694950181,rurumi,xin782,55237531,1,743.2309812473019,750.8202926490561,replays\episode_89982303.json,True
55215336,89978211,2026-08-04T17:16:34.960157600Z,2026-08-04T17:17:19.845394300Z,COMPLETED,EPISODE_TYPE_PUBLIC,-1,785.6958382367716,782.4937716708115,rurumi,...,55244513,1,865.9527840899325,876.1070178707813,replays\episode_89978211.json,True
55215336,89971836,2026-08-04T16:36:36.074871400Z,2026-08-04T16:37:25.745054600Z,COMPLETED,EPISODE_TYPE_PUBLIC,1,781.5513049957124,785.6958382367716,rurumi,yw8837,55243664,-1,766.5981733482649,753.8038578282238,replays\episode_89971836.json,True
55215336,89962411,2026-08-04T15:36:05.329903600Z,2026-08-04T15:36:43.723248200Z,COMPLETED,EPISODE_TYPE_PUBLIC,-1,786.1466665268357,781.5513049957124,rurumi,Haru,54380296,1,782.496460871033,787.0475924915307,replays\episode_89962411.json,True
55215336,89931551,2026-08-04T12:24:06.674079200Z,2026-08-04T12:24:44.102819Z,COMPLETED,EPISODE_TYPE_PUBLIC,-1,792.1819405937051,786.1466665268357,rurumi,pipi14ramu,55238525,1,696.0364373762344,720.7769169523956,replays\episode_89931551.json,True
55215336,89931556,2026-08-04T12:24:06.693328Z,2026-08-04T12:24:40.873317900Z,COMPLETED,EPISODE_TYPE_PUBLIC,-1,796.2614746928191,792.1819405937051,rurumi,joongyong,55238191,1,825.5629924012082,839.3235377909202,replays\episode_89931556.json,True
55215336,89918518,2026-08-04T11:00:04.937080700Z,2026-08-04T11:00:47.901758500Z,COMPLETED,EPISODE_TYPE_PUBLIC,1,792.2700115166441,796.2614746928191,rurumi,Dilyorbek Muhammadjonov,55236547,-1,753.2929455532383,739.9243022993936,replays\episode_89918518.json,True
55215336,89910435,2026-08-04T10:08:06.630532800Z,2026-08-04T10:08:43.765667800Z,COMPLETED,EPISODE_TYPE_PUBLIC,-1,795.7222357766882,792.2700115166441,rurumi,Xunden,55234811,1,876.6180432115583,884.6681753904768,replays\episode_89910435.json,True
55215336,89908427,2026-08-04T09:56:04.478536600Z,2026-08-04T09:57:30.334009100Z,COMPLETED,EPISODE_TYPE_PUBLIC,-1,800.0041745507276,795.7222357766882,rurumi,DaiPh,55236348,1,765.4484243373744,858.2347049841622,replays\episode_89908427.json,True
55215336,89893917,2026-08-04T08:20:04.981334600Z,2026-08-04T08:20:39.853591400Z,COMPLETED,EPISODE_TYPE_PUBLIC,1,796.8690598181582,800.0041745507276,rurumi,Qsj,55231689,-1,687.4942242047272,681.5412193332721,replays\episode_89893917.json,True
55215336,89889482,2026-08-04T07:52:04.613680500Z,2026-08-04T07:52:42.074300300Z,COMPLETED,EPISODE_TYPE_PUBLIC,1,788.7980294271863,796.8690598181582,rurumi,대답해드리는게인지상정,55233154,-1,989.1212347922069,926.2680640724296,replays\episode_89889482.json,True
55215336,89889034,2026-08-04T07:48:05.131079200Z,2026-08-04T07:49:21.067159200Z,COMPLETED,EPISODE_TYPE_PUBLIC,-1,793.8966201841076,788.7980294271863,rurumi,Aji Samudra,55231105,1,791.7934932138736,801.7771303642522,replays\episode_89889034.json,True
55215336,89872403,2026-08-04T05:56:05.172991900Z,2026-08-04T05:56:51.698578200Z,COMPLETED,EPISODE_TYPE_PUBLIC,-1,798.6226739788337,793.8966201841076,rurumi,shintacs,55132553,1,825.8219202389195,829.8680058624954,replays\episode_89872403.json,True
55215336,89857221,2026-08-04T04:16:04.743568400Z,2026-08-04T04:16:36.488045400Z,COMPLETED,EPISODE_TYPE_PUBLIC,-1,803.0413237682143,798.6226739788337,rurumi,Steven66886688,55228395,1,829.4022272799975,863.4789218432198,replays\episode_89857221.json,True
55215336,89854303,2026-08-04T03:56:06.872380Z,2026-08-04T03:56:39.241908800Z,COMPLETED,EPISODE_TYPE_PUBLIC,1,799.7122320689289,803.0413237682143,rurumi,ichitaro3,55227715,-1,690.8135401214824,672.781624187708,replays\episode_89854303.json,True
55215336,89849126,2026-08-04T03:20:05.276084Z,2026-08-04T03:20:41.476970100Z,COMPLETED,EPISODE_TYPE_PUBLIC,-1,805.9957038095462,799.7122320689289,rurumi,Koki Funahashi,55225639,1,763.1926153063885,774.3241081120538,replays\episode_89849126.json,True
55215336,89832783,2026-08-04T01:32:04.690085500Z,2026-08-04T01:32:47.413408800Z,COMPLETED,EPISODE_TYPE_PUBLIC,1,801.2381890964056,805.9957038095462,rurumi,Michey0495,55225657,-1,825.7590144114216,735.6389114207731,replays\episode_89832783.json,True
55215336,89826092,2026-08-04T00:44:05.940715800Z,2026-08-04T00:44:41.502966200Z,COMPLETED,EPISODE_TYPE_PUBLIC,1,796.185529554427,801.2381890964056,rurumi,datawizardd,54980667,-1,764.8536146957921,760.8765873205936,replays\episode_89826092.json,True
55215336,89818163,2026-08-03T23:52:04.733819100Z,2026-08-03T23:52:38.051835200Z,COMPLETED,EPISODE_TYPE_PUBLIC,1,791.4655463948045,796.185529554427,rurumi,ADS,55222847,-1,746.2604465222813,731.3449576686032,replays\episode_89818163.json,True
55215336,89811131,2026-08-03T23:04:06.261042100Z,2026-08-03T23:04:50.761858800Z,COMPLETED,EPISODE_TYPE_PUBLIC,-1,798.2467975968849,791.4655463948045,rurumi,kyoumonemui,54124880,1,759.6407471536224,764.7616225667347,replays\episode_89811131.json,True
55215336,89805024,2026-08-03T22:24:10.496818800Z,2026-08-03T22:24:51.674104400Z,COMPLETED,EPISODE_TYPE_PUBLIC,1,790.155973283076,798.2467975968849,rurumi,Adastra,55113018,-1,876.0526011729114,870.0943296959421,replays\episode_89805024.json,True
55215336,89798953,2026-08-03T21:44:06.255342400Z,2026-08-03T21:44:49.013336800Z,COMPLETED,EPISODE_TYPE_PUBLIC,1,785.1218917556389,790.155973283076,rurumi,trow126,54295080,-1,731.2853568904845,727.654368641907,replays\episode_89798953.json,True
55215336,89792942,2026-08-03T20:59:27.551825500Z,2026-08-03T21:00:02.369919600Z,COMPLETED,EPISODE_TYPE_PUBLIC,-1,790.5376909786303,785.1218917556389,rurumi,Aki Ogawa,54533471,1,831.547888225498,835.3701673590488,replays\episode_89792942.json,True
55215336,89788572,2026-08-03T20:29:12.120999400Z,2026-08-03T20:30:02.765949500Z,COMPLETED,EPISODE_TYPE_PUBLIC,-1,797.9134064675759,790.5376909786303,rurumi,NayuNayu,55216903,1,759.1612343097975,766.7943124242823,replays\episode_89788572.json,True
55215336,89786729,2026-08-03T20:17:12.313448100Z,2026-08-03T20:17:45.704401800Z,COMPLETED,EPISODE_TYPE_PUBLIC,1,791.4864624854882,797.9134064675759,rurumi,SYC,54800437,-1,782.5034252632048,778.184826546417,replays\episode_89786729.json,True
55215336,89784326,2026-08-03T19:59:30.608005200Z,2026-08-03T20:00:16.308485900Z,COMPLETED,EPISODE_TYPE_PUBLIC,1,788.1066495420115,791.4864624854882,rurumi,元乃元元宝,54523699,-1,628.4024182316849,626.1708109651158,replays\episode_89784326.json,True
55215336,89780308,2026-08-03T19:31:30.850772200Z,2026-08-03T19:32:07.746534200Z,COMPLETED,EPISODE_TYPE_PUBLIC,-1,795.1682241468762,788.1066495420115,rurumi,qliqian,55215476,1,788.0093283599575,794.9454471232164,replays\episode_89780308.json,True
55215336,89777954,2026-08-03T19:15:33.513442700Z,2026-08-03T19:16:03.235968900Z,COMPLETED,EPISODE_TYPE_PUBLIC,1,787.73352143938,795.1682241468762,rurumi,RK,54468720,-1,800.0939156761348,795.434439877696,replays\episode_89777954.json,True
55215336,89774414,2026-08-03T18:51:31.625870400Z,2026-08-03T18:52:22.462949600Z,COMPLETED,EPISODE_TYPE_PUBLIC,-1,796.9226484045829,787.73352143938,rurumi,love machine,55186241,1,729.6661849813543,735.5996371346923,replays\episode_89774414.json,True
55215336,89772625,2026-08-03T18:39:30.413736300Z,2026-08-03T18:40:26.448395500Z,COMPLETED,EPISODE_TYPE_PUBLIC,1,789.0526236867205,796.9226484045829,rurumi,mackerel is all you need,55087449,-1,801.5197732629014,796.8643972640137,replays\episode_89772625.json,True
55215336,89769393,2026-08-03T18:19:29.742875600Z,2026-08-03T18:24:09.710059600Z,COMPLETED,EPISODE_TYPE_PUBLIC,1,779.3751863168579,789.0526236867205,rurumi,ろう39,55217982,-1,873.1170619098914,835.9529740186705,replays\episode_89769393.json,True
55215336,89768554,2026-08-03T18:11:30.313637400Z,2026-08-03T18:12:01.758549900Z,COMPLETED,EPISODE_TYPE_PUBLIC,1,772.241094811233,779.3751863168579,rurumi,Kaiya Kawata,53948578,-1,743.3206551709301,739.3295732767509,replays\episode_89768554.json,True
55215336,89765602,2026-08-03T17:51:32.271585600Z,2026-08-03T17:52:13.795838500Z,COMPLETED,EPISODE_TYPE_PUBLIC,1,763.3543774809908,772.241094811233,rurumi,Yuta Yamazaki,55170730,-1,786.2830753179768,781.464237111266,replays\episode_89765602.json,True
55215336,89761534,2026-08-03T17:23:31.937840200Z,2026-08-03T17:25:06.328038Z,COMPLETED,EPISODE_TYPE_PUBLIC,1,753.2804675220871,763.3543774809908,rurumi,teem,54937344,-1,803.8344572905054,798.5516517611848,replays\episode_89761534.json,True
55215336,89761555,2026-08-03T17:23:31.963939400Z,2026-08-03T17:24:42.396940900Z,COMPLETED,EPISODE_TYPE_PUBLIC,1,744.5150801608619,753.2804675220871,rurumi,molmot,53865211,-1,745.4351838702975,740.9840655064907,replays\episode_89761555.json,True
55215336,89759759,2026-08-03T17:11:31.137948400Z,2026-08-03T17:12:09.929289100Z,COMPLETED,EPISODE_TYPE_PUBLIC,1,737.7610407824233,744.5150801608619,rurumi,Shuzo,53960330,-1,664.6648767021252,661.3328419930967,replays\episode_89759759.json,True
55215336,89759146,2026-08-03T17:07:31.015449Z,2026-08-03T17:08:11.302790900Z,COMPLETED,EPISODE_TYPE_PUBLIC,1,727.6806600213115,737.7610407824233,rurumi,Jonathan Simone,55034300,-1,750.4963216847831,745.6960749781965,replays\episode_89759146.json,True
55215336,89758544,2026-08-03T17:03:30.935444500Z,2026-08-03T17:04:36.219652Z,COMPLETED,EPISODE_TYPE_PUBLIC,-1,737.1156876131398,727.6806600213115,rurumi,Huangxiayiluo,54319865,1,742.5687774328253,746.9070068709564,replays\episode_89758544.json,True
55215336,89757955,2026-08-03T16:59:31.266596700Z,2026-08-03T17:00:39.730927900Z,COMPLETED,EPISODE_TYPE_PUBLIC,1,726.801047367483,737.1156876131398,rurumi,Nicolas Gomasjaya,55199768,-1,736.9773809370911,731.3799394527663,replays\episode_89757955.json,True
55215336,89757355,2026-08-03T16:55:32.565578300Z,2026-08-03T16:56:20.573078900Z,COMPLETED,EPISODE_TYPE_PUBLIC,-1,736.9781239808365,726.801047367483,rurumi,Hongxin Su,55175537,1,741.5825466235973,745.9252039774899,replays\episode_89757355.json,True
55215336,89756772,2026-08-03T16:51:31.210201100Z,2026-08-03T16:52:08.333709800Z,COMPLETED,EPISODE_TYPE_PUBLIC,1,725.3839667687314,736.9781239808365,rurumi,Ayodeji,55187832,-1,746.4593819063425,741.7090752464005,replays\episode_89756772.json,True
55215336,89756140,2026-08-03T16:47:31.052779600Z,2026-08-03T16:48:04.360390700Z,COMPLETED,EPISODE_TYPE_PUBLIC,-1,736.634121941527,725.3839667687314,rurumi,Birusupi,54634176,1,735.4723814127316,739.8953755685296,replays\episode_89756140.json,True
55215336,89755478,2026-08-03T16:43:30.309090600Z,2026-08-03T16:44:07.603014900Z,COMPLETED,EPISODE_TYPE_PUBLIC,1,724.0708256462099,736.634121941527,rurumi,shushu,55215829,-1,756.7848260656865,738.0018491663923,replays\episode_89755478.json,True
55215336,89755568,2026-08-03T16:43:30.552254800Z,2026-08-03T16:44:05.255237200Z,COMPLETED,EPISODE_TYPE_PUBLIC,1,711.9653713738875,724.0708256462099,rurumi,Tian hao Qing Nano7ko,54872550,-1,710.3304673616279,705.963999904444,replays\episode_89755568.json,True
55215336,89754976,2026-08-03T16:39:35.853435800Z,2026-08-03T16:40:18.956145500Z,COMPLETED,EPISODE_TYPE_PUBLIC,1,695.2341179609314,711.9653713738875,rurumi,BOOM,54629901,-1,776.2625461433465,770.5349028588446,replays\episode_89754976.json,True
55215336,89754921,2026-08-03T16:39:35.724812300Z,2026-08-03T16:40:08.749828400Z,COMPLETED,EPISODE_TYPE_PUBLIC,-1,706.7518182634146,695.2341179609314,rurumi,DarkLayer,55215680,1,739.3977388571786,753.114920915561,replays\episode_89754921.json,True
55215336,89754368,2026-08-03T16:35:33.630342200Z,2026-08-03T16:36:18.182058200Z,COMPLETED,EPISODE_TYPE_PUBLIC,1,694.8133733749454,706.7518182634146,rurumi,ubunbun18,54442996,-1,652.4192837062809,648.6878395713331,replays\episode_89754368.json,True
55215336,89753764,2026-08-03T16:31:27.527423700Z,2026-08-03T16:32:04.179037500Z,COMPLETED,EPISODE_TYPE_PUBLIC,1,678.2362961680533,694.8133733749454,rurumi,kazushi sawada,55175756,-1,712.4473588065731,707.092541433772,replays\episode_89753764.json,True
55215336,89753182,2026-08-03T16:27:27.168379900Z,2026-08-03T16:28:06.568854Z,COMPLETED,EPISODE_TYPE_PUBLIC,-1,696.4977869571782,678.2362961680533,rurumi,PokeMasters,55195720,1,649.7456939104108,656.020631243467,replays\episode_89753182.json,True
55215336,89752586,2026-08-03T16:23:27.933957200Z,2026-08-03T16:24:02.013896Z,COMPLETED,EPISODE_TYPE_PUBLIC,-1,712.9272917683787,696.4977869571782,rurumi,iaai,54650324,1,715.2575740123074,719.5583347964995,replays\episode_89752586.json,True
55215336,89751999,2026-08-03T16:19:29.208600400Z,2026-08-03T16:20:13.206486Z,COMPLETED,EPISODE_TYPE_PUBLIC,-1,728.0907012940158,712.9272917683787,rurumi,OzanM.,54958568,1,767.6833366311159,771.4225817578772,replays\episode_89751999.json,True
55215336,89751448,2026-08-03T16:15:29.474735500Z,2026-08-03T16:16:03.673974Z,COMPLETED,EPISODE_TYPE_PUBLIC,1,703.15521627262,728.0907012940158,rurumi,Poké Bowl,54268069,-1,789.5488417485974,783.8550284091626,replays\episode_89751448.json,True
55215336,89750833,2026-08-03T16:11:28.440258Z,2026-08-03T16:12:06.654343100Z,COMPLETED,EPISODE_TYPE_PUBLIC,-1,729.8196005336674,703.15521627262,rurumi,ubunbun18,54442996,1,646.8139317470473,652.4192837062809,replays\episode_89750833.json,True
55215336,89750204,2026-08-03T16:07:27.848705100Z,2026-08-03T16:08:04.247696400Z,COMPLETED,EPISODE_TYPE_PUBLIC,1,710.9355952669835,729.8196005336674,rurumi,Handudu,53887000,-1,670.4204732194689,666.7339307615642,replays\episode_89750204.json,True
55215336,89749665,2026-08-03T16:03:27.446494300Z,2026-08-03T16:04:10.591832200Z,COMPLETED,EPISODE_TYPE_PUBLIC,-1,733.8902073553518,710.9355952669835,rurumi,Kaiya Kawata,53948578,1,742.729421010862,746.8479953052405,replays\episode_89749665.json,True
55215336,89749086,2026-08-03T15:59:27.427084400Z,2026-08-03T16:00:04.861251800Z,COMPLETED,EPISODE_TYPE_PUBLIC,1,705.6306324656654,733.8902073553518,rurumi,Munshi-PremChand,55136772,-1,731.4124488941412,726.8110035341934,replays\episode_89749086.json,True
55215336,89748505,2026-08-03T15:55:30.028125100Z,2026-08-03T15:56:03.714997900Z,COMPLETED,EPISODE_TYPE_PUBLIC,-1,720.732154977044,705.6306324656654,rurumi,Fakble 6,54718937,1,872.5733617152486,874.8592803355374,replays\episode_89748505.json,True
55215336,89747943,2026-08-03T15:51:27.066938200Z,2026-08-03T15:52:28.618915300Z,COMPLETED,EPISODE_TYPE_PUBLIC,1,688.6998044667048,720.732154977044,rurumi,Ryota1216,54995845,-1,700.8169417521215,696.4830926458004,replays\episode_89747943.json,True
55215336,89747356,2026-08-03T15:47:27.744789400Z,2026-08-03T15:48:01.079620Z,COMPLETED,EPISODE_TYPE_PUBLIC,1,658.2189720918391,688.6998044667048,rurumi,The Fool,54520738,-1,625.1484166667256,621.4747874087997,replays\episode_89747356.json,True
55215336,89746775,2026-08-03T15:43:28.514236800Z,2026-08-03T15:44:04.266300400Z,COMPLETED,EPISODE_TYPE_PUBLIC,-1,691.9552145838364,658.2189720918391,rurumi,THE TORQUE WRENCHES,55188955,1,729.2663189365301,733.1427426583303,replays\episode_89746775.json,True
55215336,89746181,2026-08-03T15:39:28.012831200Z,2026-08-03T15:40:09.010664400Z,COMPLETED,EPISODE_TYPE_PUBLIC,1,642.9012036534797,691.9552145838364,rurumi,HIrora10,54160372,-1,674.1427008481974,669.7267175696293,replays\episode_89746181.json,True
55215336,89745586,2026-08-03T15:35:28.434221900Z,2026-08-03T15:36:07.036084900Z,COMPLETED,EPISODE_TYPE_PUBLIC,1,589.0172623949642,642.9012036534797,rurumi,Sean Jones,54813284,-1,598.6779215293888,594.646190440448,replays\episode_89745586.json,True
55215336,89745002,2026-08-03T15:31:29.954610500Z,2026-08-03T15:31:59.452228600Z,COMPLETED,EPISODE_TYPE_PUBLIC,1,542.0402938177779,589.0172623949642,rurumi,Mai iss Duniya ka papa hu papa,55155841,-1,463.2853217043353,459.5617012918453,replays\episode_89745002.json,True
55215336,89744420,2026-08-03T15:27:28.039962900Z,2026-08-03T15:28:01.453094400Z,COMPLETED,EPISODE_TYPE_PUBLIC,1,493.2047418178645,542.0402938177779,rurumi,Sushi Party,53861725,-1,375.44564458935275,372.9555904291074,replays\episode_89744420.json,True
55215336,89743826,2026-08-03T15:23:28.111142100Z,2026-08-03T15:24:01.183688900Z,COMPLETED,EPISODE_TYPE_PUBLIC,-1,574.6462273007103,493.2047418178645,rurumi,Watary0927,55123261,1,586.0375770540784,589.4896815425382,replays\episode_89743826.json,True
55215336,89743212,2026-08-03T15:19:27.695903700Z,2026-08-03T15:19:59.229922400Z,COMPLETED,EPISODE_TYPE_PUBLIC,-1,672.9140600338778,574.6462273007103,rurumi,sitne,53981306,1,665.9506168039704,669.4678730522722,replays\episode_89743212.json,True
55215336,89742629,2026-08-03T15:15:30.772150100Z,2026-08-03T15:16:02.938256400Z,COMPLETED,EPISODE_TYPE_PUBLIC,1,600,672.9140600338778,rurumi,naoki,53877251,-1,467.5940217285288,465.3610286399913,replays\episode_89742629.json,True
55215336,89742517,2026-08-03T15:14:34.900684900Z,2026-08-03T15:15:10.147299300Z,COMPLETED,EPISODE_TYPE_VALIDATION,1,,600,rurumi,rurumi,55215336,-1,,600,replays\episode_89742517.json,True
55248159,91348279,2026-08-09T14:36:04.200520100Z,2026-08-09T14:36:47.426731600Z,COMPLETED,EPISODE_TYPE_PUBLIC,1,705.6572487004463,710.3306541330049,rurumi,くりたんとたけちゃん,55380369,-1,732.6965263484342,708.2478049216999,replays\episode_91348279.json,True
55248159,91303249,2026-08-09T11:16:02.917606800Z,2026-08-09T11:16:40.208926900Z,COMPLETED,EPISODE_TYPE_PUBLIC,-1,708.9718286671824,705.6572487004463,rurumi,Castian Hans,55374116,1,783.0224942454549,790.2106234340578,replays\episode_91303249.json,True
55248159,91250729,2026-08-09T07:20:02.925129800Z,2026-08-09T07:20:44.348508800Z,COMPLETED,EPISODE_TYPE_PUBLIC,1,703.9613201279063,708.9718286671824,rurumi,PNGN,55369825,-1,744.87751737075,727.7868084275922,replays\episode_91250729.json,True
55248159,91247365,2026-08-09T07:04:05.135668Z,2026-08-09T07:05:12.654303400Z,COMPLETED,EPISODE_TYPE_PUBLIC,1,700.284196940088,703.9613201279063,rurumi,Panoptes,55214820,-1,648.5849075525043,644.907784364686,replays\episode_91247365.json,True
55248159,91247033,2026-08-09T07:04:04.694904200Z,2026-08-09T07:05:00.641396900Z,COMPLETED,EPISODE_TYPE_PUBLIC,-1,704.2944665330157,700.284196940088,rurumi,BC+,55370560,1,687.8676011763024,752.031914663146,replays\episode_91247033.json,True
55248159,91228465,2026-08-09T05:40:03.025333Z,2026-08-09T05:40:46.468312600Z,COMPLETED,EPISODE_TYPE_PUBLIC,1,700.7970656616226,704.2944665330157,rurumi,Surya Bhattiprol,55368501,-1,651.8190416805515,626.193856296269,replays\episode_91228465.json,True
55248159,91216299,2026-08-09T04:44:02.998494200Z,2026-08-09T04:44:40.411383700Z,COMPLETED,EPISODE_TYPE_PUBLIC,1,696.6478845715991,700.7970656616226,rurumi,happyunhappy,54645226,-1,675.4755466599984,671.3263655699749,replays\episode_91216299.json,True
55248159,91202925,2026-08-09T03:44:03.124156300Z,2026-08-09T03:44:38.198631100Z,COMPLETED,EPISODE_TYPE_PUBLIC,1,691.7807632830044,696.6478845715991,rurumi,watruri,55365043,-1,721.2934367739218,707.8430192153534,replays\episode_91202925.json,True
55248159,91193397,2026-08-09T03:00:03.317902500Z,2026-08-09T03:01:02.111142200Z,COMPLETED,EPISODE_TYPE_PUBLIC,1,685.7915468505323,691.7807632830044,rurumi,what is pokemon,55137085,-1,771.4828284477476,765.4936120152755,replays\episode_91193397.json,True
55248159,91167033,2026-08-09T01:00:03.327251200Z,2026-08-09T01:00:54.264397Z,COMPLETED,EPISODE_TYPE_PUBLIC,1,681.1817184478799,685.7915468505323,rurumi,CaCao_JP,55269508,-1,688.3363213038856,683.7264929012332,replays\episode_91167033.json,True
55248159,91163193,2026-08-09T00:44:02.881577400Z,2026-08-09T00:46:10.016231700Z,COMPLETED,EPISODE_TYPE_PUBLIC,-1,684.5550860813876,681.1817184478799,rurumi,keithtyser,55363373,1,692.4340045849272,786.6817656108856,replays\episode_91163193.json,True
55248159,91156350,2026-08-09T00:12:03.519285Z,2026-08-09T00:12:35.643511100Z,COMPLETED,EPISODE_TYPE_PUBLIC,-1,689.2100065574273,684.5550860813876,rurumi,kumk,55362031,1,666.9487582986553,686.9336684905003,replays\episode_91156350.json,True
55248159,91145815,2026-08-08T23:24:02.728596200Z,2026-08-08T23:24:34.805693400Z,COMPLETED,EPISODE_TYPE_PUBLIC,-1,693.4293459448779,689.2100065574273,rurumi,Shunsuke Hayashi,55230859,1,710.2019052749995,714.4212446624501,replays\episode_91145815.json,True
55248159,91145844,2026-08-08T23:24:02.778129200Z,2026-08-08T23:24:31.705011Z,COMPLETED,EPISODE_TYPE_PUBLIC,-1,696.8394700784091,693.4293459448779,rurumi,pokeca2018,55357139,1,765.6147072951269,770.625212557597,replays\episode_91145844.json,True
55248159,91135132,2026-08-08T22:36:00.098546900Z,2026-08-08T22:36:37.060542600Z,COMPLETED,EPISODE_TYPE_PUBLIC,-1,699.8491700192353,696.8394700784091,rurumi,Ivan Aleksandrov,55360591,1,794.0952876286909,804.529128756257,replays\episode_91135132.json,True
55248159,91130095,2026-08-08T22:12:00.877633900Z,2026-08-08T22:12:37.480154300Z,COMPLETED,EPISODE_TYPE_PUBLIC,1,696.5685562935575,699.8491700192353,rurumi,K MATSUI,53909352,-1,617.7701826811225,614.4895689554447,replays\episode_91130095.json,True
55248159,91088318,2026-08-08T18:59:53.929987300Z,2026-08-08T19:00:29.538676200Z,COMPLETED,EPISODE_TYPE_PUBLIC,1,691.5360824861133,696.5685562935575,rurumi,shimejimeshi,55205369,-1,723.6418894443614,718.6094156369171,replays\episode_91088318.json,True
55248159,91078627,2026-08-08T18:15:54.304706400Z,2026-08-08T18:16:50.975728600Z,COMPLETED,EPISODE_TYPE_PUBLIC,1,679.7155726493686,691.5360824861133,rurumi,213tubo,55353913,-1,1052.5421329972544,1035.2344803392564,replays\episode_91078627.json,True
55248159,91077727,2026-08-08T18:11:55.101288700Z,2026-08-08T18:12:35.684649Z,COMPLETED,EPISODE_TYPE_PUBLIC,1,674.3102556041487,679.7155726493686,rurumi,WEcoS,55315693,-1,727.8090175886539,722.3119289407869,replays\episode_91077727.json,True
55248159,91074318,2026-08-08T17:55:53.776089100Z,2026-08-08T17:56:31.095760500Z,COMPLETED,EPISODE_TYPE_PUBLIC,1,668.7805765807757,674.3102556041487,rurumi,NullPointer,54761505,-1,729.1809792451245,723.6513002217515,replays\episode_91074318.json,True
55248159,91072233,2026-08-08T17:47:53.316263900Z,2026-08-08T17:48:30.629480500Z,COMPLETED,EPISODE_TYPE_PUBLIC,-1,672.7980525620117,668.7805765807757,rurumi,k66,55357010,1,600,731.1828891832156,replays\episode_91072233.json,True
55248159,91070694,2026-08-08T17:39:53.916484200Z,2026-08-08T17:40:33.497463100Z,COMPLETED,EPISODE_TYPE_PUBLIC,-1,677.2664052490504,672.7980525620117,rurumi,Suyash Verma,55355744,1,665.4661719826174,686.595791284195,replays\episode_91070694.json,True
55248159,91036720,2026-08-08T14:59:51.425156900Z,2026-08-08T15:00:26.806655100Z,COMPLETED,EPISODE_TYPE_PUBLIC,1,672.9412854253741,677.2664052490504,rurumi,SuperNorman,54027801,-1,662.7419169591388,658.4167971354625,replays\episode_91036720.json,True
55248159,90987091,2026-08-08T11:03:43.909872200Z,2026-08-08T11:04:48.188527500Z,COMPLETED,EPISODE_TYPE_PUBLIC,-1,676.0204604138801,672.9412854253741,rurumi,Janglish,55347657,1,757.3113675115493,780.917883162501,replays\episode_90987091.json,True
55248159,90959561,2026-08-08T08:51:45.746018300Z,2026-08-08T08:52:23.772388Z,COMPLETED,EPISODE_TYPE_PUBLIC,-1,679.2036138956842,676.0204604138801,rurumi,Jay Shrivastava,55344981,1,754.2356746835158,775.1885277910685,replays\episode_90959561.json,True
55248159,90958187,2026-08-08T08:43:46.798630300Z,2026-08-08T08:44:24.221742400Z,COMPLETED,EPISODE_TYPE_PUBLIC,1,674.5922383913313,679.2036138956842,rurumi,ykhnkf,55338405,-1,684.7222597239937,676.5014450929848,replays\episode_90958187.json,True
55248159,90950725,2026-08-08T08:07:44.335988Z,2026-08-08T08:08:16.865239900Z,COMPLETED,EPISODE_TYPE_PUBLIC,-1,680.0030667515864,674.5922383913313,rurumi,auouer,54617976,1,626.2721547225927,631.6829830828478,replays\episode_90950725.json,True
55248159,90906328,2026-08-08T04:35:35.527792Z,2026-08-08T04:36:06.286146100Z,COMPLETED,EPISODE_TYPE_PUBLIC,1,676.7091139893231,680.0030667515864,rurumi,Taito Yoshimura,53979960,-1,598.8475026696925,595.5535499074292,replays\episode_90906328.json,True
55248159,90905382,2026-08-08T04:31:35.620709400Z,2026-08-08T04:32:06.203003700Z,COMPLETED,EPISODE_TYPE_PUBLIC,-1,681.3625127051386,676.7091139893231,rurumi,Michey0495,55339328,1,663.9923068949987,678.0802811520215,replays\episode_90905382.json,True
55248159,90903859,2026-08-08T04:23:35.202280900Z,2026-08-08T04:24:19.206990300Z,COMPLETED,EPISODE_TYPE_PUBLIC,-1,684.7491947723261,681.3625127051386,rurumi,JJ,55284544,1,756.1496692741297,759.5363513413172,replays\episode_90903859.json,True
55248159,90856480,2026-08-08T00:39:36.511752100Z,2026-08-08T00:40:28.404749700Z,COMPLETED,EPISODE_TYPE_PUBLIC,-1,686.227302608865,684.7491947723261,rurumi,Yopta,55335710,1,921.6503385350738,927.535467631057,replays\episode_90856480.json,True
55248159,90853770,2026-08-08T00:27:34.349246500Z,2026-08-08T00:28:19.761932Z,COMPLETED,EPISODE_TYPE_PUBLIC,-1,689.3900859673541,686.227302608865,rurumi,MtN,55336758,1,719.496759643453,807.8610538836903,replays\episode_90853770.json,True
55248159,90851616,2026-08-08T00:15:35.035670Z,2026-08-08T00:16:16.037439500Z,COMPLETED,EPISODE_TYPE_PUBLIC,1,684.186641342728,689.3900859673541,rurumi,Cherie01,55254441,-1,726.1414615146186,720.9380168899925,replays\episode_90851616.json,True
55248159,90814237,2026-08-07T21:15:07.496970Z,2026-08-07T21:15:53.615949400Z,COMPLETED,EPISODE_TYPE_PUBLIC,-1,687.7488617365411,684.186641342728,rurumi,sk1012,55332393,1,743.6180802525009,752.5082299550197,replays\episode_90814237.json,True
55248159,90809410,2026-08-07T20:51:08.809042100Z,2026-08-07T20:51:45.378513100Z,COMPLETED,EPISODE_TYPE_PUBLIC,-1,691.8851694463614,687.7488617365411,rurumi,OzanM.,55327073,1,711.6469185166238,718.7553590671987,replays\episode_90809410.json,True
55248159,90801920,2026-08-07T20:12:42.355658200Z,2026-08-07T20:13:21.296582200Z,COMPLETED,EPISODE_TYPE_PUBLIC,1,685.629694041408,691.8851694463614,rurumi,MCH,55327513,-1,789.3009141061989,778.9677742514893,replays\episode_90801920.json,True
55248159,90776829,2026-08-07T18:09:45.379974700Z,2026-08-07T18:10:32.854084Z,COMPLETED,EPISODE_TYPE_PUBLIC,1,680.4952604591623,685.629694041408,rurumi,kurikuri54,54964751,-1,718.4904223279674,713.3559887457217,replays\episode_90776829.json,True
55248159,90728107,2026-08-07T14:07:54.489500800Z,2026-08-07T14:08:35.955154500Z,COMPLETED,EPISODE_TYPE_PUBLIC,-1,686.3607509922073,680.4952604591623,rurumi,Yi-Chia Chen,55324421,1,600.7150317877782,614.1706223863849,replays\episode_90728107.json,True
55248159,90705420,2026-08-07T12:15:53.824883100Z,2026-08-07T12:16:24.906737300Z,COMPLETED,EPISODE_TYPE_PUBLIC,-1,689.8646042067883,686.3607509922073,rurumi,Hawk,55323704,1,737.3340766594348,764.4660070821357,replays\episode_90705420.json,True
55248159,90694977,2026-08-07T11:23:57.729948800Z,2026-08-07T11:24:28.669855600Z,COMPLETED,EPISODE_TYPE_PUBLIC,1,684.6263975661498,689.8646042067883,rurumi,Void_Rune,55322665,-1,751.9196795639286,719.3837131568619,replays\episode_90694977.json,True
55248159,90691241,2026-08-07T11:04:02.519403500Z,2026-08-07T11:04:51.050128400Z,COMPLETED,EPISODE_TYPE_PUBLIC,-1,686.8552674579829,684.6263975661498,rurumi,Benarg,55319972,1,846.7409811778205,850.4054405057644,replays\episode_90691241.json,True
55248159,90653769,2026-08-07T07:55:54.049654400Z,2026-08-07T07:56:26.949897800Z,COMPLETED,EPISODE_TYPE_PUBLIC,-1,692.1814932948408,686.8552674579829,rurumi,ktDAMA,55317082,1,633.4932138017,650.2122186722527,replays\episode_90653769.json,True
55248159,90649132,2026-08-07T07:31:50.577485200Z,2026-08-07T07:32:37.900066700Z,COMPLETED,EPISODE_TYPE_PUBLIC,1,688.1313947667426,692.1814932948408,rurumi,Alex,55150978,-1,660.688483057016,656.6383845289178,replays\episode_90649132.json,True
55248159,90607110,2026-08-07T03:59:43.892681600Z,2026-08-07T04:03:57.378528300Z,COMPLETED,EPISODE_TYPE_PUBLIC,-1,692.8485303536135,688.1313947667426,rurumi,SantaClaws,55313366,1,630.8207049674023,693.691224609181,replays\episode_90607110.json,True
55248159,90603452,2026-08-07T03:39:45.829058200Z,2026-08-07T03:40:16.951848200Z,COMPLETED,EPISODE_TYPE_PUBLIC,1,688.2004460112626,692.8485303536135,rurumi,Michey0495,55311314,-1,702.0848865783548,691.9157360138057,replays\episode_90603452.json,True
55248159,90579801,2026-08-07T01:39:44.417640900Z,2026-08-07T01:40:31.816650800Z,COMPLETED,EPISODE_TYPE_PUBLIC,-1,692.5816672571566,688.2004460112626,rurumi,ShiyiLIN0922,55308780,1,695.6881607843743,704.7500224567206,replays\episode_90579801.json,True
55248159,90577507,2026-08-07T01:27:44.434962900Z,2026-08-07T01:28:30.779374700Z,COMPLETED,EPISODE_TYPE_PUBLIC,1,688.5087511616798,692.5816672571566,rurumi,Ben Pepper,55309502,-1,671.1039187115631,655.5225686588649,replays\episode_90577507.json,True
55248159,90540848,2026-08-06T22:17:22.189458200Z,2026-08-06T22:17:57.483594300Z,COMPLETED,EPISODE_TYPE_PUBLIC,-1,692.46186824832,688.5087511616798,rurumi,sat0113,54712539,1,726.1096512190461,730.0627683056863,replays\episode_90540848.json,True
55248159,90504001,2026-08-06T19:05:40.015763500Z,2026-08-06T19:06:20.287008100Z,COMPLETED,EPISODE_TYPE_PUBLIC,-1,695.3701316384027,692.46186824832,rurumi,我脑子不太好,55303393,1,799.3708040454434,805.7952400637624,replays\episode_90504001.json,True
55248159,90502503,2026-08-06T18:53:42.701649900Z,2026-08-06T18:54:15.992227100Z,COMPLETED,EPISODE_TYPE_PUBLIC,-1,699.7329395115108,695.3701316384027,rurumi,Reyhan Ksatria,54030294,1,707.6074016295518,711.9702095026599,replays\episode_90502503.json,True
55248159,90458906,2026-08-06T14:46:11.695877400Z,2026-08-06T14:46:52.326562700Z,COMPLETED,EPISODE_TYPE_PUBLIC,1,697.2253389613848,699.7329395115108,rurumi,miyakokonbu,55300165,-1,565.5912241873052,549.2071314150746,replays\episode_90458906.json,True
55248159,90449831,2026-08-06T13:57:41.607995800Z,2026-08-06T14:01:40.253490900Z,COMPLETED,EPISODE_TYPE_PUBLIC,-1,700.9131768828912,697.2253389613848,rurumi,Shuhan Yang,55297547,1,749.0155849226935,756.9223813434771,replays\episode_90449831.json,True
55248159,90435955,2026-08-06T12:45:41.366351800Z,2026-08-06T12:46:20.596301500Z,COMPLETED,EPISODE_TYPE_PUBLIC,-1,704.3059052868348,700.9131768828912,rurumi,Baltsat,55297711,1,764.9957286343026,784.3923504282473,replays\episode_90435955.json,True
55248159,90421827,2026-08-06T11:29:42.710623700Z,2026-08-06T11:31:29.240899100Z,COMPLETED,EPISODE_TYPE_PUBLIC,-1,708.1352796492413,704.3059052868348,rurumi,9Hash,55272798,1,749.2097703085916,753.8813199747075,replays\episode_90421827.json,True
55248159,90383571,2026-08-06T08:05:37.155674900Z,2026-08-06T08:06:13.530921900Z,COMPLETED,EPISODE_TYPE_PUBLIC,-1,714.8051220683287,708.1352796492413,rurumi,Milcrape,54431409,1,592.9221468367285,599.591989255816,replays\episode_90383571.json,True
55248159,90347166,2026-08-06T04:49:32.803487300Z,2026-08-06T04:50:13.621604500Z,COMPLETED,EPISODE_TYPE_PUBLIC,-1,718.7049461013316,714.8051220683287,rurumi,Hongxin Su,55286765,1,751.6821430375439,761.3044510675821,replays\episode_90347166.json,True
55248159,90345795,2026-08-06T04:41:31.907898Z,2026-08-06T04:42:07.091784Z,COMPLETED,EPISODE_TYPE_PUBLIC,1,715.2799179038946,718.7049461013316,rurumi,Hack2Publish,53907820,-1,646.5259583691288,643.1009301716917,replays\episode_90345795.json,True
55248159,90336696,2026-08-06T03:53:31.762396600Z,2026-08-06T03:54:46.311580100Z,COMPLETED,EPISODE_TYPE_PUBLIC,-1,719.0129938544305,715.2799179038946,rurumi,Janglish,55287208,1,715.2671629030535,788.4811626676466,replays\episode_90336696.json,True
55248159,90311853,2026-08-06T01:36:46.302969400Z,2026-08-06T01:37:29.830067700Z,COMPLETED,EPISODE_TYPE_PUBLIC,1,714.0272370762491,719.0129938544305,rurumi,BULBUL2DAO,55284382,-1,762.4100893164075,733.7602283707423,replays\episode_90311853.json,True
55248159,90295906,2026-08-06T00:08:46.262437200Z,2026-08-06T00:09:20.892417400Z,COMPLETED,EPISODE_TYPE_PUBLIC,-1,718.4935716922481,714.0272370762491,rurumi,Konstantin Zhar,55282859,1,703.5136142147056,734.7833405765467,replays\episode_90295906.json,True
55248159,90286573,2026-08-05T23:16:47.746978100Z,2026-08-05T23:17:29.556069100Z,COMPLETED,EPISODE_TYPE_PUBLIC,-1,723.8189223141244,718.4935716922481,rurumi,SeraphicPY,54706027,1,685.5025778112041,690.6398536357952,replays\episode_90286573.json,True
55248159,90258676,2026-08-05T20:40:46.034750700Z,2026-08-05T20:41:28.852056300Z,COMPLETED,EPISODE_TYPE_PUBLIC,-1,728.2739966643816,723.8189223141244,rurumi,TFA Alliance,55266219,1,743.493919179207,749.0187180612995,replays\episode_90258676.json,True
55248159,90228025,2026-08-05T17:44:51.755505400Z,2026-08-05T17:45:44.030301500Z,COMPLETED,EPISODE_TYPE_PUBLIC,-1,733.6517810928203,728.2739966643816,rurumi,dddmd,55275650,1,690.991802474834,709.7042693404453,replays\episode_90228025.json,True
55248159,90223879,2026-08-05T17:20:53.505319100Z,2026-08-05T17:21:39.494760200Z,COMPLETED,EPISODE_TYPE_PUBLIC,-1,738.1754625071251,733.6517810928203,rurumi,nopoly1k,55160684,1,759.4647391930567,763.6075498131235,replays\episode_90223879.json,True
55248159,90184942,2026-08-05T13:40:58.286270400Z,2026-08-05T13:41:36.370092900Z,COMPLETED,EPISODE_TYPE_PUBLIC,-1,741.9040120241511,738.1754625071251,rurumi,Misha Shikhov,55271285,1,760.4550995345464,840.111274152986,replays\episode_90184942.json,True
55248159,90183677,2026-08-05T13:32:56.084304500Z,2026-08-05T13:33:35.465928800Z,COMPLETED,EPISODE_TYPE_PUBLIC,-1,745.315953298317,741.9040120241511,rurumi,Kashyapsinh gohil,55269652,1,836.0634524247914,847.6820464803734,replays\episode_90183677.json,True
55248159,90158789,2026-08-05T11:08:56.108082300Z,2026-08-05T11:09:56.456803700Z,COMPLETED,EPISODE_TYPE_PUBLIC,-1,750.340830817562,745.315953298317,rurumi,haruki nishio,54811885,1,755.3885468277439,759.7894724854486,replays\episode_90158789.json,True
55248159,90132616,2026-08-05T08:36:53.572913300Z,2026-08-05T08:37:55.577241500Z,COMPLETED,EPISODE_TYPE_PUBLIC,1,743.7636351323662,750.340830817562,rurumi,MMA,55260233,-1,814.0156858612273,805.1226729968524,replays\episode_90132616.json,True
55248159,90129901,2026-08-05T08:20:53.591245400Z,2026-08-05T08:21:30.264250100Z,COMPLETED,EPISODE_TYPE_PUBLIC,-1,748.3879042481104,743.7636351323662,rurumi,maxwell_ml,54578821,1,785.3472877675341,789.2410425290776,replays\episode_90129901.json,True
55248159,90125035,2026-08-05T07:52:53.753561600Z,2026-08-05T07:53:30.884936400Z,COMPLETED,EPISODE_TYPE_PUBLIC,-1,752.7556077984323,748.3879042481104,rurumi,roiall,55259738,1,805.9382351474086,812.9804764140026,replays\episode_90125035.json,True
55248159,90113447,2026-08-05T06:44:54.969517900Z,2026-08-05T06:45:32.981337300Z,COMPLETED,EPISODE_TYPE_PUBLIC,1,746.6338071841662,752.7556077984323,rurumi,LeeVvin,55258601,-1,780.0418084910746,769.5577649483844,replays\episode_90113447.json,True
55248159,90109289,2026-08-05T06:20:53.655295400Z,2026-08-05T06:21:28.582920600Z,COMPLETED,EPISODE_TYPE_PUBLIC,-1,753.2777123972824,746.6338071841662,rurumi,stars_w,55259206,1,693.3066922858987,713.8172801291422,replays\episode_90109289.json,True
55248159,90109551,2026-08-05T06:20:54.101127500Z,2026-08-05T06:21:28.469933400Z,COMPLETED,EPISODE_TYPE_PUBLIC,1,753.2777123972824,758.3516872911601,rurumi,KollekTCG,54658739,-1,725.0166574208821,720.9914379758641,replays\episode_90109551.json,True
55248159,90088424,2026-08-05T04:16:54.987075800Z,2026-08-05T04:17:33.500472Z,COMPLETED,EPISODE_TYPE_PUBLIC,1,746.733955596234,753.2777123972824,rurumi,Le Trong Hieu,55253904,-1,785.1450317382197,777.1065732122161,replays\episode_90088424.json,True
55248159,90078177,2026-08-05T03:16:53.829077800Z,2026-08-05T03:17:22.961137500Z,COMPLETED,EPISODE_TYPE_PUBLIC,1,742.0152368308537,746.733955596234,rurumi,pupipupi5,53874443,-1,685.2533575374837,681.6630886366871,replays\episode_90078177.json,True
55248159,90052469,2026-08-05T00:44:57.661294Z,2026-08-05T00:46:05.987063800Z,COMPLETED,EPISODE_TYPE_PUBLIC,-1,748.6106063451391,742.0152368308537,rurumi,peeta pit,55225962,1,722.0779614260857,727.6175424894974,replays\episode_90052469.json,True
55248159,90032587,2026-08-04T22:48:53.998072300Z,2026-08-04T22:49:37.355056800Z,COMPLETED,EPISODE_TYPE_PUBLIC,1,743.0830171554275,748.6106063451391,rurumi,soraemon,54368189,-1,714.9655991193581,710.9433622641125,replays\episode_90032587.json,True
55248159,90027785,2026-08-04T22:20:54.958537100Z,2026-08-04T22:21:34.218005300Z,COMPLETED,EPISODE_TYPE_PUBLIC,-1,749.5290737549216,743.0830171554275,rurumi,Ioannis M,53853779,1,742.569594300928,747.1515764636671,replays\episode_90027785.json,True
55248159,90023562,2026-08-04T21:56:53.525309900Z,2026-08-04T21:58:17.212704900Z,COMPLETED,EPISODE_TYPE_PUBLIC,-1,754.5270092067406,749.5290737549216,rurumi,Athar Ahmad,55248753,1,816.2955818278145,823.2352365292178,replays\episode_90023562.json,True
55248159,90022877,2026-08-04T21:52:55.097457400Z,2026-08-04T21:53:32.448673900Z,COMPLETED,EPISODE_TYPE_PUBLIC,-1,761.6339339219901,754.5270092067406,rurumi,Team Rocket,55156589,1,739.7420378433786,744.5680490454014,replays\episode_90022877.json,True
55248159,90022228,2026-08-04T21:48:52.952053500Z,2026-08-04T21:49:56.596589600Z,COMPLETED,EPISODE_TYPE_PUBLIC,1,754.5358264531903,761.6339339219901,rurumi,Bigree,55225092,-1,769.1336995520351,764.2453756729115,replays\episode_90022228.json,True
55248159,90021575,2026-08-04T21:44:53.795987600Z,2026-08-04T21:45:34.987663900Z,COMPLETED,EPISODE_TYPE_PUBLIC,1,749.9581596206599,754.5358264531903,rurumi,ima_AI123,55075178,-1,649.4697434664004,646.5016641077093,replays\episode_90021575.json,True
55248159,90020925,2026-08-04T21:40:55.795678100Z,2026-08-04T21:41:36.788918Z,COMPLETED,EPISODE_TYPE_PUBLIC,-1,758.3774937881068,749.9581596206599,rurumi,Reinforce Pokemons,55243454,1,705.6781871971284,713.3862080030558,replays\episode_90020925.json,True
55248159,90020256,2026-08-04T21:36:36.086631800Z,2026-08-04T21:37:46.445135500Z,COMPLETED,EPISODE_TYPE_PUBLIC,-1,767.6428709999601,758.3774937881068,rurumi,ryan panda,54980553,1,696.1431068666583,701.8161101573828,replays\episode_90020256.json,True
55248159,90020461,2026-08-04T21:36:36.431711800Z,2026-08-04T21:37:17.876360200Z,COMPLETED,EPISODE_TYPE_PUBLIC,1,759.4913019995587,767.6428709999601,rurumi,kaggle_bbgg,55233801,-1,784.8406363260743,778.6166671430399,replays\episode_90020461.json,True
55248159,90019671,2026-08-04T21:32:36.072016600Z,2026-08-04T21:33:16.416497800Z,COMPLETED,EPISODE_TYPE_PUBLIC,1,754.3567630213663,759.4913019995587,rurumi,mato,54645205,-1,655.4421893743881,652.4567526223299,replays\episode_90019671.json,True
55248159,90018965,2026-08-04T21:28:34.486939300Z,2026-08-04T21:29:07.877859900Z,COMPLETED,EPISODE_TYPE_PUBLIC,1,753.7851455529645,754.3567630213663,rurumi,Travis Trego,54707545,-1,321.63743908530967,321.30682619595876,replays\episode_90018965.json,True
55248159,90018273,2026-08-04T21:24:38.304182100Z,2026-08-04T21:25:16.558879700Z,COMPLETED,EPISODE_TYPE_PUBLIC,1,747.7231487310215,753.7851455529645,rurumi,そうめん,54993821,-1,680.1008514130783,676.6836329741518,replays\episode_90018273.json,True
55248159,90017615,2026-08-04T21:20:34.728667800Z,2026-08-04T21:21:08.683010Z,COMPLETED,EPISODE_TYPE_PUBLIC,-1,755.1032652961725,747.7231487310215,rurumi,Na Ve Ba,55246909,1,779.3858137168068,784.9273609987449,replays\episode_90017615.json,True
55248159,90016961,2026-08-04T21:16:36.253559400Z,2026-08-04T21:17:22.196483Z,COMPLETED,EPISODE_TYPE_PUBLIC,1,748.2771311175554,755.1032652961725,rurumi,Fayner Costa,55245467,-1,697.4033991836147,691.8784090375862,replays\episode_90016961.json,True
55248159,90016310,2026-08-04T21:12:36.186166200Z,2026-08-04T21:13:06.958300700Z,COMPLETED,EPISODE_TYPE_PUBLIC,-1,756.8370746383508,748.2771311175554,rurumi,Soma,54808816,1,757.9428580276842,762.3632960137962,replays\episode_90016310.json,True
55248159,90015656,2026-08-04T21:08:37.673430300Z,2026-08-04T21:09:16.048585400Z,COMPLETED,EPISODE_TYPE_PUBLIC,1,746.3111250708492,756.8370746383508,rurumi,DhanaLakshmiMalla,55248023,-1,799.9642984820847,789.4979967844378,replays\episode_90015656.json,True
55248159,90015658,2026-08-04T21:08:37.675553100Z,2026-08-04T21:09:05.959427700Z,COMPLETED,EPISODE_TYPE_PUBLIC,-1,755.661980061581,746.3111250708492,rurumi,FirstSS-Sub,54369180,1,750.729037801357,755.2388121178561,replays\episode_90015658.json,True
55248159,90014999,2026-08-04T21:04:39.354226400Z,2026-08-04T21:05:16.695096900Z,COMPLETED,EPISODE_TYPE_PUBLIC,-1,765.0288947832381,755.661980061581,rurumi,sasanatu72,54185579,1,768.9820331495895,773.3455502764002,replays\episode_90014999.json,True
55248159,90014359,2026-08-04T21:00:35.184317700Z,2026-08-04T21:01:12.507678500Z,COMPLETED,EPISODE_TYPE_PUBLIC,-1,774.8892354865023,765.0288947832381,rurumi,naoido,54428104,1,774.3797586873626,778.8099707398259,replays\episode_90014359.json,True
55248159,90013703,2026-08-04T20:56:36.183688200Z,2026-08-04T20:57:10.359231700Z,COMPLETED,EPISODE_TYPE_PUBLIC,1,763.8083783694585,774.8892354865023,rurumi,Masataka Sato,53998073,-1,786.7794783075452,781.990514312862,replays\episode_90013703.json,True
55248159,90013061,2026-08-04T20:52:36.273349700Z,2026-08-04T20:53:09.898479100Z,COMPLETED,EPISODE_TYPE_PUBLIC,1,753.0339589506108,763.8083783694585,rurumi,TomJ286991,54348299,-1,757.1415558439597,752.6640372081798,replays\episode_90013061.json,True
55248159,90012413,2026-08-04T20:48:35.466844900Z,2026-08-04T20:49:09.507493500Z,COMPLETED,EPISODE_TYPE_PUBLIC,1,740.7476055495948,753.0339589506108,rurumi,かーーき,55239216,-1,771.8657236276904,765.8243220017304,replays\episode_90012413.json,True
55248159,90011767,2026-08-04T20:44:40.837407400Z,2026-08-04T20:45:20.096950700Z,COMPLETED,EPISODE_TYPE_PUBLIC,1,728.4086495292324,740.7476055495948,rurumi,Sixth Sense,55167593,-1,747.5212603119586,742.8148670378888,replays\episode_90011767.json,True
55248159,90011118,2026-08-04T20:40:35.734832400Z,2026-08-04T20:41:20.864274900Z,COMPLETED,EPISODE_TYPE_PUBLIC,1,714.9554053560556,728.4086495292324,rurumi,Victor @ Tufa Labs,55229472,-1,746.7171469309769,741.4074603256654,replays\episode_90011118.json,True
55248159,90010458,2026-08-04T20:36:36.685322800Z,2026-08-04T20:37:14.706778200Z,COMPLETED,EPISODE_TYPE_PUBLIC,1,702.4209402482954,714.9554053560556,rurumi,Aman Sharma,54014980,-1,700.701828997937,696.3421733948379,replays\episode_90010458.json,True
55248159,90009809,2026-08-04T20:32:35.828076300Z,2026-08-04T20:33:16.642391100Z,COMPLETED,EPISODE_TYPE_PUBLIC,-1,717.55555127944,702.4209402482954,rurumi,Juan Lavieri Goiri,54218733,1,678.8394545319078,683.8403371321696,replays\episode_90009809.json,True
55248159,90009161,2026-08-04T20:28:34.968991400Z,2026-08-04T20:29:15.139596600Z,COMPLETED,EPISODE_TYPE_PUBLIC,-1,731.0310050592841,717.55555127944,rurumi,Naoki Osako,54319354,1,739.7697924641313,744.0047588531826,replays\episode_90009161.json,True
55248159,90008518,2026-08-04T20:24:35.863927700Z,2026-08-04T20:25:10.402687900Z,COMPLETED,EPISODE_TYPE_PUBLIC,1,717.4302689052465,731.0310050592841,rurumi,kings,55156082,-1,697.6457066687265,693.586655719373,replays\episode_90008518.json,True
55248159,90007852,2026-08-04T20:20:35.997447800Z,2026-08-04T20:21:19.548712800Z,COMPLETED,EPISODE_TYPE_PUBLIC,1,702.2124180338797,717.4302689052465,rurumi,majigori,54327711,-1,698.5527024380209,694.2580957436827,replays\episode_90007852.json,True
55248159,90007222,2026-08-04T20:16:35.738640Z,2026-08-04T20:17:17.967798900Z,COMPLETED,EPISODE_TYPE_PUBLIC,1,685.8887714086685,702.2124180338797,rurumi,wen murohy,54070302,-1,685.958074822383,681.6174852978103,replays\episode_90007222.json,True
55248159,90006578,2026-08-04T20:12:37.039824600Z,2026-08-04T20:13:19.527327400Z,COMPLETED,EPISODE_TYPE_PUBLIC,-1,701.3327323450807,685.8887714086685,rurumi,easonyanyan,55245831,1,730.4261151216443,736.4156378213593,replays\episode_90006578.json,True
55248159,90005914,2026-08-04T20:08:37.172724900Z,2026-08-04T20:09:17.675858Z,COMPLETED,EPISODE_TYPE_PUBLIC,-1,723.9335145870815,701.3327323450807,rurumi,Codyzzzz,53872413,1,663.6831197057332,668.9478740023193,replays\episode_90005914.json,True
55248159,90005266,2026-08-04T20:04:41.382770200Z,2026-08-04T20:05:15.328305400Z,COMPLETED,EPISODE_TYPE_PUBLIC,1,707.2362375236698,723.9335145870815,rurumi,Vicky Maan,54089466,-1,662.0125806553673,658.3724667004425,replays\episode_90005266.json,True
55248159,90004622,2026-08-04T20:00:39.233743500Z,2026-08-04T20:01:20.831987Z,COMPLETED,EPISODE_TYPE_PUBLIC,1,686.4124304624589,707.2362375236698,rurumi,Satokenize,54331843,-1,681.572631827833,677.365965587461,replays\episode_90004622.json,True
55248159,90003960,2026-08-04T19:56:35.493242Z,2026-08-04T19:57:03.958548900Z,COMPLETED,EPISODE_TYPE_PUBLIC,-1,710.3169082074188,686.4124304624589,rurumi,Aevion-Labs,54731233,1,698.1852303431035,702.6229792368391,replays\episode_90003960.json,True
55248159,90003308,2026-08-04T19:52:36.223310800Z,2026-08-04T19:53:20.707592300Z,COMPLETED,EPISODE_TYPE_PUBLIC,1,681.6708278715324,710.3169082074188,rurumi,Loss Volos,55076321,-1,721.7431459566945,716.9112949126866,replays\episode_90003308.json,True
55248159,90002715,2026-08-04T19:48:36.131762100Z,2026-08-04T19:49:17.473075600Z,COMPLETED,EPISODE_TYPE_PUBLIC,-1,704.0392319745715,681.6708278715324,rurumi,Kasasree Google,55075382,1,758.6035647115675,762.0540391119489,replays\episode_90002715.json,True
55248159,90001991,2026-08-04T19:44:38.112262800Z,2026-08-04T19:45:19.316194500Z,COMPLETED,EPISODE_TYPE_PUBLIC,-1,734.0977359969036,704.0392319745715,rurumi,PieForever,54842050,1,734.5731824493824,738.7356011300955,replays\episode_90001991.json,True
55248159,90001336,2026-08-04T19:40:38.371886300Z,2026-08-04T19:41:21.513296400Z,COMPLETED,EPISODE_TYPE_PUBLIC,-1,760.871739605843,734.0977359969036,rurumi,Manish Kumar Kumawat,55239372,1,820.0965408602871,824.6994824885757,replays\episode_90001336.json,True
55248159,90000678,2026-08-04T19:36:36.163399200Z,2026-08-04T19:37:19.468367800Z,COMPLETED,EPISODE_TYPE_PUBLIC,-1,798.9454341664493,760.871739605843,rurumi,Nobu Kimura,55156319,1,794.2225790540041,798.3679105304739,replays\episode_90000678.json,True
55248159,90000024,2026-08-04T19:32:36.263317600Z,2026-08-04T19:33:18.958910800Z,COMPLETED,EPISODE_TYPE_PUBLIC,1,759.6925127986491,798.9454341664493,rurumi,Abiram Bharathi S.A,55126529,-1,734.7430940441798,731.045844817541,replays\episode_90000024.json,True
55248159,89999380,2026-08-04T19:28:35.361307700Z,2026-08-04T19:29:12.164029900Z,COMPLETED,EPISODE_TYPE_PUBLIC,1,704.1228226625988,759.6925127986491,rurumi,Roy_Wang925,54290631,-1,736.7691299131844,732.4144220636293,replays\episode_89999380.json,True
55248159,89998727,2026-08-04T19:24:35.745066200Z,2026-08-04T19:25:14.042201400Z,COMPLETED,EPISODE_TYPE_PUBLIC,-1,775.5613981846064,704.1228226625988,rurumi,qianbao hou,54002731,1,722.420351081257,726.8852620513825,replays\episode_89998727.json,True
55248159,89998073,2026-08-04T19:20:35.158559300Z,2026-08-04T19:21:13.968918600Z,COMPLETED,EPISODE_TYPE_PUBLIC,1,686.0885715840527,775.5613981846064,rurumi,Poemcourt,53940000,-1,761.028039105826,756.465949091854,replays\episode_89998073.json,True
55248159,89997420,2026-08-04T19:16:35.099724800Z,2026-08-04T19:17:28.478149600Z,COMPLETED,EPISODE_TYPE_PUBLIC,1,608.4658703389755,686.0885715840527,rurumi,Jerryssk31,55153818,-1,581.0983967858868,577.8081611794779,replays\episode_89997420.json,True
55248159,89996782,2026-08-04T19:12:35.620019600Z,2026-08-04T19:13:39.080373500Z,COMPLETED,EPISODE_TYPE_PUBLIC,1,523.0804069812942,608.4658703389755,rurumi,Martin Stoyanov,54119230,-1,481.46893084680187,478.41276743955103,replays\episode_89996782.json,True
55248159,89996124,2026-08-04T19:08:35.602533400Z,2026-08-04T19:09:05.853044600Z,COMPLETED,EPISODE_TYPE_PUBLIC,-1,600,523.0804069812942,rurumi,Rotation Theory,55243339,1,715.489427482319,719.1965421230532,replays\episode_89996124.json,True
55248159,89996031,2026-08-04T19:07:25.228272700Z,2026-08-04T19:08:10.718526200Z,COMPLETED,EPISODE_TYPE_VALIDATION,-1,,600,rurumi,rurumi,55248159,1,,600,replays\episode_89996031.json,True
55382930,91359759,2026-08-09T15:24:21.522633700Z,2026-08-09T15:24:47.989103Z,COMPLETED,EPISODE_TYPE_VALIDATION,,,,rurumi,rurumi,55382930,,,,replays\episode_91359759.json,True
55383153,91496698,2026-08-10T01:32:06.081769700Z,2026-08-10T01:32:50.793190900Z,COMPLETED,EPISODE_TYPE_PUBLIC,-1,751.3516811883638,745.1287406213023,rurumi,Sushanth Tiruvaipati,55393136,1,744.9206660266917,783.9359210138276,replays\episode_91496698.json,True
55383153,91487753,2026-08-10T00:52:06.834269300Z,2026-08-10T00:52:56.287251300Z,COMPLETED,EPISODE_TYPE_PUBLIC,-1,757.7707089750808,751.3516811883638,rurumi,Scrafty,55391285,1,770.3744972748734,782.2777096993611,replays\episode_91487753.json,True
55383153,91474645,2026-08-09T23:56:06.197711400Z,2026-08-09T23:56:50.664880500Z,COMPLETED,EPISODE_TYPE_PUBLIC,1,749.4852417241826,757.7707089750808,rurumi,Akio Furutsuka,55391129,-1,817.2472324038022,787.4642693178694,replays\episode_91474645.json,True
55383153,91470356,2026-08-09T23:36:06.594881900Z,2026-08-09T23:36:44.583896300Z,COMPLETED,EPISODE_TYPE_PUBLIC,1,742.4297319184617,749.4852417241826,rurumi,史永刚,54184430,-1,735.7175450796677,731.3697883583898,replays\episode_91470356.json,True
55383153,91462167,2026-08-09T23:00:06.077834500Z,2026-08-09T23:00:54.215733Z,COMPLETED,EPISODE_TYPE_PUBLIC,1,732.8722838368992,742.4297319184617,rurumi,Algorithm Supernova,55385481,-1,809.5431919256989,800.8538419975749,replays\episode_91462167.json,True
55383153,91459482,2026-08-09T22:48:06.210608800Z,2026-08-09T22:48:43.260632600Z,COMPLETED,EPISODE_TYPE_PUBLIC,1,723.4416235945723,732.8722838368992,rurumi,watruri,55365046,-1,784.7323992010981,778.2723855169708,replays\episode_91459482.json,True
55383153,91454155,2026-08-09T22:24:06.499330300Z,2026-08-09T22:24:42.211470800Z,COMPLETED,EPISODE_TYPE_PUBLIC,1,716.3186380090418,723.4416235945723,rurumi,zuoyinhan,55303498,-1,689.1113752213722,685.0932484404789,replays\episode_91454155.json,True
55383153,91449640,2026-08-09T22:04:06.383620100Z,2026-08-09T22:04:44.116185Z,COMPLETED,EPISODE_TYPE_PUBLIC,1,710.8499067911471,716.3186380090418,rurumi,monicrew,55325165,-1,614.0043894440387,610.825071868693,replays\episode_91449640.json,True
55383153,91444171,2026-08-09T21:40:06.491407Z,2026-08-09T21:42:54.495718200Z,COMPLETED,EPISODE_TYPE_PUBLIC,1,700.2483137441145,710.8499067911471,rurumi,Hosuke 火車阿羅漢@MUK,55385574,-1,774.5756664066464,765.1688903324626,replays\episode_91444171.json,True
55383153,91436072,2026-08-09T21:04:08.344617500Z,2026-08-09T21:04:37.342896100Z,COMPLETED,EPISODE_TYPE_PUBLIC,-1,708.3619568403376,700.2483137441145,rurumi,kaito yama,54523235,1,724.137739815949,728.3256809310743,replays\episode_91436072.json,True
55383153,91429581,2026-08-09T20:36:06.609124100Z,2026-08-09T20:41:00.636075800Z,COMPLETED,EPISODE_TYPE_PUBLIC,1,697.4503019450531,708.3619568403376,rurumi,Coşkun Bağrıaçık,55387419,-1,763.9155757127663,751.1183223720075,replays\episode_91429581.json,True
55383153,91426091,2026-08-09T20:20:06.918649400Z,2026-08-09T20:20:41.319603800Z,COMPLETED,EPISODE_TYPE_PUBLIC,1,689.6222914844088,697.4503019450531,rurumi,にゅーおじ,54527202,-1,647.7211011805645,643.9385014099374,replays\episode_91426091.json,True
55383153,91415213,2026-08-09T19:32:04.978871400Z,2026-08-09T19:32:49.614633700Z,COMPLETED,EPISODE_TYPE_PUBLIC,-1,697.6891995724802,689.6222914844088,rurumi,mmwstudy,55386356,1,735.724160297293,745.1902649422289,replays\episode_91415213.json,True
55383153,91409068,2026-08-09T19:04:04.432861800Z,2026-08-09T19:04:41.424653800Z,COMPLETED,EPISODE_TYPE_PUBLIC,-1,708.9978484255961,697.6891995724802,rurumi,surugawannoebi,54434404,1,667.9575354820897,673.0544420208257,replays\episode_91409068.json,True
55383153,91406233,2026-08-09T18:52:06.777094800Z,2026-08-09T18:52:47.108095100Z,COMPLETED,EPISODE_TYPE_PUBLIC,1,697.4470142314768,708.9978484255961,rurumi,tarakobasuta,54844720,-1,733.38595466,728.3812657850484,replays\episode_91406233.json,True
55383153,91401861,2026-08-09T18:32:05.389868500Z,2026-08-09T18:32:37.409188700Z,COMPLETED,EPISODE_TYPE_PUBLIC,1,694.2280674486688,697.4470142314768,rurumi,GaveduAi,54538308,-1,447.21410527906414,445.8470022738258,replays\episode_91401861.json,True
55383153,91392828,2026-08-09T17:52:04.897125300Z,2026-08-09T17:52:45.603978700Z,COMPLETED,EPISODE_TYPE_PUBLIC,-1,703.8180082907874,694.2280674486688,rurumi,xudonglaoxian,55297140,1,735.3223517037959,739.2452904755024,replays\episode_91392828.json,True
55383153,91384676,2026-08-09T17:16:04.572955800Z,2026-08-09T17:16:42.900737400Z,COMPLETED,EPISODE_TYPE_PUBLIC,-1,715.3322000596913,703.8180082907874,rurumi,prime,54066983,1,708.175699986514,712.6938280102783,replays\episode_91384676.json,True
55383153,91383717,2026-08-09T17:12:06.010513Z,2026-08-09T17:12:48.889163300Z,COMPLETED,EPISODE_TYPE_PUBLIC,-1,725.4566790957304,715.3322000596913,rurumi,L-WALID,55151910,1,763.4959826180063,767.3126714583096,replays\episode_91383717.json,True
55383153,91382812,2026-08-09T17:08:04.278058600Z,2026-08-09T17:08:55.115815Z,COMPLETED,EPISODE_TYPE_PUBLIC,-1,736.260997920452,725.4566790957304,rurumi,niyo,54878335,1,768.0693964008766,771.9740302026279,replays\episode_91382812.json,True
55383153,91381864,2026-08-09T17:04:04.553685700Z,2026-08-09T17:05:01.909850900Z,COMPLETED,EPISODE_TYPE_PUBLIC,1,722.0874394698977,736.260997920452,rurumi,bonsai,55384332,-1,777.3753214107564,745.0491163532722,replays\episode_91381864.json,True
55383153,91381946,2026-08-09T17:04:04.689131400Z,2026-08-09T17:04:40.211237800Z,COMPLETED,EPISODE_TYPE_PUBLIC,-1,735.152855117527,722.0874394698977,rurumi,新木,54970980,1,739.732319275602,744.0390593363952,replays\episode_91381946.json,True
55383153,91380985,2026-08-09T17:00:04.289970900Z,2026-08-09T17:00:42.989462300Z,COMPLETED,EPISODE_TYPE_PUBLIC,-1,750.5254307939919,735.152855117527,rurumi,secchanu,54682595,1,723.105237424878,727.9098635477653,replays\episode_91380985.json,True
55383153,91380066,2026-08-09T16:56:04.394277800Z,2026-08-09T16:56:56.473554600Z,COMPLETED,EPISODE_TYPE_PUBLIC,-1,765.5053689367707,750.5254307939919,rurumi,ZZDirty,54981905,1,760.6637274194586,765.0987169586626,replays\episode_91380066.json,True
55383153,91379135,2026-08-09T16:52:06.100295800Z,2026-08-09T16:52:39.827403300Z,COMPLETED,EPISODE_TYPE_PUBLIC,1,751.3606845178775,765.5053689367707,rurumi,Shree85,55335525,-1,726.221791785617,721.9962292544385,replays\episode_91379135.json,True
55383153,91378232,2026-08-09T16:48:04.381632400Z,2026-08-09T16:48:37.663853100Z,COMPLETED,EPISODE_TYPE_PUBLIC,-1,763.0783439134591,751.3606845178775,rurumi,DarkLayer,55226257,1,848.1347906466167,851.2583356557626,replays\episode_91378232.json,True
55383153,91377310,2026-08-09T16:44:08.601067300Z,2026-08-09T16:44:39.483798600Z,COMPLETED,EPISODE_TYPE_PUBLIC,-1,782.987679433458,763.0783439134591,rurumi,ShoheiSaito,55302454,1,742.4617306360068,747.4249665117208,replays\episode_91377310.json,True
55383153,91376269,2026-08-09T16:40:04.354327700Z,2026-08-09T16:40:42.782045500Z,COMPLETED,EPISODE_TYPE_PUBLIC,-1,808.0179344033623,782.987679433458,rurumi,Wobbuffet,55361851,1,714.8685823204825,722.6146496417837,replays\episode_91376269.json,True
55383153,91375474,2026-08-09T16:36:04.279540800Z,2026-08-09T16:36:39.266959100Z,COMPLETED,EPISODE_TYPE_PUBLIC,1,791.6221010848735,808.0179344033623,rurumi,Umair Zia,54687387,-1,739.752835826501,736.2062705175201,replays\episode_91375474.json,True
55383153,91374527,2026-08-09T16:32:04.331527300Z,2026-08-09T16:32:54.331227500Z,COMPLETED,EPISODE_TYPE_PUBLIC,-1,809.4261456563961,791.6221010848735,rurumi,Mint120,55326200,1,857.4907843699193,861.0783451421198,replays\episode_91374527.json,True
55383153,91373635,2026-08-09T16:28:04.177371500Z,2026-08-09T16:28:32.642287400Z,COMPLETED,EPISODE_TYPE_PUBLIC,1,791.7405725084809,809.4261456563961,rurumi,[Deleted] 4ffa6ccc-5497-40ee-9dbf-2532eb85c676,54338364,-1,724.1709474803807,720.8582363075989,replays\episode_91373635.json,True
55383153,91372721,2026-08-09T16:24:04.054652100Z,2026-08-09T16:24:40.905248300Z,COMPLETED,EPISODE_TYPE_PUBLIC,1,767.8810680408682,791.7405725084809,rurumi,Ilan Schapira,55287424,-1,758.1267099643408,754.0330261175118,replays\episode_91372721.json,True
55383153,91371803,2026-08-09T16:20:04.120722100Z,2026-08-09T16:20:43.128475800Z,COMPLETED,EPISODE_TYPE_PUBLIC,1,766.1305185612576,767.8810680408682,rurumi,Neubor,54148706,-1,304.67056683942906,304.37488084339293,replays\episode_91371803.json,True
55383153,91370906,2026-08-09T16:16:04.252576400Z,2026-08-09T16:16:47.092142100Z,COMPLETED,EPISODE_TYPE_PUBLIC,1,737.46136386105,766.1305185612576,rurumi,CHEN CHEN,55049846,-1,749.6845256885603,745.3064077356057,replays\episode_91370906.json,True
55383153,91369987,2026-08-09T16:12:05.215508200Z,2026-08-09T16:13:45.489901700Z,COMPLETED,EPISODE_TYPE_PUBLIC,1,705.5824515212175,737.46136386105,rurumi,llAnjull,55129832,-1,718.8954200390208,714.5408328086944,replays\episode_91369987.json,True
55383153,91369041,2026-08-09T16:08:04.141412700Z,2026-08-09T16:08:41.610696800Z,COMPLETED,EPISODE_TYPE_PUBLIC,-1,747.649493768157,705.5824515212175,rurumi,Anna Wood,53796691,1,684.6215617924095,689.6469205955187,replays\episode_91369041.json,True
55383153,91368099,2026-08-09T16:04:04.302078800Z,2026-08-09T16:04:40.755530500Z,COMPLETED,EPISODE_TYPE_PUBLIC,1,706.9073370571341,747.649493768157,rurumi,kosuke-shimizu,53933438,-1,718.9955198159361,714.7703870661094,replays\episode_91368099.json,True
55383153,91367208,2026-08-09T16:00:04.437179Z,2026-08-09T16:00:34.701288300Z,COMPLETED,EPISODE_TYPE_PUBLIC,1,671.7554229145003,706.9073370571341,rurumi,trisector,53758699,-1,604.8781169596725,601.7073606746336,replays\episode_91367208.json,True
55383153,91365385,2026-08-09T15:52:05.220173100Z,2026-08-09T15:57:06.113357500Z,COMPLETED,EPISODE_TYPE_PUBLIC,1,620.1619497978159,671.7554229145003,rurumi,Pech1,54788122,-1,617.7972857574478,613.9131168514161,replays\episode_91365385.json,True
55383153,91366292,2026-08-09T15:56:04.177925500Z,2026-08-09T15:56:32.141520600Z,COMPLETED,EPISODE_TYPE_PUBLIC,1,543.6112731581638,620.1619497978159,rurumi,Bastian Schmidt2026,54868507,-1,610.8074747167063,606.1933809438995,replays\episode_91366292.json,True
55383153,91364471,2026-08-09T15:48:04.276532100Z,2026-08-09T15:48:45.472770Z,COMPLETED,EPISODE_TYPE_PUBLIC,1,478.17183311059875,543.6112731581638,rurumi,IntelligentApe,55383336,-1,516.0357416538159,422.8134800251825,replays\episode_91364471.json,True
55383153,91363588,2026-08-09T15:44:04.036841200Z,2026-08-09T15:44:42.705962100Z,COMPLETED,EPISODE_TYPE_PUBLIC,1,380.59814440635125,478.17183311059875,rurumi,Xyrhen,54871507,-1,433.4354035850845,429.29949463481796,replays\episode_91363588.json,True
55383153,91362698,2026-08-09T15:40:04.358759600Z,2026-08-09T15:40:36.880920800Z,COMPLETED,EPISODE_TYPE_PUBLIC,-1,483.0304844909816,380.59814440635125,rurumi,Koikoiiinami,54968106,1,460.9604191109102,464.62673369392473,replays\episode_91362698.json,True
55383153,91361697,2026-08-09T15:36:03.925293800Z,2026-08-09T15:36:37.156021500Z,COMPLETED,EPISODE_TYPE_PUBLIC,-1,600,483.0304844909816,rurumi,CaCao_JP,55269449,1,572.7701781334613,576.352369545925,replays\episode_91361697.json,True
55383153,91361587,2026-08-09T15:33:55.009543600Z,2026-08-09T15:34:28.241313200Z,COMPLETED,EPISODE_TYPE_VALIDATION,-1,,600,rurumi,rurumi,55383153,1,,600,replays\episode_91361587.json,True
55422059,92095243,2026-08-11T20:53:50.874281200Z,2026-08-11T20:54:26.488400800Z,COMPLETED,EPISODE_TYPE_PUBLIC,-1,749.0327072384048,741.8682596419667,rurumi,Serguei Makarov,55437549,1,726.7628806324757,735.6800182161331,replays\episode_92095243.json,True
55422059,92087532,2026-08-11T20:21:50.477977Z,2026-08-11T20:26:46.836887300Z,COMPLETED,EPISODE_TYPE_PUBLIC,1,741.4031909611379,749.0327072384048,rurumi,so-ta,55417816,-1,772.0875169583289,765.8525006973858,replays\episode_92087532.json,True
55422059,92053794,2026-08-11T17:57:54.267533700Z,2026-08-11T17:58:30.627577200Z,COMPLETED,EPISODE_TYPE_PUBLIC,1,733.5405862300053,741.4031909611379,rurumi,RLAP,55436986,-1,769.2762292911774,758.4082508469907,replays\episode_92053794.json,True
55422059,92038603,2026-08-11T16:53:50.919440300Z,2026-08-11T16:54:50.768095500Z,COMPLETED,EPISODE_TYPE_PUBLIC,1,727.1121516757671,733.5405862300053,rurumi,icelemon2004,55437121,-1,709.5784867086699,687.7419513039719,replays\episode_92038603.json,True
55422059,92036672,2026-08-11T16:45:50.668085600Z,2026-08-11T16:46:45.143082200Z,COMPLETED,EPISODE_TYPE_PUBLIC,1,720.0689388834062,727.1121516757671,rurumi,那个男人,55437197,-1,731.9993675608076,696.2429461904525,replays\episode_92036672.json,True
55422059,91995669,2026-08-11T13:49:52.144509700Z,2026-08-11T13:50:49.920688900Z,COMPLETED,EPISODE_TYPE_PUBLIC,-1,724.3613901344833,720.0689388834062,rurumi,你好哇,55431663,1,857.2143340848605,862.4901047116048,replays\episode_91995669.json,True
55422059,91965363,2026-08-11T11:41:50.621207400Z,2026-08-11T11:42:31.497627300Z,COMPLETED,EPISODE_TYPE_PUBLIC,1,718.4986608538651,724.3613901344833,rurumi,cocosu3434,55431387,-1,716.1622002409396,620.938909782145,replays\episode_91965363.json,True
55422059,91954524,2026-08-11T10:53:53.984451800Z,2026-08-11T10:54:29.272712100Z,COMPLETED,EPISODE_TYPE_PUBLIC,-1,727.2306682475828,718.4986608538651,rurumi,Sirui Zeng,55424529,1,693.428564732618,703.933986941924,replays\episode_91954524.json,True
55422059,91948749,2026-08-11T10:29:50.979011Z,2026-08-11T10:30:30.040404100Z,COMPLETED,EPISODE_TYPE_PUBLIC,1,719.0645049184585,727.2306682475828,rurumi,Xiangling,55428427,-1,728.8005544840515,714.7244387981763,replays\episode_91948749.json,True
55422059,91933758,2026-08-11T09:25:51.068375Z,2026-08-11T09:26:46.145135600Z,COMPLETED,EPISODE_TYPE_PUBLIC,-1,725.9655245201287,719.0645049184585,rurumi,nsytsqdtn,55427769,1,765.6652583408952,782.4727999727804,replays\episode_91933758.json,True
55422059,91915006,2026-08-11T08:05:51.311047700Z,2026-08-11T08:06:23.927026Z,COMPLETED,EPISODE_TYPE_PUBLIC,-1,732.316472388909,725.9655245201287,rurumi,monisoi,55427078,1,763.8357343986677,829.0433614597782,replays\episode_91915006.json,True
55422059,91911574,2026-08-11T07:49:52.931223900Z,2026-08-11T07:50:28.873056600Z,COMPLETED,EPISODE_TYPE_PUBLIC,1,724.8261913681783,732.316472388909,rurumi,Soulemane ISSIFOU,55063466,-1,684.1934314185329,680.3878201046091,replays\episode_91911574.json,True
55422059,91887003,2026-08-11T06:05:51.639355700Z,2026-08-11T06:06:22.094159600Z,COMPLETED,EPISODE_TYPE_PUBLIC,-1,732.7981355927758,724.8261913681783,rurumi,Yoshihiko Suzuki,55424549,1,734.899089300605,777.3770628199695,replays\episode_91887003.json,True
55422059,91884316,2026-08-11T05:53:50.951815200Z,2026-08-11T05:54:25.297986900Z,COMPLETED,EPISODE_TYPE_PUBLIC,1,726.7355657315543,732.7981355927758,rurumi,ToGaChan,55206447,-1,623.3206127189287,620.402104535215,replays\episode_91884316.json,True
55422059,91876023,2026-08-11T05:17:51.275248900Z,2026-08-11T05:24:34.409438900Z,COMPLETED,EPISODE_TYPE_PUBLIC,-1,740.0321076067893,726.7355657315543,rurumi,mintia-3433,55325709,1,639.306989422965,645.4564953709098,replays\episode_91876023.json,True
55422059,91877004,2026-08-11T05:21:51.865540500Z,2026-08-11T05:22:31.908520100Z,COMPLETED,EPISODE_TYPE_PUBLIC,-1,752.1211387638714,740.0321076067893,rurumi,N,55035983,1,694.71843541469,700.0924725745366,replays\episode_91877004.json,True
55422059,91875085,2026-08-11T05:13:51.024341600Z,2026-08-11T05:14:30.722616400Z,COMPLETED,EPISODE_TYPE_PUBLIC,1,743.0163923834134,752.1211387638714,rurumi,Ilia Iliev,55413663,-1,711.6882009531984,705.614685978188,replays\episode_91875085.json,True
55422059,91874136,2026-08-11T05:09:50.925340700Z,2026-08-11T05:10:29.951407Z,COMPLETED,EPISODE_TYPE_PUBLIC,1,733.4586612644291,743.0163923834134,rurumi,aira666,55420242,-1,707.1291030019635,698.8541046652554,replays\episode_91874136.json,True
55422059,91873177,2026-08-11T05:05:51.628753600Z,2026-08-11T05:06:26.316667700Z,COMPLETED,EPISODE_TYPE_PUBLIC,1,722.7019926638351,733.4586612644291,rurumi,YusukeKatoPremium,53946889,-1,714.3893169152451,710.113917738222,replays\episode_91873177.json,True
55422059,91872263,2026-08-11T05:01:50.824383600Z,2026-08-11T05:02:26.386826300Z,COMPLETED,EPISODE_TYPE_PUBLIC,1,711.0094516497112,722.7019926638351,rurumi,[Deleted] efd91def-7f41-4470-ae2c-7ab43cfebfc6,54775102,-1,714.3961329935664,709.9424003042891,replays\episode_91872263.json,True
55422059,91871316,2026-08-11T04:57:50.873496700Z,2026-08-11T04:58:28.639944700Z,COMPLETED,EPISODE_TYPE_PUBLIC,-1,727.3843644547072,711.0094516497112,rurumi,hatata,55402336,1,632.4791393353858,641.6552994414868,replays\episode_91871316.json,True
55422059,91870427,2026-08-11T04:53:52.010553600Z,2026-08-11T04:54:20.308603600Z,COMPLETED,EPISODE_TYPE_PUBLIC,1,718.7949825788747,727.3843644547072,rurumi,wyztony,55248117,-1,622.5454391997513,619.549010652203,replays\episode_91870427.json,True
55422059,91869431,2026-08-11T04:49:50.757341200Z,2026-08-11T04:50:25.886882600Z,COMPLETED,EPISODE_TYPE_PUBLIC,-1,730.1759515255562,718.7949825788747,rurumi,ysowkx,55003332,1,768.7136769326065,772.5091972881157,replays\episode_91869431.json,True
55422059,91868473,2026-08-11T04:45:51.123755500Z,2026-08-11T04:46:25.392400900Z,COMPLETED,EPISODE_TYPE_PUBLIC,-1,744.3699253446828,730.1759515255562,rurumi,Aaron Samuel,55394146,1,735.1962565532025,740.9769677081068,replays\episode_91868473.json,True
55422059,91867672,2026-08-11T04:41:51.429858100Z,2026-08-11T04:42:24.325441500Z,COMPLETED,EPISODE_TYPE_PUBLIC,1,730.077771866777,744.3699253446828,rurumi,DiuDiu,55226310,-1,725.917682341082,721.6195413686213,replays\episode_91867672.json,True
55422059,91866579,2026-08-11T04:37:50.829174Z,2026-08-11T04:38:27.528571700Z,COMPLETED,EPISODE_TYPE_PUBLIC,1,712.8341238471447,730.077771866777,rurumi,FlameZywoo,55401306,-1,748.3523394530766,741.7368709476332,replays\episode_91866579.json,True
55422059,91865643,2026-08-11T04:33:50.735366400Z,2026-08-11T04:34:31.344168200Z,COMPLETED,EPISODE_TYPE_PUBLIC,-1,728.9900438084043,712.8341238471447,rurumi,ShinjiroKuroda,54464815,1,730.3327130578649,734.6527308399277,replays\episode_91865643.json,True
55422059,91864699,2026-08-11T04:29:51.749064800Z,2026-08-11T04:30:29.752836Z,COMPLETED,EPISODE_TYPE_PUBLIC,-1,748.2764011231204,728.9900438084043,rurumi,https://sunnyinspires.com/,54283339,1,716.2482078012548,721.076014854249,replays\episode_91864699.json,True
55422059,91863955,2026-08-11T04:25:51.959046800Z,2026-08-11T04:26:33.089019300Z,COMPLETED,EPISODE_TYPE_PUBLIC,1,720.3904084966348,748.2764011231204,rurumi,Mohamed Amine Aichaoui,55420682,-1,855.7217384228406,843.5519800823645,replays\episode_91863955.json,True
55422059,91863742,2026-08-11T04:25:51.603775400Z,2026-08-11T04:26:28.488337800Z,COMPLETED,EPISODE_TYPE_PUBLIC,-1,744.4413204236251,720.3904084966348,rurumi,Raymond Guo,54735183,1,689.6921316747495,694.839544822056,replays\episode_91863742.json,True
55422059,91862892,2026-08-11T04:21:50.965442400Z,2026-08-11T04:22:29.269237800Z,COMPLETED,EPISODE_TYPE_PUBLIC,-1,768.2515629075467,744.4413204236251,rurumi,Luminousci,55102141,1,740.3863775416022,745.0821179207544,replays\episode_91862892.json,True
55422059,91861854,2026-08-11T04:17:50.754972Z,2026-08-11T04:18:26.168962100Z,COMPLETED,EPISODE_TYPE_PUBLIC,1,741.1560523158284,768.2515629075467,rurumi,https://sunnyinspires.com/,54281675,-1,782.874008610014,777.9928064754349,replays\episode_91861854.json,True
55422059,91860926,2026-08-11T04:13:53.548702500Z,2026-08-11T04:14:42.296796200Z,COMPLETED,EPISODE_TYPE_PUBLIC,-1,775.3615173384718,741.1560523158284,rurumi,Cascade Matrix,55388609,1,688.3545886013599,694.5284775444673,replays\episode_91860926.json,True
55422059,91859979,2026-08-11T04:09:50.615842900Z,2026-08-11T04:10:33.118269400Z,COMPLETED,EPISODE_TYPE_PUBLIC,-1,809.3447889579891,775.3615173384718,rurumi,qliqian,55340280,1,758.7716822432961,763.703916757994,replays\episode_91859979.json,True
55422059,91859044,2026-08-11T04:05:50.956108800Z,2026-08-11T04:07:09.215017500Z,COMPLETED,EPISODE_TYPE_PUBLIC,-1,846.2760877979309,809.3447889579891,rurumi,Tsubasa,55420121,1,800.4196642403712,809.4886384543498,replays\episode_91859044.json,True
55422059,91858109,2026-08-11T04:01:51.382483100Z,2026-08-11T04:06:14.839388500Z,COMPLETED,EPISODE_TYPE_PUBLIC,1,816.3217706772544,846.2760877979309,rurumi,KKasai,55420543,-1,769.5219981337466,761.1879796622118,replays\episode_91858109.json,True
55422059,91857177,2026-08-11T03:57:51.915136100Z,2026-08-11T03:58:25.175065600Z,COMPLETED,EPISODE_TYPE_PUBLIC,1,772.8829146047469,816.3217706772544,rurumi,very kaggle,55400721,-1,793.0058862600434,787.5750191763378,replays\episode_91857177.json,True
55422059,91856429,2026-08-11T03:53:51.239748200Z,2026-08-11T03:54:47.609207300Z,COMPLETED,EPISODE_TYPE_PUBLIC,-1,825.8511315038921,772.8829146047469,rurumi,Gregers Rygg,55281815,1,792.4019859979782,796.8020602173044,replays\episode_91856429.json,True
55422059,91855309,2026-08-11T03:49:50.392800500Z,2026-08-11T03:50:25.202916100Z,COMPLETED,EPISODE_TYPE_PUBLIC,1,802.6522152373145,825.8511315038921,rurumi,_vasu_.063,53980125,-1,592.0336484761365,590.3189714694148,replays\episode_91855309.json,True
55422059,91854363,2026-08-11T03:45:51.018232900Z,2026-08-11T03:46:29.745564100Z,COMPLETED,EPISODE_TYPE_PUBLIC,1,763.106760740635,802.6522152373145,rurumi,Wisdom Dogah,53934364,-1,638.7806012934242,636.3090103873817,replays\episode_91854363.json,True
55422059,91853433,2026-08-11T03:41:50.647696900Z,2026-08-11T03:42:20.303175700Z,COMPLETED,EPISODE_TYPE_PUBLIC,1,680.3828245714323,763.106760740635,rurumi,Soma,54808816,-1,726.4619062524862,722.2439323999462,replays\episode_91853433.json,True
55422059,91852501,2026-08-11T03:37:50.847571100Z,2026-08-11T03:39:10.757033100Z,COMPLETED,EPISODE_TYPE_PUBLIC,1,579.851331306086,680.3828245714323,rurumi,pokecard_kaggle,55090785,-1,643.9801266311315,639.7188436120987,replays\episode_91852501.json,True
55422059,91851576,2026-08-11T03:33:50.538356800Z,2026-08-11T03:34:29.252057900Z,COMPLETED,EPISODE_TYPE_PUBLIC,1,494.72426712415955,579.851331306086,rurumi,ろーずいんてり,54877865,-1,452.10631860326833,449.05940396125635,replays\episode_91851576.json,True
55422059,91850626,2026-08-11T03:29:50.406808Z,2026-08-11T03:30:20.456783900Z,COMPLETED,EPISODE_TYPE_PUBLIC,-1,600,494.72426712415955,rurumi,Raki,54807266,1,612.0002864264566,615.2243557457792,replays\episode_91850626.json,True
55422059,91850530,2026-08-11T03:27:28.743214400Z,2026-08-11T03:27:59.011077400Z,COMPLETED,EPISODE_TYPE_VALIDATION,-1,,600,rurumi,rurumi,55422059,1,,600,replays\episode_91850530.json,True
