candidate_archetype,exact_deck_hash,opponent_archetype,aggregation_method,unit_key,raw_games,raw_wins,raw_losses,raw_draws,raw_result_rate,included_games,aggregated_units,unit_games_min,unit_games_median,unit_games_max,max_unit_game_share,result_rate,method_envelope_min,method_envelope_max,method_envelope_width,loo_date_min,loo_date_max,loo_team_min,loo_team_max,loo_opponent_team_min,loo_opponent_team_max,loo_team_pair_min,loo_team_pair_max,ranking_stability,cell_evidence_status
alakazam_psychic,4414e8995e50c7a00d4b6aa7d9229f63c1dff5261643ec7cd86c4e329113ed69,marnie_grimmsnarl,EPISODE_RAW,episode_id+player_index,62,29,33,0,0.46774194,62,62,1,1.00000000,1,0.01612903,0.46774194,0.46774194,0.67670455,0.20896261,0.42857143,0.55263158,0.37500000,0.63636364,0.39024390,0.65217391,0.40425532,0.60714286,SENSITIVE,OBSERVED_ADEQUATE
alakazam_psychic,4414e8995e50c7a00d4b6aa7d9229f63c1dff5261643ec7cd86c4e329113ed69,marnie_grimmsnarl,TEAM_PAIR_DAY_EQUAL,date+team_id+opponent_team_id+deck_hash+opponent_deck_hash,62,29,33,0,0.46774194,62,9,1,6.00000000,24,0.38709677,0.59691358,0.46774194,0.67670455,0.20896261,0.54652778,0.64027778,0.39583333,0.75777778,0.54652778,0.77777778,0.54652778,0.71481481,SENSITIVE,OBSERVED_ADEQUATE
alakazam_psychic,4414e8995e50c7a00d4b6aa7d9229f63c1dff5261643ec7cd86c4e329113ed69,marnie_grimmsnarl,TEAM_PAIR_DAY_LEGACY_THREE_KEY,date+team_id+opponent_team_id,62,29,33,0,0.46774194,62,9,1,6.00000000,24,0.38709677,0.59691358,0.46774194,0.67670455,0.20896261,0.54652778,0.64027778,0.39583333,0.75777778,0.54652778,0.77777778,0.54652778,0.71481481,SENSITIVE,OBSERVED_ADEQUATE
alakazam_psychic,4414e8995e50c7a00d4b6aa7d9229f63c1dff5261643ec7cd86c4e329113ed69,marnie_grimmsnarl,TEAM_PAIR_DAY_EXCLUDE_SINGLE_GAME_UNITS,date+team_id+opponent_team_id+deck_hash+opponent_deck_hash;min_games=2,62,29,33,0,0.46774194,60,7,4,6.00000000,24,0.40000000,0.48174603,0.46774194,0.67670455,0.20896261,0.42314815,0.52037037,0.39583333,0.59629630,0.37083333,0.62962963,0.39666667,0.57222222,SENSITIVE,OBSERVED_ADEQUATE
alakazam_psychic,4414e8995e50c7a00d4b6aa7d9229f63c1dff5261643ec7cd86c4e329113ed69,marnie_grimmsnarl,TEAM_PAIR_DAY_MIN_5_GAMES,date+team_id+opponent_team_id+deck_hash+opponent_deck_hash;min_games=5,62,29,33,0,0.46774194,56,6,5,6.00000000,24,0.42857143,0.52037037,0.46774194,0.67670455,0.20896261,0.45777778,0.55777778,0.44444444,0.59629630,0.41111111,0.62962963,0.43333333,0.57222222,SENSITIVE,OBSERVED_ADEQUATE
alakazam_psychic,4414e8995e50c7a00d4b6aa7d9229f63c1dff5261643ec7cd86c4e329113ed69,marnie_grimmsnarl,EXACT_PAIR_DAY_EPISODE_WITHIN,date+deck_hash+opponent_deck_hash,62,29,33,0,0.46774194,62,6,1,8.50000000,24,0.38709677,0.57228535,0.46774194,0.67670455,0.20896261,0.48674242,0.63674242,0.39583333,0.70833333,0.48674242,0.79861111,0.48674242,0.69895833,SENSITIVE,OBSERVED_ADEQUATE
alakazam_psychic,4414e8995e50c7a00d4b6aa7d9229f63c1dff5261643ec7cd86c4e329113ed69,marnie_grimmsnarl,EXACT_PAIR_DAY_TEAM_PAIR_WITHIN,date+deck_hash+opponent_deck_hash;team_pair_day_within,62,29,33,0,0.46774194,62,6,1,8.50000000,24,0.38709677,0.59197531,0.46774194,0.67670455,0.20896261,0.51037037,0.66037037,0.39583333,0.75277778,0.51037037,0.83950617,0.51037037,0.72962963,SENSITIVE,OBSERVED_ADEQUATE
alakazam_psychic,4414e8995e50c7a00d4b6aa7d9229f63c1dff5261643ec7cd86c4e329113ed69,marnie_grimmsnarl,DATE_OUTER_EQUAL,date_outer;team_pair_day_within,62,29,33,0,0.46774194,62,6,1,8.50000000,24,0.38709677,0.59197531,0.46774194,0.67670455,0.20896261,0.51037037,0.66037037,0.39583333,0.75277778,0.51037037,0.83950617,0.51037037,0.72962963,SENSITIVE,OBSERVED_ADEQUATE
alakazam_psychic,4414e8995e50c7a00d4b6aa7d9229f63c1dff5261643ec7cd86c4e329113ed69,marnie_grimmsnarl,EXACT_PAIR_OUTER_EQUAL,deck_hash+opponent_deck_hash_outer;date_within,62,29,33,0,0.46774194,62,2,6,31.00000000,56,0.90322581,0.67670455,0.46774194,0.67670455,0.20896261,0.52007576,0.71046402,0.39583333,0.75000000,0.60757576,0.80729167,0.52186147,0.74375000,SENSITIVE,OBSERVED_ADEQUATE
alakazam_psychic,4414e8995e50c7a00d4b6aa7d9229f63c1dff5261643ec7cd86c4e329113ed69,alakazam_psychic,EPISODE_RAW,episode_id+player_index,10,5,5,0,0.50000000,10,10,1,1.00000000,1,0.10000000,0.50000000,0.50000000,0.50000000,0.00000000,0.50000000,0.50000000,0.20000000,0.80000000,0.20000000,0.80000000,0.20000000,0.80000000,SENSITIVE,OBSERVED_LOW_SAMPLE
alakazam_psychic,4414e8995e50c7a00d4b6aa7d9229f63c1dff5261643ec7cd86c4e329113ed69,alakazam_psychic,TEAM_PAIR_DAY_EQUAL,date+team_id+opponent_team_id+deck_hash+opponent_deck_hash,10,5,5,0,0.50000000,10,4,1,2.50000000,4,0.40000000,0.50000000,0.50000000,0.50000000,0.00000000,0.50000000,0.50000000,0.50000000,0.50000000,0.50000000,0.50000000,0.50000000,0.50000000,SENSITIVE,OBSERVED_LOW_SAMPLE
alakazam_psychic,4414e8995e50c7a00d4b6aa7d9229f63c1dff5261643ec7cd86c4e329113ed69,alakazam_psychic,TEAM_PAIR_DAY_LEGACY_THREE_KEY,date+team_id+opponent_team_id,10,5,5,0,0.50000000,10,4,1,2.50000000,4,0.40000000,0.50000000,0.50000000,0.50000000,0.00000000,0.50000000,0.50000000,0.50000000,0.50000000,0.50000000,0.50000000,0.50000000,0.50000000,SENSITIVE,OBSERVED_LOW_SAMPLE
alakazam_psychic,4414e8995e50c7a00d4b6aa7d9229f63c1dff5261643ec7cd86c4e329113ed69,alakazam_psychic,TEAM_PAIR_DAY_EXCLUDE_SINGLE_GAME_UNITS,date+team_id+opponent_team_id+deck_hash+opponent_deck_hash;min_games=2,10,5,5,0,0.50000000,8,2,4,4.00000000,4,0.50000000,0.50000000,0.50000000,0.50000000,0.00000000,0.50000000,0.50000000,0.00000000,1.00000000,0.00000000,1.00000000,0.00000000,1.00000000,SENSITIVE,OBSERVED_LOW_SAMPLE
alakazam_psychic,4414e8995e50c7a00d4b6aa7d9229f63c1dff5261643ec7cd86c4e329113ed69,alakazam_psychic,TEAM_PAIR_DAY_MIN_5_GAMES,date+team_id+opponent_team_id+deck_hash+opponent_deck_hash;min_games=5,10,5,5,0,0.50000000,0,0,,,,,,0.50000000,0.50000000,0.00000000,,,,,,,,,SENSITIVE,OBSERVED_LOW_SAMPLE
alakazam_psychic,4414e8995e50c7a00d4b6aa7d9229f63c1dff5261643ec7cd86c4e329113ed69,alakazam_psychic,EXACT_PAIR_DAY_EPISODE_WITHIN,date+deck_hash+opponent_deck_hash,10,5,5,0,0.50000000,10,2,2,5.00000000,8,0.80000000,0.50000000,0.50000000,0.50000000,0.00000000,0.50000000,0.50000000,0.50000000,0.50000000,0.50000000,0.50000000,0.50000000,0.50000000,SENSITIVE,OBSERVED_LOW_SAMPLE
alakazam_psychic,4414e8995e50c7a00d4b6aa7d9229f63c1dff5261643ec7cd86c4e329113ed69,alakazam_psychic,EXACT_PAIR_DAY_TEAM_PAIR_WITHIN,date+deck_hash+opponent_deck_hash;team_pair_day_within,10,5,5,0,0.50000000,10,2,2,5.00000000,8,0.80000000,0.50000000,0.50000000,0.50000000,0.00000000,0.50000000,0.50000000,0.50000000,0.50000000,0.50000000,0.50000000,0.50000000,0.50000000,SENSITIVE,OBSERVED_LOW_SAMPLE
alakazam_psychic,4414e8995e50c7a00d4b6aa7d9229f63c1dff5261643ec7cd86c4e329113ed69,alakazam_psychic,DATE_OUTER_EQUAL,date_outer;team_pair_day_within,10,5,5,0,0.50000000,10,2,2,5.00000000,8,0.80000000,0.50000000,0.50000000,0.50000000,0.00000000,0.50000000,0.50000000,0.50000000,0.50000000,0.50000000,0.50000000,0.50000000,0.50000000,SENSITIVE,OBSERVED_LOW_SAMPLE
alakazam_psychic,4414e8995e50c7a00d4b6aa7d9229f63c1dff5261643ec7cd86c4e329113ed69,alakazam_psychic,EXACT_PAIR_OUTER_EQUAL,deck_hash+opponent_deck_hash_outer;date_within,10,5,5,0,0.50000000,10,1,10,10.00000000,10,1.00000000,0.50000000,0.50000000,0.50000000,0.00000000,0.50000000,0.50000000,0.50000000,0.50000000,0.50000000,0.50000000,0.50000000,0.50000000,SENSITIVE,OBSERVED_LOW_SAMPLE
alakazam_psychic,4414e8995e50c7a00d4b6aa7d9229f63c1dff5261643ec7cd86c4e329113ed69,cynthia_garchomp,EPISODE_RAW,episode_id+player_index,39,26,13,0,0.66666667,39,39,1,1.00000000,1,0.02564103,0.66666667,0.66329966,0.80134680,0.13804714,0.63157895,0.71428571,0.66666667,0.66666667,0.60000000,0.88888889,0.63636364,0.71428571,STABLE_ABOVE_0_5,OBSERVED_ADEQUATE
alakazam_psychic,4414e8995e50c7a00d4b6aa7d9229f63c1dff5261643ec7cd86c4e329113ed69,cynthia_garchomp,TEAM_PAIR_DAY_EQUAL,date+team_id+opponent_team_id+deck_hash+opponent_deck_hash,39,26,13,0,0.66666667,39,5,1,6.00000000,18,0.46153846,0.79797980,0.66329966,0.80134680,0.13804714,0.74747475,0.84469697,0.79292929,0.80555556,0.71885522,0.91666667,0.74747475,0.84469697,STABLE_ABOVE_0_5,OBSERVED_ADEQUATE
alakazam_psychic,4414e8995e50c7a00d4b6aa7d9229f63c1dff5261643ec7cd86c4e329113ed69,cynthia_garchomp,TEAM_PAIR_DAY_LEGACY_THREE_KEY,date+team_id+opponent_team_id,39,26,13,0,0.66666667,39,5,1,6.00000000,18,0.46153846,0.79797980,0.66329966,0.80134680,0.13804714,0.74747475,0.84469697,0.79292929,0.80555556,0.71885522,0.91666667,0.74747475,0.84469697,STABLE_ABOVE_0_5,OBSERVED_ADEQUATE
alakazam_psychic,4414e8995e50c7a00d4b6aa7d9229f63c1dff5261643ec7cd86c4e329113ed69,cynthia_garchomp,TEAM_PAIR_DAY_EXCLUDE_SINGLE_GAME_UNITS,date+team_id+opponent_team_id+deck_hash+opponent_deck_hash;min_games=2,39,26,13,0,0.66666667,38,4,3,8.50000000,18,0.47368421,0.74747475,0.66329966,0.80134680,0.13804714,0.61111111,0.79292929,0.68939394,0.80555556,0.57828283,0.91666667,0.66329966,0.81481481,STABLE_ABOVE_0_5,OBSERVED_ADEQUATE
alakazam_psychic,4414e8995e50c7a00d4b6aa7d9229f63c1dff5261643ec7cd86c4e329113ed69,cynthia_garchomp,TEAM_PAIR_DAY_MIN_5_GAMES,date+team_id+opponent_team_id+deck_hash+opponent_deck_hash;min_games=5,39,26,13,0,0.66666667,35,3,6,11.00000000,18,0.51428571,0.66329966,0.66329966,0.80134680,0.13804714,0.61111111,0.68939394,0.61111111,0.68939394,0.57828283,0.83333333,0.57828283,0.72222222,STABLE_ABOVE_0_5,OBSERVED_ADEQUATE
alakazam_psychic,4414e8995e50c7a00d4b6aa7d9229f63c1dff5261643ec7cd86c4e329113ed69,cynthia_garchomp,EXACT_PAIR_DAY_EPISODE_WITHIN,date+deck_hash+opponent_deck_hash,39,26,13,0,0.66666667,39,3,1,18.00000000,20,0.51282051,0.77037037,0.66329966,0.80134680,0.13804714,0.65555556,0.85000000,0.80555556,0.82352941,0.71885522,0.88888889,0.75000000,0.85000000,STABLE_ABOVE_0_5,OBSERVED_ADEQUATE
alakazam_psychic,4414e8995e50c7a00d4b6aa7d9229f63c1dff5261643ec7cd86c4e329113ed69,cynthia_garchomp,EXACT_PAIR_DAY_TEAM_PAIR_WITHIN,date+deck_hash+opponent_deck_hash;team_pair_day_within,39,26,13,0,0.66666667,39,3,1,18.00000000,20,0.51282051,0.80134680,0.66329966,0.80134680,0.13804714,0.70202020,0.89646465,0.80555556,0.84469697,0.71885522,0.91666667,0.76388889,0.89646465,STABLE_ABOVE_0_5,OBSERVED_ADEQUATE
alakazam_psychic,4414e8995e50c7a00d4b6aa7d9229f63c1dff5261643ec7cd86c4e329113ed69,cynthia_garchomp,DATE_OUTER_EQUAL,date_outer;team_pair_day_within,39,26,13,0,0.66666667,39,3,1,18.00000000,20,0.51282051,0.80134680,0.66329966,0.80134680,0.13804714,0.70202020,0.89646465,0.80555556,0.84469697,0.71885522,0.91666667,0.76388889,0.89646465,STABLE_ABOVE_0_5,OBSERVED_ADEQUATE
alakazam_psychic,4414e8995e50c7a00d4b6aa7d9229f63c1dff5261643ec7cd86c4e329113ed69,cynthia_garchomp,EXACT_PAIR_OUTER_EQUAL,deck_hash+opponent_deck_hash_outer;date_within,39,26,13,0,0.66666667,39,1,39,39.00000000,39,1.00000000,0.77037037,0.66329966,0.80134680,0.13804714,0.65555556,0.85000000,0.80555556,0.82352941,0.71885522,0.88888889,0.75000000,0.85000000,STABLE_ABOVE_0_5,OBSERVED_ADEQUATE
alakazam_psychic,4414e8995e50c7a00d4b6aa7d9229f63c1dff5261643ec7cd86c4e329113ed69,rocket_mewtwo_spidops,EPISODE_RAW,,0,0,0,0,,0,0,,,,,,,,,,,,,,,,,UNOBSERVED,UNOBSERVED
alakazam_psychic,4414e8995e50c7a00d4b6aa7d9229f63c1dff5261643ec7cd86c4e329113ed69,rocket_mewtwo_spidops,TEAM_PAIR_DAY_EQUAL,,0,0,0,0,,0,0,,,,,,,,,,,,,,,,,UNOBSERVED,UNOBSERVED
alakazam_psychic,4414e8995e50c7a00d4b6aa7d9229f63c1dff5261643ec7cd86c4e329113ed69,rocket_mewtwo_spidops,TEAM_PAIR_DAY_LEGACY_THREE_KEY,,0,0,0,0,,0,0,,,,,,,,,,,,,,,,,UNOBSERVED,UNOBSERVED
alakazam_psychic,4414e8995e50c7a00d4b6aa7d9229f63c1dff5261643ec7cd86c4e329113ed69,rocket_mewtwo_spidops,TEAM_PAIR_DAY_EXCLUDE_SINGLE_GAME_UNITS,,0,0,0,0,,0,0,,,,,,,,,,,,,,,,,UNOBSERVED,UNOBSERVED
alakazam_psychic,4414e8995e50c7a00d4b6aa7d9229f63c1dff5261643ec7cd86c4e329113ed69,rocket_mewtwo_spidops,TEAM_PAIR_DAY_MIN_5_GAMES,,0,0,0,0,,0,0,,,,,,,,,,,,,,,,,UNOBSERVED,UNOBSERVED
alakazam_psychic,4414e8995e50c7a00d4b6aa7d9229f63c1dff5261643ec7cd86c4e329113ed69,rocket_mewtwo_spidops,EXACT_PAIR_DAY_EPISODE_WITHIN,,0,0,0,0,,0,0,,,,,,,,,,,,,,,,,UNOBSERVED,UNOBSERVED
alakazam_psychic,4414e8995e50c7a00d4b6aa7d9229f63c1dff5261643ec7cd86c4e329113ed69,rocket_mewtwo_spidops,EXACT_PAIR_DAY_TEAM_PAIR_WITHIN,,0,0,0,0,,0,0,,,,,,,,,,,,,,,,,UNOBSERVED,UNOBSERVED
alakazam_psychic,4414e8995e50c7a00d4b6aa7d9229f63c1dff5261643ec7cd86c4e329113ed69,rocket_mewtwo_spidops,DATE_OUTER_EQUAL,,0,0,0,0,,0,0,,,,,,,,,,,,,,,,,UNOBSERVED,UNOBSERVED
alakazam_psychic,4414e8995e50c7a00d4b6aa7d9229f63c1dff5261643ec7cd86c4e329113ed69,rocket_mewtwo_spidops,EXACT_PAIR_OUTER_EQUAL,,0,0,0,0,,0,0,,,,,,,,,,,,,,,,,UNOBSERVED,UNOBSERVED
alakazam_psychic,4414e8995e50c7a00d4b6aa7d9229f63c1dff5261643ec7cd86c4e329113ed69,kangaskhan_crustle,EPISODE_RAW,,0,0,0,0,,0,0,,,,,,,,,,,,,,,,,UNOBSERVED,UNOBSERVED
alakazam_psychic,4414e8995e50c7a00d4b6aa7d9229f63c1dff5261643ec7cd86c4e329113ed69,kangaskhan_crustle,TEAM_PAIR_DAY_EQUAL,,0,0,0,0,,0,0,,,,,,,,,,,,,,,,,UNOBSERVED,UNOBSERVED
alakazam_psychic,4414e8995e50c7a00d4b6aa7d9229f63c1dff5261643ec7cd86c4e329113ed69,kangaskhan_crustle,TEAM_PAIR_DAY_LEGACY_THREE_KEY,,0,0,0,0,,0,0,,,,,,,,,,,,,,,,,UNOBSERVED,UNOBSERVED
alakazam_psychic,4414e8995e50c7a00d4b6aa7d9229f63c1dff5261643ec7cd86c4e329113ed69,kangaskhan_crustle,TEAM_PAIR_DAY_EXCLUDE_SINGLE_GAME_UNITS,,0,0,0,0,,0,0,,,,,,,,,,,,,,,,,UNOBSERVED,UNOBSERVED
alakazam_psychic,4414e8995e50c7a00d4b6aa7d9229f63c1dff5261643ec7cd86c4e329113ed69,kangaskhan_crustle,TEAM_PAIR_DAY_MIN_5_GAMES,,0,0,0,0,,0,0,,,,,,,,,,,,,,,,,UNOBSERVED,UNOBSERVED
alakazam_psychic,4414e8995e50c7a00d4b6aa7d9229f63c1dff5261643ec7cd86c4e329113ed69,kangaskhan_crustle,EXACT_PAIR_DAY_EPISODE_WITHIN,,0,0,0,0,,0,0,,,,,,,,,,,,,,,,,UNOBSERVED,UNOBSERVED
alakazam_psychic,4414e8995e50c7a00d4b6aa7d9229f63c1dff5261643ec7cd86c4e329113ed69,kangaskhan_crustle,EXACT_PAIR_DAY_TEAM_PAIR_WITHIN,,0,0,0,0,,0,0,,,,,,,,,,,,,,,,,UNOBSERVED,UNOBSERVED
alakazam_psychic,4414e8995e50c7a00d4b6aa7d9229f63c1dff5261643ec7cd86c4e329113ed69,kangaskhan_crustle,DATE_OUTER_EQUAL,,0,0,0,0,,0,0,,,,,,,,,,,,,,,,,UNOBSERVED,UNOBSERVED
alakazam_psychic,4414e8995e50c7a00d4b6aa7d9229f63c1dff5261643ec7cd86c4e329113ed69,kangaskhan_crustle,EXACT_PAIR_OUTER_EQUAL,,0,0,0,0,,0,0,,,,,,,,,,,,,,,,,UNOBSERVED,UNOBSERVED
kangaskhan_crustle,47e017159a02045d19c8bf9e95b2d1084bfd9d8640292885b2f506fdd1cd3e05,marnie_grimmsnarl,EPISODE_RAW,,0,0,0,0,,0,0,,,,,,,,,,,,,,,,,UNOBSERVED,UNOBSERVED
kangaskhan_crustle,47e017159a02045d19c8bf9e95b2d1084bfd9d8640292885b2f506fdd1cd3e05,marnie_grimmsnarl,TEAM_PAIR_DAY_EQUAL,,0,0,0,0,,0,0,,,,,,,,,,,,,,,,,UNOBSERVED,UNOBSERVED
kangaskhan_crustle,47e017159a02045d19c8bf9e95b2d1084bfd9d8640292885b2f506fdd1cd3e05,marnie_grimmsnarl,TEAM_PAIR_DAY_LEGACY_THREE_KEY,,0,0,0,0,,0,0,,,,,,,,,,,,,,,,,UNOBSERVED,UNOBSERVED
kangaskhan_crustle,47e017159a02045d19c8bf9e95b2d1084bfd9d8640292885b2f506fdd1cd3e05,marnie_grimmsnarl,TEAM_PAIR_DAY_EXCLUDE_SINGLE_GAME_UNITS,,0,0,0,0,,0,0,,,,,,,,,,,,,,,,,UNOBSERVED,UNOBSERVED
kangaskhan_crustle,47e017159a02045d19c8bf9e95b2d1084bfd9d8640292885b2f506fdd1cd3e05,marnie_grimmsnarl,TEAM_PAIR_DAY_MIN_5_GAMES,,0,0,0,0,,0,0,,,,,,,,,,,,,,,,,UNOBSERVED,UNOBSERVED
kangaskhan_crustle,47e017159a02045d19c8bf9e95b2d1084bfd9d8640292885b2f506fdd1cd3e05,marnie_grimmsnarl,EXACT_PAIR_DAY_EPISODE_WITHIN,,0,0,0,0,,0,0,,,,,,,,,,,,,,,,,UNOBSERVED,UNOBSERVED
kangaskhan_crustle,47e017159a02045d19c8bf9e95b2d1084bfd9d8640292885b2f506fdd1cd3e05,marnie_grimmsnarl,EXACT_PAIR_DAY_TEAM_PAIR_WITHIN,,0,0,0,0,,0,0,,,,,,,,,,,,,,,,,UNOBSERVED,UNOBSERVED
kangaskhan_crustle,47e017159a02045d19c8bf9e95b2d1084bfd9d8640292885b2f506fdd1cd3e05,marnie_grimmsnarl,DATE_OUTER_EQUAL,,0,0,0,0,,0,0,,,,,,,,,,,,,,,,,UNOBSERVED,UNOBSERVED
kangaskhan_crustle,47e017159a02045d19c8bf9e95b2d1084bfd9d8640292885b2f506fdd1cd3e05,marnie_grimmsnarl,EXACT_PAIR_OUTER_EQUAL,,0,0,0,0,,0,0,,,,,,,,,,,,,,,,,UNOBSERVED,UNOBSERVED
kangaskhan_crustle,47e017159a02045d19c8bf9e95b2d1084bfd9d8640292885b2f506fdd1cd3e05,alakazam_psychic,EPISODE_RAW,,0,0,0,0,,0,0,,,,,,,,,,,,,,,,,UNOBSERVED,UNOBSERVED
kangaskhan_crustle,47e017159a02045d19c8bf9e95b2d1084bfd9d8640292885b2f506fdd1cd3e05,alakazam_psychic,TEAM_PAIR_DAY_EQUAL,,0,0,0,0,,0,0,,,,,,,,,,,,,,,,,UNOBSERVED,UNOBSERVED
kangaskhan_crustle,47e017159a02045d19c8bf9e95b2d1084bfd9d8640292885b2f506fdd1cd3e05,alakazam_psychic,TEAM_PAIR_DAY_LEGACY_THREE_KEY,,0,0,0,0,,0,0,,,,,,,,,,,,,,,,,UNOBSERVED,UNOBSERVED
kangaskhan_crustle,47e017159a02045d19c8bf9e95b2d1084bfd9d8640292885b2f506fdd1cd3e05,alakazam_psychic,TEAM_PAIR_DAY_EXCLUDE_SINGLE_GAME_UNITS,,0,0,0,0,,0,0,,,,,,,,,,,,,,,,,UNOBSERVED,UNOBSERVED
kangaskhan_crustle,47e017159a02045d19c8bf9e95b2d1084bfd9d8640292885b2f506fdd1cd3e05,alakazam_psychic,TEAM_PAIR_DAY_MIN_5_GAMES,,0,0,0,0,,0,0,,,,,,,,,,,,,,,,,UNOBSERVED,UNOBSERVED
kangaskhan_crustle,47e017159a02045d19c8bf9e95b2d1084bfd9d8640292885b2f506fdd1cd3e05,alakazam_psychic,EXACT_PAIR_DAY_EPISODE_WITHIN,,0,0,0,0,,0,0,,,,,,,,,,,,,,,,,UNOBSERVED,UNOBSERVED
kangaskhan_crustle,47e017159a02045d19c8bf9e95b2d1084bfd9d8640292885b2f506fdd1cd3e05,alakazam_psychic,EXACT_PAIR_DAY_TEAM_PAIR_WITHIN,,0,0,0,0,,0,0,,,,,,,,,,,,,,,,,UNOBSERVED,UNOBSERVED
kangaskhan_crustle,47e017159a02045d19c8bf9e95b2d1084bfd9d8640292885b2f506fdd1cd3e05,alakazam_psychic,DATE_OUTER_EQUAL,,0,0,0,0,,0,0,,,,,,,,,,,,,,,,,UNOBSERVED,UNOBSERVED
kangaskhan_crustle,47e017159a02045d19c8bf9e95b2d1084bfd9d8640292885b2f506fdd1cd3e05,alakazam_psychic,EXACT_PAIR_OUTER_EQUAL,,0,0,0,0,,0,0,,,,,,,,,,,,,,,,,UNOBSERVED,UNOBSERVED
kangaskhan_crustle,47e017159a02045d19c8bf9e95b2d1084bfd9d8640292885b2f506fdd1cd3e05,cynthia_garchomp,EPISODE_RAW,,0,0,0,0,,0,0,,,,,,,,,,,,,,,,,UNOBSERVED,UNOBSERVED
kangaskhan_crustle,47e017159a02045d19c8bf9e95b2d1084bfd9d8640292885b2f506fdd1cd3e05,cynthia_garchomp,TEAM_PAIR_DAY_EQUAL,,0,0,0,0,,0,0,,,,,,,,,,,,,,,,,UNOBSERVED,UNOBSERVED
kangaskhan_crustle,47e017159a02045d19c8bf9e95b2d1084bfd9d8640292885b2f506fdd1cd3e05,cynthia_garchomp,TEAM_PAIR_DAY_LEGACY_THREE_KEY,,0,0,0,0,,0,0,,,,,,,,,,,,,,,,,UNOBSERVED,UNOBSERVED
kangaskhan_crustle,47e017159a02045d19c8bf9e95b2d1084bfd9d8640292885b2f506fdd1cd3e05,cynthia_garchomp,TEAM_PAIR_DAY_EXCLUDE_SINGLE_GAME_UNITS,,0,0,0,0,,0,0,,,,,,,,,,,,,,,,,UNOBSERVED,UNOBSERVED
kangaskhan_crustle,47e017159a02045d19c8bf9e95b2d1084bfd9d8640292885b2f506fdd1cd3e05,cynthia_garchomp,TEAM_PAIR_DAY_MIN_5_GAMES,,0,0,0,0,,0,0,,,,,,,,,,,,,,,,,UNOBSERVED,UNOBSERVED
kangaskhan_crustle,47e017159a02045d19c8bf9e95b2d1084bfd9d8640292885b2f506fdd1cd3e05,cynthia_garchomp,EXACT_PAIR_DAY_EPISODE_WITHIN,,0,0,0,0,,0,0,,,,,,,,,,,,,,,,,UNOBSERVED,UNOBSERVED
kangaskhan_crustle,47e017159a02045d19c8bf9e95b2d1084bfd9d8640292885b2f506fdd1cd3e05,cynthia_garchomp,EXACT_PAIR_DAY_TEAM_PAIR_WITHIN,,0,0,0,0,,0,0,,,,,,,,,,,,,,,,,UNOBSERVED,UNOBSERVED
kangaskhan_crustle,47e017159a02045d19c8bf9e95b2d1084bfd9d8640292885b2f506fdd1cd3e05,cynthia_garchomp,DATE_OUTER_EQUAL,,0,0,0,0,,0,0,,,,,,,,,,,,,,,,,UNOBSERVED,UNOBSERVED
kangaskhan_crustle,47e017159a02045d19c8bf9e95b2d1084bfd9d8640292885b2f506fdd1cd3e05,cynthia_garchomp,EXACT_PAIR_OUTER_EQUAL,,0,0,0,0,,0,0,,,,,,,,,,,,,,,,,UNOBSERVED,UNOBSERVED
kangaskhan_crustle,47e017159a02045d19c8bf9e95b2d1084bfd9d8640292885b2f506fdd1cd3e05,rocket_mewtwo_spidops,EPISODE_RAW,episode_id+player_index,1,0,1,0,0.00000000,1,1,1,1.00000000,1,1.00000000,0.00000000,0.00000000,0.00000000,0.00000000,,,,,,,,,STABLE_BELOW_0_5,OBSERVED_LOW_SAMPLE
kangaskhan_crustle,47e017159a02045d19c8bf9e95b2d1084bfd9d8640292885b2f506fdd1cd3e05,rocket_mewtwo_spidops,TEAM_PAIR_DAY_EQUAL,date+team_id+opponent_team_id+deck_hash+opponent_deck_hash,1,0,1,0,0.00000000,1,1,1,1.00000000,1,1.00000000,0.00000000,0.00000000,0.00000000,0.00000000,,,,,,,,,STABLE_BELOW_0_5,OBSERVED_LOW_SAMPLE
kangaskhan_crustle,47e017159a02045d19c8bf9e95b2d1084bfd9d8640292885b2f506fdd1cd3e05,rocket_mewtwo_spidops,TEAM_PAIR_DAY_LEGACY_THREE_KEY,date+team_id+opponent_team_id,1,0,1,0,0.00000000,1,1,1,1.00000000,1,1.00000000,0.00000000,0.00000000,0.00000000,0.00000000,,,,,,,,,STABLE_BELOW_0_5,OBSERVED_LOW_SAMPLE
kangaskhan_crustle,47e017159a02045d19c8bf9e95b2d1084bfd9d8640292885b2f506fdd1cd3e05,rocket_mewtwo_spidops,TEAM_PAIR_DAY_EXCLUDE_SINGLE_GAME_UNITS,date+team_id+opponent_team_id+deck_hash+opponent_deck_hash;min_games=2,1,0,1,0,0.00000000,0,0,,,,,,0.00000000,0.00000000,0.00000000,,,,,,,,,STABLE_BELOW_0_5,OBSERVED_LOW_SAMPLE
kangaskhan_crustle,47e017159a02045d19c8bf9e95b2d1084bfd9d8640292885b2f506fdd1cd3e05,rocket_mewtwo_spidops,TEAM_PAIR_DAY_MIN_5_GAMES,date+team_id+opponent_team_id+deck_hash+opponent_deck_hash;min_games=5,1,0,1,0,0.00000000,0,0,,,,,,0.00000000,0.00000000,0.00000000,,,,,,,,,STABLE_BELOW_0_5,OBSERVED_LOW_SAMPLE
kangaskhan_crustle,47e017159a02045d19c8bf9e95b2d1084bfd9d8640292885b2f506fdd1cd3e05,rocket_mewtwo_spidops,EXACT_PAIR_DAY_EPISODE_WITHIN,date+deck_hash+opponent_deck_hash,1,0,1,0,0.00000000,1,1,1,1.00000000,1,1.00000000,0.00000000,0.00000000,0.00000000,0.00000000,,,,,,,,,STABLE_BELOW_0_5,OBSERVED_LOW_SAMPLE
kangaskhan_crustle,47e017159a02045d19c8bf9e95b2d1084bfd9d8640292885b2f506fdd1cd3e05,rocket_mewtwo_spidops,EXACT_PAIR_DAY_TEAM_PAIR_WITHIN,date+deck_hash+opponent_deck_hash;team_pair_day_within,1,0,1,0,0.00000000,1,1,1,1.00000000,1,1.00000000,0.00000000,0.00000000,0.00000000,0.00000000,,,,,,,,,STABLE_BELOW_0_5,OBSERVED_LOW_SAMPLE
kangaskhan_crustle,47e017159a02045d19c8bf9e95b2d1084bfd9d8640292885b2f506fdd1cd3e05,rocket_mewtwo_spidops,DATE_OUTER_EQUAL,date_outer;team_pair_day_within,1,0,1,0,0.00000000,1,1,1,1.00000000,1,1.00000000,0.00000000,0.00000000,0.00000000,0.00000000,,,,,,,,,STABLE_BELOW_0_5,OBSERVED_LOW_SAMPLE
kangaskhan_crustle,47e017159a02045d19c8bf9e95b2d1084bfd9d8640292885b2f506fdd1cd3e05,rocket_mewtwo_spidops,EXACT_PAIR_OUTER_EQUAL,deck_hash+opponent_deck_hash_outer;date_within,1,0,1,0,0.00000000,1,1,1,1.00000000,1,1.00000000,0.00000000,0.00000000,0.00000000,0.00000000,,,,,,,,,STABLE_BELOW_0_5,OBSERVED_LOW_SAMPLE
kangaskhan_crustle,47e017159a02045d19c8bf9e95b2d1084bfd9d8640292885b2f506fdd1cd3e05,kangaskhan_crustle,EPISODE_RAW,episode_id+player_index,1,0,1,0,0.00000000,1,1,1,1.00000000,1,1.00000000,0.00000000,0.00000000,0.00000000,0.00000000,,,,,,,,,STABLE_BELOW_0_5,OBSERVED_LOW_SAMPLE
kangaskhan_crustle,47e017159a02045d19c8bf9e95b2d1084bfd9d8640292885b2f506fdd1cd3e05,kangaskhan_crustle,TEAM_PAIR_DAY_EQUAL,date+team_id+opponent_team_id+deck_hash+opponent_deck_hash,1,0,1,0,0.00000000,1,1,1,1.00000000,1,1.00000000,0.00000000,0.00000000,0.00000000,0.00000000,,,,,,,,,STABLE_BELOW_0_5,OBSERVED_LOW_SAMPLE
kangaskhan_crustle,47e017159a02045d19c8bf9e95b2d1084bfd9d8640292885b2f506fdd1cd3e05,kangaskhan_crustle,TEAM_PAIR_DAY_LEGACY_THREE_KEY,date+team_id+opponent_team_id,1,0,1,0,0.00000000,1,1,1,1.00000000,1,1.00000000,0.00000000,0.00000000,0.00000000,0.00000000,,,,,,,,,STABLE_BELOW_0_5,OBSERVED_LOW_SAMPLE
kangaskhan_crustle,47e017159a02045d19c8bf9e95b2d1084bfd9d8640292885b2f506fdd1cd3e05,kangaskhan_crustle,TEAM_PAIR_DAY_EXCLUDE_SINGLE_GAME_UNITS,date+team_id+opponent_team_id+deck_hash+opponent_deck_hash;min_games=2,1,0,1,0,0.00000000,0,0,,,,,,0.00000000,0.00000000,0.00000000,,,,,,,,,STABLE_BELOW_0_5,OBSERVED_LOW_SAMPLE
kangaskhan_crustle,47e017159a02045d19c8bf9e95b2d1084bfd9d8640292885b2f506fdd1cd3e05,kangaskhan_crustle,TEAM_PAIR_DAY_MIN_5_GAMES,date+team_id+opponent_team_id+deck_hash+opponent_deck_hash;min_games=5,1,0,1,0,0.00000000,0,0,,,,,,0.00000000,0.00000000,0.00000000,,,,,,,,,STABLE_BELOW_0_5,OBSERVED_LOW_SAMPLE
kangaskhan_crustle,47e017159a02045d19c8bf9e95b2d1084bfd9d8640292885b2f506fdd1cd3e05,kangaskhan_crustle,EXACT_PAIR_DAY_EPISODE_WITHIN,date+deck_hash+opponent_deck_hash,1,0,1,0,0.00000000,1,1,1,1.00000000,1,1.00000000,0.00000000,0.00000000,0.00000000,0.00000000,,,,,,,,,STABLE_BELOW_0_5,OBSERVED_LOW_SAMPLE
kangaskhan_crustle,47e017159a02045d19c8bf9e95b2d1084bfd9d8640292885b2f506fdd1cd3e05,kangaskhan_crustle,EXACT_PAIR_DAY_TEAM_PAIR_WITHIN,date+deck_hash+opponent_deck_hash;team_pair_day_within,1,0,1,0,0.00000000,1,1,1,1.00000000,1,1.00000000,0.00000000,0.00000000,0.00000000,0.00000000,,,,,,,,,STABLE_BELOW_0_5,OBSERVED_LOW_SAMPLE
kangaskhan_crustle,47e017159a02045d19c8bf9e95b2d1084bfd9d8640292885b2f506fdd1cd3e05,kangaskhan_crustle,DATE_OUTER_EQUAL,date_outer;team_pair_day_within,1,0,1,0,0.00000000,1,1,1,1.00000000,1,1.00000000,0.00000000,0.00000000,0.00000000,0.00000000,,,,,,,,,STABLE_BELOW_0_5,OBSERVED_LOW_SAMPLE
kangaskhan_crustle,47e017159a02045d19c8bf9e95b2d1084bfd9d8640292885b2f506fdd1cd3e05,kangaskhan_crustle,EXACT_PAIR_OUTER_EQUAL,deck_hash+opponent_deck_hash_outer;date_within,1,0,1,0,0.00000000,1,1,1,1.00000000,1,1.00000000,0.00000000,0.00000000,0.00000000,0.00000000,,,,,,,,,STABLE_BELOW_0_5,OBSERVED_LOW_SAMPLE
kangaskhan_crustle,76b7f090c528b45acb91b4a60d6787d8004321f87a812aa92013a3224b0b5719,marnie_grimmsnarl,EPISODE_RAW,,0,0,0,0,,0,0,,,,,,,,,,,,,,,,,UNOBSERVED,UNOBSERVED
kangaskhan_crustle,76b7f090c528b45acb91b4a60d6787d8004321f87a812aa92013a3224b0b5719,marnie_grimmsnarl,TEAM_PAIR_DAY_EQUAL,,0,0,0,0,,0,0,,,,,,,,,,,,,,,,,UNOBSERVED,UNOBSERVED
kangaskhan_crustle,76b7f090c528b45acb91b4a60d6787d8004321f87a812aa92013a3224b0b5719,marnie_grimmsnarl,TEAM_PAIR_DAY_LEGACY_THREE_KEY,,0,0,0,0,,0,0,,,,,,,,,,,,,,,,,UNOBSERVED,UNOBSERVED
kangaskhan_crustle,76b7f090c528b45acb91b4a60d6787d8004321f87a812aa92013a3224b0b5719,marnie_grimmsnarl,TEAM_PAIR_DAY_EXCLUDE_SINGLE_GAME_UNITS,,0,0,0,0,,0,0,,,,,,,,,,,,,,,,,UNOBSERVED,UNOBSERVED
kangaskhan_crustle,76b7f090c528b45acb91b4a60d6787d8004321f87a812aa92013a3224b0b5719,marnie_grimmsnarl,TEAM_PAIR_DAY_MIN_5_GAMES,,0,0,0,0,,0,0,,,,,,,,,,,,,,,,,UNOBSERVED,UNOBSERVED
kangaskhan_crustle,76b7f090c528b45acb91b4a60d6787d8004321f87a812aa92013a3224b0b5719,marnie_grimmsnarl,EXACT_PAIR_DAY_EPISODE_WITHIN,,0,0,0,0,,0,0,,,,,,,,,,,,,,,,,UNOBSERVED,UNOBSERVED
kangaskhan_crustle,76b7f090c528b45acb91b4a60d6787d8004321f87a812aa92013a3224b0b5719,marnie_grimmsnarl,EXACT_PAIR_DAY_TEAM_PAIR_WITHIN,,0,0,0,0,,0,0,,,,,,,,,,,,,,,,,UNOBSERVED,UNOBSERVED
kangaskhan_crustle,76b7f090c528b45acb91b4a60d6787d8004321f87a812aa92013a3224b0b5719,marnie_grimmsnarl,DATE_OUTER_EQUAL,,0,0,0,0,,0,0,,,,,,,,,,,,,,,,,UNOBSERVED,UNOBSERVED
kangaskhan_crustle,76b7f090c528b45acb91b4a60d6787d8004321f87a812aa92013a3224b0b5719,marnie_grimmsnarl,EXACT_PAIR_OUTER_EQUAL,,0,0,0,0,,0,0,,,,,,,,,,,,,,,,,UNOBSERVED,UNOBSERVED
kangaskhan_crustle,76b7f090c528b45acb91b4a60d6787d8004321f87a812aa92013a3224b0b5719,alakazam_psychic,EPISODE_RAW,,0,0,0,0,,0,0,,,,,,,,,,,,,,,,,UNOBSERVED,UNOBSERVED
kangaskhan_crustle,76b7f090c528b45acb91b4a60d6787d8004321f87a812aa92013a3224b0b5719,alakazam_psychic,TEAM_PAIR_DAY_EQUAL,,0,0,0,0,,0,0,,,,,,,,,,,,,,,,,UNOBSERVED,UNOBSERVED
kangaskhan_crustle,76b7f090c528b45acb91b4a60d6787d8004321f87a812aa92013a3224b0b5719,alakazam_psychic,TEAM_PAIR_DAY_LEGACY_THREE_KEY,,0,0,0,0,,0,0,,,,,,,,,,,,,,,,,UNOBSERVED,UNOBSERVED
kangaskhan_crustle,76b7f090c528b45acb91b4a60d6787d8004321f87a812aa92013a3224b0b5719,alakazam_psychic,TEAM_PAIR_DAY_EXCLUDE_SINGLE_GAME_UNITS,,0,0,0,0,,0,0,,,,,,,,,,,,,,,,,UNOBSERVED,UNOBSERVED
kangaskhan_crustle,76b7f090c528b45acb91b4a60d6787d8004321f87a812aa92013a3224b0b5719,alakazam_psychic,TEAM_PAIR_DAY_MIN_5_GAMES,,0,0,0,0,,0,0,,,,,,,,,,,,,,,,,UNOBSERVED,UNOBSERVED
kangaskhan_crustle,76b7f090c528b45acb91b4a60d6787d8004321f87a812aa92013a3224b0b5719,alakazam_psychic,EXACT_PAIR_DAY_EPISODE_WITHIN,,0,0,0,0,,0,0,,,,,,,,,,,,,,,,,UNOBSERVED,UNOBSERVED
kangaskhan_crustle,76b7f090c528b45acb91b4a60d6787d8004321f87a812aa92013a3224b0b5719,alakazam_psychic,EXACT_PAIR_DAY_TEAM_PAIR_WITHIN,,0,0,0,0,,0,0,,,,,,,,,,,,,,,,,UNOBSERVED,UNOBSERVED
kangaskhan_crustle,76b7f090c528b45acb91b4a60d6787d8004321f87a812aa92013a3224b0b5719,alakazam_psychic,DATE_OUTER_EQUAL,,0,0,0,0,,0,0,,,,,,,,,,,,,,,,,UNOBSERVED,UNOBSERVED
kangaskhan_crustle,76b7f090c528b45acb91b4a60d6787d8004321f87a812aa92013a3224b0b5719,alakazam_psychic,EXACT_PAIR_OUTER_EQUAL,,0,0,0,0,,0,0,,,,,,,,,,,,,,,,,UNOBSERVED,UNOBSERVED
kangaskhan_crustle,76b7f090c528b45acb91b4a60d6787d8004321f87a812aa92013a3224b0b5719,cynthia_garchomp,EPISODE_RAW,,0,0,0,0,,0,0,,,,,,,,,,,,,,,,,UNOBSERVED,UNOBSERVED
kangaskhan_crustle,76b7f090c528b45acb91b4a60d6787d8004321f87a812aa92013a3224b0b5719,cynthia_garchomp,TEAM_PAIR_DAY_EQUAL,,0,0,0,0,,0,0,,,,,,,,,,,,,,,,,UNOBSERVED,UNOBSERVED
kangaskhan_crustle,76b7f090c528b45acb91b4a60d6787d8004321f87a812aa92013a3224b0b5719,cynthia_garchomp,TEAM_PAIR_DAY_LEGACY_THREE_KEY,,0,0,0,0,,0,0,,,,,,,,,,,,,,,,,UNOBSERVED,UNOBSERVED
kangaskhan_crustle,76b7f090c528b45acb91b4a60d6787d8004321f87a812aa92013a3224b0b5719,cynthia_garchomp,TEAM_PAIR_DAY_EXCLUDE_SINGLE_GAME_UNITS,,0,0,0,0,,0,0,,,,,,,,,,,,,,,,,UNOBSERVED,UNOBSERVED
kangaskhan_crustle,76b7f090c528b45acb91b4a60d6787d8004321f87a812aa92013a3224b0b5719,cynthia_garchomp,TEAM_PAIR_DAY_MIN_5_GAMES,,0,0,0,0,,0,0,,,,,,,,,,,,,,,,,UNOBSERVED,UNOBSERVED
kangaskhan_crustle,76b7f090c528b45acb91b4a60d6787d8004321f87a812aa92013a3224b0b5719,cynthia_garchomp,EXACT_PAIR_DAY_EPISODE_WITHIN,,0,0,0,0,,0,0,,,,,,,,,,,,,,,,,UNOBSERVED,UNOBSERVED
kangaskhan_crustle,76b7f090c528b45acb91b4a60d6787d8004321f87a812aa92013a3224b0b5719,cynthia_garchomp,EXACT_PAIR_DAY_TEAM_PAIR_WITHIN,,0,0,0,0,,0,0,,,,,,,,,,,,,,,,,UNOBSERVED,UNOBSERVED
kangaskhan_crustle,76b7f090c528b45acb91b4a60d6787d8004321f87a812aa92013a3224b0b5719,cynthia_garchomp,DATE_OUTER_EQUAL,,0,0,0,0,,0,0,,,,,,,,,,,,,,,,,UNOBSERVED,UNOBSERVED
kangaskhan_crustle,76b7f090c528b45acb91b4a60d6787d8004321f87a812aa92013a3224b0b5719,cynthia_garchomp,EXACT_PAIR_OUTER_EQUAL,,0,0,0,0,,0,0,,,,,,,,,,,,,,,,,UNOBSERVED,UNOBSERVED
kangaskhan_crustle,76b7f090c528b45acb91b4a60d6787d8004321f87a812aa92013a3224b0b5719,rocket_mewtwo_spidops,EPISODE_RAW,,0,0,0,0,,0,0,,,,,,,,,,,,,,,,,UNOBSERVED,UNOBSERVED
kangaskhan_crustle,76b7f090c528b45acb91b4a60d6787d8004321f87a812aa92013a3224b0b5719,rocket_mewtwo_spidops,TEAM_PAIR_DAY_EQUAL,,0,0,0,0,,0,0,,,,,,,,,,,,,,,,,UNOBSERVED,UNOBSERVED
kangaskhan_crustle,76b7f090c528b45acb91b4a60d6787d8004321f87a812aa92013a3224b0b5719,rocket_mewtwo_spidops,TEAM_PAIR_DAY_LEGACY_THREE_KEY,,0,0,0,0,,0,0,,,,,,,,,,,,,,,,,UNOBSERVED,UNOBSERVED
kangaskhan_crustle,76b7f090c528b45acb91b4a60d6787d8004321f87a812aa92013a3224b0b5719,rocket_mewtwo_spidops,TEAM_PAIR_DAY_EXCLUDE_SINGLE_GAME_UNITS,,0,0,0,0,,0,0,,,,,,,,,,,,,,,,,UNOBSERVED,UNOBSERVED
kangaskhan_crustle,76b7f090c528b45acb91b4a60d6787d8004321f87a812aa92013a3224b0b5719,rocket_mewtwo_spidops,TEAM_PAIR_DAY_MIN_5_GAMES,,0,0,0,0,,0,0,,,,,,,,,,,,,,,,,UNOBSERVED,UNOBSERVED
kangaskhan_crustle,76b7f090c528b45acb91b4a60d6787d8004321f87a812aa92013a3224b0b5719,rocket_mewtwo_spidops,EXACT_PAIR_DAY_EPISODE_WITHIN,,0,0,0,0,,0,0,,,,,,,,,,,,,,,,,UNOBSERVED,UNOBSERVED
kangaskhan_crustle,76b7f090c528b45acb91b4a60d6787d8004321f87a812aa92013a3224b0b5719,rocket_mewtwo_spidops,EXACT_PAIR_DAY_TEAM_PAIR_WITHIN,,0,0,0,0,,0,0,,,,,,,,,,,,,,,,,UNOBSERVED,UNOBSERVED
kangaskhan_crustle,76b7f090c528b45acb91b4a60d6787d8004321f87a812aa92013a3224b0b5719,rocket_mewtwo_spidops,DATE_OUTER_EQUAL,,0,0,0,0,,0,0,,,,,,,,,,,,,,,,,UNOBSERVED,UNOBSERVED
kangaskhan_crustle,76b7f090c528b45acb91b4a60d6787d8004321f87a812aa92013a3224b0b5719,rocket_mewtwo_spidops,EXACT_PAIR_OUTER_EQUAL,,0,0,0,0,,0,0,,,,,,,,,,,,,,,,,UNOBSERVED,UNOBSERVED
kangaskhan_crustle,76b7f090c528b45acb91b4a60d6787d8004321f87a812aa92013a3224b0b5719,kangaskhan_crustle,EPISODE_RAW,episode_id+player_index,1,1,0,0,1.00000000,1,1,1,1.00000000,1,1.00000000,1.00000000,1.00000000,1.00000000,0.00000000,,,,,,,,,STABLE_ABOVE_0_5,OBSERVED_LOW_SAMPLE
kangaskhan_crustle,76b7f090c528b45acb91b4a60d6787d8004321f87a812aa92013a3224b0b5719,kangaskhan_crustle,TEAM_PAIR_DAY_EQUAL,date+team_id+opponent_team_id+deck_hash+opponent_deck_hash,1,1,0,0,1.00000000,1,1,1,1.00000000,1,1.00000000,1.00000000,1.00000000,1.00000000,0.00000000,,,,,,,,,STABLE_ABOVE_0_5,OBSERVED_LOW_SAMPLE
kangaskhan_crustle,76b7f090c528b45acb91b4a60d6787d8004321f87a812aa92013a3224b0b5719,kangaskhan_crustle,TEAM_PAIR_DAY_LEGACY_THREE_KEY,date+team_id+opponent_team_id,1,1,0,0,1.00000000,1,1,1,1.00000000,1,1.00000000,1.00000000,1.00000000,1.00000000,0.00000000,,,,,,,,,STABLE_ABOVE_0_5,OBSERVED_LOW_SAMPLE
kangaskhan_crustle,76b7f090c528b45acb91b4a60d6787d8004321f87a812aa92013a3224b0b5719,kangaskhan_crustle,TEAM_PAIR_DAY_EXCLUDE_SINGLE_GAME_UNITS,date+team_id+opponent_team_id+deck_hash+opponent_deck_hash;min_games=2,1,1,0,0,1.00000000,0,0,,,,,,1.00000000,1.00000000,0.00000000,,,,,,,,,STABLE_ABOVE_0_5,OBSERVED_LOW_SAMPLE
kangaskhan_crustle,76b7f090c528b45acb91b4a60d6787d8004321f87a812aa92013a3224b0b5719,kangaskhan_crustle,TEAM_PAIR_DAY_MIN_5_GAMES,date+team_id+opponent_team_id+deck_hash+opponent_deck_hash;min_games=5,1,1,0,0,1.00000000,0,0,,,,,,1.00000000,1.00000000,0.00000000,,,,,,,,,STABLE_ABOVE_0_5,OBSERVED_LOW_SAMPLE
kangaskhan_crustle,76b7f090c528b45acb91b4a60d6787d8004321f87a812aa92013a3224b0b5719,kangaskhan_crustle,EXACT_PAIR_DAY_EPISODE_WITHIN,date+deck_hash+opponent_deck_hash,1,1,0,0,1.00000000,1,1,1,1.00000000,1,1.00000000,1.00000000,1.00000000,1.00000000,0.00000000,,,,,,,,,STABLE_ABOVE_0_5,OBSERVED_LOW_SAMPLE
kangaskhan_crustle,76b7f090c528b45acb91b4a60d6787d8004321f87a812aa92013a3224b0b5719,kangaskhan_crustle,EXACT_PAIR_DAY_TEAM_PAIR_WITHIN,date+deck_hash+opponent_deck_hash;team_pair_day_within,1,1,0,0,1.00000000,1,1,1,1.00000000,1,1.00000000,1.00000000,1.00000000,1.00000000,0.00000000,,,,,,,,,STABLE_ABOVE_0_5,OBSERVED_LOW_SAMPLE
kangaskhan_crustle,76b7f090c528b45acb91b4a60d6787d8004321f87a812aa92013a3224b0b5719,kangaskhan_crustle,DATE_OUTER_EQUAL,date_outer;team_pair_day_within,1,1,0,0,1.00000000,1,1,1,1.00000000,1,1.00000000,1.00000000,1.00000000,1.00000000,0.00000000,,,,,,,,,STABLE_ABOVE_0_5,OBSERVED_LOW_SAMPLE
kangaskhan_crustle,76b7f090c528b45acb91b4a60d6787d8004321f87a812aa92013a3224b0b5719,kangaskhan_crustle,EXACT_PAIR_OUTER_EQUAL,deck_hash+opponent_deck_hash_outer;date_within,1,1,0,0,1.00000000,1,1,1,1.00000000,1,1.00000000,1.00000000,1.00000000,1.00000000,0.00000000,,,,,,,,,STABLE_ABOVE_0_5,OBSERVED_LOW_SAMPLE
kangaskhan_crustle,97934924dd727dbc7acadc1f029b4ebffab8b06a2a47ab48a9193a1805c4c574,marnie_grimmsnarl,EPISODE_RAW,,0,0,0,0,,0,0,,,,,,,,,,,,,,,,,UNOBSERVED,UNOBSERVED
kangaskhan_crustle,97934924dd727dbc7acadc1f029b4ebffab8b06a2a47ab48a9193a1805c4c574,marnie_grimmsnarl,TEAM_PAIR_DAY_EQUAL,,0,0,0,0,,0,0,,,,,,,,,,,,,,,,,UNOBSERVED,UNOBSERVED
kangaskhan_crustle,97934924dd727dbc7acadc1f029b4ebffab8b06a2a47ab48a9193a1805c4c574,marnie_grimmsnarl,TEAM_PAIR_DAY_LEGACY_THREE_KEY,,0,0,0,0,,0,0,,,,,,,,,,,,,,,,,UNOBSERVED,UNOBSERVED
kangaskhan_crustle,97934924dd727dbc7acadc1f029b4ebffab8b06a2a47ab48a9193a1805c4c574,marnie_grimmsnarl,TEAM_PAIR_DAY_EXCLUDE_SINGLE_GAME_UNITS,,0,0,0,0,,0,0,,,,,,,,,,,,,,,,,UNOBSERVED,UNOBSERVED
kangaskhan_crustle,97934924dd727dbc7acadc1f029b4ebffab8b06a2a47ab48a9193a1805c4c574,marnie_grimmsnarl,TEAM_PAIR_DAY_MIN_5_GAMES,,0,0,0,0,,0,0,,,,,,,,,,,,,,,,,UNOBSERVED,UNOBSERVED
kangaskhan_crustle,97934924dd727dbc7acadc1f029b4ebffab8b06a2a47ab48a9193a1805c4c574,marnie_grimmsnarl,EXACT_PAIR_DAY_EPISODE_WITHIN,,0,0,0,0,,0,0,,,,,,,,,,,,,,,,,UNOBSERVED,UNOBSERVED
kangaskhan_crustle,97934924dd727dbc7acadc1f029b4ebffab8b06a2a47ab48a9193a1805c4c574,marnie_grimmsnarl,EXACT_PAIR_DAY_TEAM_PAIR_WITHIN,,0,0,0,0,,0,0,,,,,,,,,,,,,,,,,UNOBSERVED,UNOBSERVED
kangaskhan_crustle,97934924dd727dbc7acadc1f029b4ebffab8b06a2a47ab48a9193a1805c4c574,marnie_grimmsnarl,DATE_OUTER_EQUAL,,0,0,0,0,,0,0,,,,,,,,,,,,,,,,,UNOBSERVED,UNOBSERVED
kangaskhan_crustle,97934924dd727dbc7acadc1f029b4ebffab8b06a2a47ab48a9193a1805c4c574,marnie_grimmsnarl,EXACT_PAIR_OUTER_EQUAL,,0,0,0,0,,0,0,,,,,,,,,,,,,,,,,UNOBSERVED,UNOBSERVED
kangaskhan_crustle,97934924dd727dbc7acadc1f029b4ebffab8b06a2a47ab48a9193a1805c4c574,alakazam_psychic,EPISODE_RAW,,0,0,0,0,,0,0,,,,,,,,,,,,,,,,,UNOBSERVED,UNOBSERVED
kangaskhan_crustle,97934924dd727dbc7acadc1f029b4ebffab8b06a2a47ab48a9193a1805c4c574,alakazam_psychic,TEAM_PAIR_DAY_EQUAL,,0,0,0,0,,0,0,,,,,,,,,,,,,,,,,UNOBSERVED,UNOBSERVED
kangaskhan_crustle,97934924dd727dbc7acadc1f029b4ebffab8b06a2a47ab48a9193a1805c4c574,alakazam_psychic,TEAM_PAIR_DAY_LEGACY_THREE_KEY,,0,0,0,0,,0,0,,,,,,,,,,,,,,,,,UNOBSERVED,UNOBSERVED
kangaskhan_crustle,97934924dd727dbc7acadc1f029b4ebffab8b06a2a47ab48a9193a1805c4c574,alakazam_psychic,TEAM_PAIR_DAY_EXCLUDE_SINGLE_GAME_UNITS,,0,0,0,0,,0,0,,,,,,,,,,,,,,,,,UNOBSERVED,UNOBSERVED
kangaskhan_crustle,97934924dd727dbc7acadc1f029b4ebffab8b06a2a47ab48a9193a1805c4c574,alakazam_psychic,TEAM_PAIR_DAY_MIN_5_GAMES,,0,0,0,0,,0,0,,,,,,,,,,,,,,,,,UNOBSERVED,UNOBSERVED
kangaskhan_crustle,97934924dd727dbc7acadc1f029b4ebffab8b06a2a47ab48a9193a1805c4c574,alakazam_psychic,EXACT_PAIR_DAY_EPISODE_WITHIN,,0,0,0,0,,0,0,,,,,,,,,,,,,,,,,UNOBSERVED,UNOBSERVED
kangaskhan_crustle,97934924dd727dbc7acadc1f029b4ebffab8b06a2a47ab48a9193a1805c4c574,alakazam_psychic,EXACT_PAIR_DAY_TEAM_PAIR_WITHIN,,0,0,0,0,,0,0,,,,,,,,,,,,,,,,,UNOBSERVED,UNOBSERVED
kangaskhan_crustle,97934924dd727dbc7acadc1f029b4ebffab8b06a2a47ab48a9193a1805c4c574,alakazam_psychic,DATE_OUTER_EQUAL,,0,0,0,0,,0,0,,,,,,,,,,,,,,,,,UNOBSERVED,UNOBSERVED
kangaskhan_crustle,97934924dd727dbc7acadc1f029b4ebffab8b06a2a47ab48a9193a1805c4c574,alakazam_psychic,EXACT_PAIR_OUTER_EQUAL,,0,0,0,0,,0,0,,,,,,,,,,,,,,,,,UNOBSERVED,UNOBSERVED
kangaskhan_crustle,97934924dd727dbc7acadc1f029b4ebffab8b06a2a47ab48a9193a1805c4c574,cynthia_garchomp,EPISODE_RAW,episode_id+player_index,1,0,1,0,0.00000000,1,1,1,1.00000000,1,1.00000000,0.00000000,0.00000000,0.00000000,0.00000000,,,,,,,,,STABLE_BELOW_0_5,OBSERVED_LOW_SAMPLE
kangaskhan_crustle,97934924dd727dbc7acadc1f029b4ebffab8b06a2a47ab48a9193a1805c4c574,cynthia_garchomp,TEAM_PAIR_DAY_EQUAL,date+team_id+opponent_team_id+deck_hash+opponent_deck_hash,1,0,1,0,0.00000000,1,1,1,1.00000000,1,1.00000000,0.00000000,0.00000000,0.00000000,0.00000000,,,,,,,,,STABLE_BELOW_0_5,OBSERVED_LOW_SAMPLE
kangaskhan_crustle,97934924dd727dbc7acadc1f029b4ebffab8b06a2a47ab48a9193a1805c4c574,cynthia_garchomp,TEAM_PAIR_DAY_LEGACY_THREE_KEY,date+team_id+opponent_team_id,1,0,1,0,0.00000000,1,1,1,1.00000000,1,1.00000000,0.00000000,0.00000000,0.00000000,0.00000000,,,,,,,,,STABLE_BELOW_0_5,OBSERVED_LOW_SAMPLE
kangaskhan_crustle,97934924dd727dbc7acadc1f029b4ebffab8b06a2a47ab48a9193a1805c4c574,cynthia_garchomp,TEAM_PAIR_DAY_EXCLUDE_SINGLE_GAME_UNITS,date+team_id+opponent_team_id+deck_hash+opponent_deck_hash;min_games=2,1,0,1,0,0.00000000,0,0,,,,,,0.00000000,0.00000000,0.00000000,,,,,,,,,STABLE_BELOW_0_5,OBSERVED_LOW_SAMPLE
kangaskhan_crustle,97934924dd727dbc7acadc1f029b4ebffab8b06a2a47ab48a9193a1805c4c574,cynthia_garchomp,TEAM_PAIR_DAY_MIN_5_GAMES,date+team_id+opponent_team_id+deck_hash+opponent_deck_hash;min_games=5,1,0,1,0,0.00000000,0,0,,,,,,0.00000000,0.00000000,0.00000000,,,,,,,,,STABLE_BELOW_0_5,OBSERVED_LOW_SAMPLE
kangaskhan_crustle,97934924dd727dbc7acadc1f029b4ebffab8b06a2a47ab48a9193a1805c4c574,cynthia_garchomp,EXACT_PAIR_DAY_EPISODE_WITHIN,date+deck_hash+opponent_deck_hash,1,0,1,0,0.00000000,1,1,1,1.00000000,1,1.00000000,0.00000000,0.00000000,0.00000000,0.00000000,,,,,,,,,STABLE_BELOW_0_5,OBSERVED_LOW_SAMPLE
kangaskhan_crustle,97934924dd727dbc7acadc1f029b4ebffab8b06a2a47ab48a9193a1805c4c574,cynthia_garchomp,EXACT_PAIR_DAY_TEAM_PAIR_WITHIN,date+deck_hash+opponent_deck_hash;team_pair_day_within,1,0,1,0,0.00000000,1,1,1,1.00000000,1,1.00000000,0.00000000,0.00000000,0.00000000,0.00000000,,,,,,,,,STABLE_BELOW_0_5,OBSERVED_LOW_SAMPLE
kangaskhan_crustle,97934924dd727dbc7acadc1f029b4ebffab8b06a2a47ab48a9193a1805c4c574,cynthia_garchomp,DATE_OUTER_EQUAL,date_outer;team_pair_day_within,1,0,1,0,0.00000000,1,1,1,1.00000000,1,1.00000000,0.00000000,0.00000000,0.00000000,0.00000000,,,,,,,,,STABLE_BELOW_0_5,OBSERVED_LOW_SAMPLE
kangaskhan_crustle,97934924dd727dbc7acadc1f029b4ebffab8b06a2a47ab48a9193a1805c4c574,cynthia_garchomp,EXACT_PAIR_OUTER_EQUAL,deck_hash+opponent_deck_hash_outer;date_within,1,0,1,0,0.00000000,1,1,1,1.00000000,1,1.00000000,0.00000000,0.00000000,0.00000000,0.00000000,,,,,,,,,STABLE_BELOW_0_5,OBSERVED_LOW_SAMPLE
kangaskhan_crustle,97934924dd727dbc7acadc1f029b4ebffab8b06a2a47ab48a9193a1805c4c574,rocket_mewtwo_spidops,EPISODE_RAW,,0,0,0,0,,0,0,,,,,,,,,,,,,,,,,UNOBSERVED,UNOBSERVED
kangaskhan_crustle,97934924dd727dbc7acadc1f029b4ebffab8b06a2a47ab48a9193a1805c4c574,rocket_mewtwo_spidops,TEAM_PAIR_DAY_EQUAL,,0,0,0,0,,0,0,,,,,,,,,,,,,,,,,UNOBSERVED,UNOBSERVED
kangaskhan_crustle,97934924dd727dbc7acadc1f029b4ebffab8b06a2a47ab48a9193a1805c4c574,rocket_mewtwo_spidops,TEAM_PAIR_DAY_LEGACY_THREE_KEY,,0,0,0,0,,0,0,,,,,,,,,,,,,,,,,UNOBSERVED,UNOBSERVED
kangaskhan_crustle,97934924dd727dbc7acadc1f029b4ebffab8b06a2a47ab48a9193a1805c4c574,rocket_mewtwo_spidops,TEAM_PAIR_DAY_EXCLUDE_SINGLE_GAME_UNITS,,0,0,0,0,,0,0,,,,,,,,,,,,,,,,,UNOBSERVED,UNOBSERVED
kangaskhan_crustle,97934924dd727dbc7acadc1f029b4ebffab8b06a2a47ab48a9193a1805c4c574,rocket_mewtwo_spidops,TEAM_PAIR_DAY_MIN_5_GAMES,,0,0,0,0,,0,0,,,,,,,,,,,,,,,,,UNOBSERVED,UNOBSERVED
kangaskhan_crustle,97934924dd727dbc7acadc1f029b4ebffab8b06a2a47ab48a9193a1805c4c574,rocket_mewtwo_spidops,EXACT_PAIR_DAY_EPISODE_WITHIN,,0,0,0,0,,0,0,,,,,,,,,,,,,,,,,UNOBSERVED,UNOBSERVED
kangaskhan_crustle,97934924dd727dbc7acadc1f029b4ebffab8b06a2a47ab48a9193a1805c4c574,rocket_mewtwo_spidops,EXACT_PAIR_DAY_TEAM_PAIR_WITHIN,,0,0,0,0,,0,0,,,,,,,,,,,,,,,,,UNOBSERVED,UNOBSERVED
kangaskhan_crustle,97934924dd727dbc7acadc1f029b4ebffab8b06a2a47ab48a9193a1805c4c574,rocket_mewtwo_spidops,DATE_OUTER_EQUAL,,0,0,0,0,,0,0,,,,,,,,,,,,,,,,,UNOBSERVED,UNOBSERVED
kangaskhan_crustle,97934924dd727dbc7acadc1f029b4ebffab8b06a2a47ab48a9193a1805c4c574,rocket_mewtwo_spidops,EXACT_PAIR_OUTER_EQUAL,,0,0,0,0,,0,0,,,,,,,,,,,,,,,,,UNOBSERVED,UNOBSERVED
kangaskhan_crustle,97934924dd727dbc7acadc1f029b4ebffab8b06a2a47ab48a9193a1805c4c574,kangaskhan_crustle,EPISODE_RAW,,0,0,0,0,,0,0,,,,,,,,,,,,,,,,,UNOBSERVED,UNOBSERVED
kangaskhan_crustle,97934924dd727dbc7acadc1f029b4ebffab8b06a2a47ab48a9193a1805c4c574,kangaskhan_crustle,TEAM_PAIR_DAY_EQUAL,,0,0,0,0,,0,0,,,,,,,,,,,,,,,,,UNOBSERVED,UNOBSERVED
kangaskhan_crustle,97934924dd727dbc7acadc1f029b4ebffab8b06a2a47ab48a9193a1805c4c574,kangaskhan_crustle,TEAM_PAIR_DAY_LEGACY_THREE_KEY,,0,0,0,0,,0,0,,,,,,,,,,,,,,,,,UNOBSERVED,UNOBSERVED
kangaskhan_crustle,97934924dd727dbc7acadc1f029b4ebffab8b06a2a47ab48a9193a1805c4c574,kangaskhan_crustle,TEAM_PAIR_DAY_EXCLUDE_SINGLE_GAME_UNITS,,0,0,0,0,,0,0,,,,,,,,,,,,,,,,,UNOBSERVED,UNOBSERVED
kangaskhan_crustle,97934924dd727dbc7acadc1f029b4ebffab8b06a2a47ab48a9193a1805c4c574,kangaskhan_crustle,TEAM_PAIR_DAY_MIN_5_GAMES,,0,0,0,0,,0,0,,,,,,,,,,,,,,,,,UNOBSERVED,UNOBSERVED
kangaskhan_crustle,97934924dd727dbc7acadc1f029b4ebffab8b06a2a47ab48a9193a1805c4c574,kangaskhan_crustle,EXACT_PAIR_DAY_EPISODE_WITHIN,,0,0,0,0,,0,0,,,,,,,,,,,,,,,,,UNOBSERVED,UNOBSERVED
kangaskhan_crustle,97934924dd727dbc7acadc1f029b4ebffab8b06a2a47ab48a9193a1805c4c574,kangaskhan_crustle,EXACT_PAIR_DAY_TEAM_PAIR_WITHIN,,0,0,0,0,,0,0,,,,,,,,,,,,,,,,,UNOBSERVED,UNOBSERVED
kangaskhan_crustle,97934924dd727dbc7acadc1f029b4ebffab8b06a2a47ab48a9193a1805c4c574,kangaskhan_crustle,DATE_OUTER_EQUAL,,0,0,0,0,,0,0,,,,,,,,,,,,,,,,,UNOBSERVED,UNOBSERVED
kangaskhan_crustle,97934924dd727dbc7acadc1f029b4ebffab8b06a2a47ab48a9193a1805c4c574,kangaskhan_crustle,EXACT_PAIR_OUTER_EQUAL,,0,0,0,0,,0,0,,,,,,,,,,,,,,,,,UNOBSERVED,UNOBSERVED
kangaskhan_crustle,d9d823b6d4021728bd8676d61ff3f5018097a65cde99c3e3daa99f83db8432ef,marnie_grimmsnarl,EPISODE_RAW,episode_id+player_index,3,2,1,0,0.66666667,3,3,1,1.00000000,1,0.33333333,0.66666667,0.50000000,0.75000000,0.25000000,,,,,0.50000000,1.00000000,0.50000000,1.00000000,SENSITIVE,OBSERVED_LOW_SAMPLE
kangaskhan_crustle,d9d823b6d4021728bd8676d61ff3f5018097a65cde99c3e3daa99f83db8432ef,marnie_grimmsnarl,TEAM_PAIR_DAY_EQUAL,date+team_id+opponent_team_id+deck_hash+opponent_deck_hash,3,2,1,0,0.66666667,3,2,1,1.50000000,2,0.66666667,0.75000000,0.50000000,0.75000000,0.25000000,,,,,0.50000000,1.00000000,0.50000000,1.00000000,SENSITIVE,OBSERVED_LOW_SAMPLE
kangaskhan_crustle,d9d823b6d4021728bd8676d61ff3f5018097a65cde99c3e3daa99f83db8432ef,marnie_grimmsnarl,TEAM_PAIR_DAY_LEGACY_THREE_KEY,date+team_id+opponent_team_id,3,2,1,0,0.66666667,3,2,1,1.50000000,2,0.66666667,0.75000000,0.50000000,0.75000000,0.25000000,,,,,0.50000000,1.00000000,0.50000000,1.00000000,SENSITIVE,OBSERVED_LOW_SAMPLE
kangaskhan_crustle,d9d823b6d4021728bd8676d61ff3f5018097a65cde99c3e3daa99f83db8432ef,marnie_grimmsnarl,TEAM_PAIR_DAY_EXCLUDE_SINGLE_GAME_UNITS,date+team_id+opponent_team_id+deck_hash+opponent_deck_hash;min_games=2,3,2,1,0,0.66666667,2,1,2,2.00000000,2,1.00000000,0.50000000,0.50000000,0.75000000,0.25000000,,,,,0.50000000,0.50000000,0.50000000,0.50000000,SENSITIVE,OBSERVED_LOW_SAMPLE
kangaskhan_crustle,d9d823b6d4021728bd8676d61ff3f5018097a65cde99c3e3daa99f83db8432ef,marnie_grimmsnarl,TEAM_PAIR_DAY_MIN_5_GAMES,date+team_id+opponent_team_id+deck_hash+opponent_deck_hash;min_games=5,3,2,1,0,0.66666667,0,0,,,,,,0.50000000,0.75000000,0.25000000,,,,,,,,,SENSITIVE,OBSERVED_LOW_SAMPLE
kangaskhan_crustle,d9d823b6d4021728bd8676d61ff3f5018097a65cde99c3e3daa99f83db8432ef,marnie_grimmsnarl,EXACT_PAIR_DAY_EPISODE_WITHIN,date+deck_hash+opponent_deck_hash,3,2,1,0,0.66666667,3,1,3,3.00000000,3,1.00000000,0.66666667,0.50000000,0.75000000,0.25000000,,,,,0.50000000,1.00000000,0.50000000,1.00000000,SENSITIVE,OBSERVED_LOW_SAMPLE
kangaskhan_crustle,d9d823b6d4021728bd8676d61ff3f5018097a65cde99c3e3daa99f83db8432ef,marnie_grimmsnarl,EXACT_PAIR_DAY_TEAM_PAIR_WITHIN,date+deck_hash+opponent_deck_hash;team_pair_day_within,3,2,1,0,0.66666667,3,1,3,3.00000000,3,1.00000000,0.75000000,0.50000000,0.75000000,0.25000000,,,,,0.50000000,1.00000000,0.50000000,1.00000000,SENSITIVE,OBSERVED_LOW_SAMPLE
kangaskhan_crustle,d9d823b6d4021728bd8676d61ff3f5018097a65cde99c3e3daa99f83db8432ef,marnie_grimmsnarl,DATE_OUTER_EQUAL,date_outer;team_pair_day_within,3,2,1,0,0.66666667,3,1,3,3.00000000,3,1.00000000,0.75000000,0.50000000,0.75000000,0.25000000,,,,,0.50000000,1.00000000,0.50000000,1.00000000,SENSITIVE,OBSERVED_LOW_SAMPLE
kangaskhan_crustle,d9d823b6d4021728bd8676d61ff3f5018097a65cde99c3e3daa99f83db8432ef,marnie_grimmsnarl,EXACT_PAIR_OUTER_EQUAL,deck_hash+opponent_deck_hash_outer;date_within,3,2,1,0,0.66666667,3,1,3,3.00000000,3,1.00000000,0.66666667,0.50000000,0.75000000,0.25000000,,,,,0.50000000,1.00000000,0.50000000,1.00000000,SENSITIVE,OBSERVED_LOW_SAMPLE
kangaskhan_crustle,d9d823b6d4021728bd8676d61ff3f5018097a65cde99c3e3daa99f83db8432ef,alakazam_psychic,EPISODE_RAW,,0,0,0,0,,0,0,,,,,,,,,,,,,,,,,UNOBSERVED,UNOBSERVED
kangaskhan_crustle,d9d823b6d4021728bd8676d61ff3f5018097a65cde99c3e3daa99f83db8432ef,alakazam_psychic,TEAM_PAIR_DAY_EQUAL,,0,0,0,0,,0,0,,,,,,,,,,,,,,,,,UNOBSERVED,UNOBSERVED
kangaskhan_crustle,d9d823b6d4021728bd8676d61ff3f5018097a65cde99c3e3daa99f83db8432ef,alakazam_psychic,TEAM_PAIR_DAY_LEGACY_THREE_KEY,,0,0,0,0,,0,0,,,,,,,,,,,,,,,,,UNOBSERVED,UNOBSERVED
kangaskhan_crustle,d9d823b6d4021728bd8676d61ff3f5018097a65cde99c3e3daa99f83db8432ef,alakazam_psychic,TEAM_PAIR_DAY_EXCLUDE_SINGLE_GAME_UNITS,,0,0,0,0,,0,0,,,,,,,,,,,,,,,,,UNOBSERVED,UNOBSERVED
kangaskhan_crustle,d9d823b6d4021728bd8676d61ff3f5018097a65cde99c3e3daa99f83db8432ef,alakazam_psychic,TEAM_PAIR_DAY_MIN_5_GAMES,,0,0,0,0,,0,0,,,,,,,,,,,,,,,,,UNOBSERVED,UNOBSERVED
kangaskhan_crustle,d9d823b6d4021728bd8676d61ff3f5018097a65cde99c3e3daa99f83db8432ef,alakazam_psychic,EXACT_PAIR_DAY_EPISODE_WITHIN,,0,0,0,0,,0,0,,,,,,,,,,,,,,,,,UNOBSERVED,UNOBSERVED
kangaskhan_crustle,d9d823b6d4021728bd8676d61ff3f5018097a65cde99c3e3daa99f83db8432ef,alakazam_psychic,EXACT_PAIR_DAY_TEAM_PAIR_WITHIN,,0,0,0,0,,0,0,,,,,,,,,,,,,,,,,UNOBSERVED,UNOBSERVED
kangaskhan_crustle,d9d823b6d4021728bd8676d61ff3f5018097a65cde99c3e3daa99f83db8432ef,alakazam_psychic,DATE_OUTER_EQUAL,,0,0,0,0,,0,0,,,,,,,,,,,,,,,,,UNOBSERVED,UNOBSERVED
kangaskhan_crustle,d9d823b6d4021728bd8676d61ff3f5018097a65cde99c3e3daa99f83db8432ef,alakazam_psychic,EXACT_PAIR_OUTER_EQUAL,,0,0,0,0,,0,0,,,,,,,,,,,,,,,,,UNOBSERVED,UNOBSERVED
kangaskhan_crustle,d9d823b6d4021728bd8676d61ff3f5018097a65cde99c3e3daa99f83db8432ef,cynthia_garchomp,EPISODE_RAW,,0,0,0,0,,0,0,,,,,,,,,,,,,,,,,UNOBSERVED,UNOBSERVED
kangaskhan_crustle,d9d823b6d4021728bd8676d61ff3f5018097a65cde99c3e3daa99f83db8432ef,cynthia_garchomp,TEAM_PAIR_DAY_EQUAL,,0,0,0,0,,0,0,,,,,,,,,,,,,,,,,UNOBSERVED,UNOBSERVED
kangaskhan_crustle,d9d823b6d4021728bd8676d61ff3f5018097a65cde99c3e3daa99f83db8432ef,cynthia_garchomp,TEAM_PAIR_DAY_LEGACY_THREE_KEY,,0,0,0,0,,0,0,,,,,,,,,,,,,,,,,UNOBSERVED,UNOBSERVED
kangaskhan_crustle,d9d823b6d4021728bd8676d61ff3f5018097a65cde99c3e3daa99f83db8432ef,cynthia_garchomp,TEAM_PAIR_DAY_EXCLUDE_SINGLE_GAME_UNITS,,0,0,0,0,,0,0,,,,,,,,,,,,,,,,,UNOBSERVED,UNOBSERVED
kangaskhan_crustle,d9d823b6d4021728bd8676d61ff3f5018097a65cde99c3e3daa99f83db8432ef,cynthia_garchomp,TEAM_PAIR_DAY_MIN_5_GAMES,,0,0,0,0,,0,0,,,,,,,,,,,,,,,,,UNOBSERVED,UNOBSERVED
kangaskhan_crustle,d9d823b6d4021728bd8676d61ff3f5018097a65cde99c3e3daa99f83db8432ef,cynthia_garchomp,EXACT_PAIR_DAY_EPISODE_WITHIN,,0,0,0,0,,0,0,,,,,,,,,,,,,,,,,UNOBSERVED,UNOBSERVED
kangaskhan_crustle,d9d823b6d4021728bd8676d61ff3f5018097a65cde99c3e3daa99f83db8432ef,cynthia_garchomp,EXACT_PAIR_DAY_TEAM_PAIR_WITHIN,,0,0,0,0,,0,0,,,,,,,,,,,,,,,,,UNOBSERVED,UNOBSERVED
kangaskhan_crustle,d9d823b6d4021728bd8676d61ff3f5018097a65cde99c3e3daa99f83db8432ef,cynthia_garchomp,DATE_OUTER_EQUAL,,0,0,0,0,,0,0,,,,,,,,,,,,,,,,,UNOBSERVED,UNOBSERVED
kangaskhan_crustle,d9d823b6d4021728bd8676d61ff3f5018097a65cde99c3e3daa99f83db8432ef,cynthia_garchomp,EXACT_PAIR_OUTER_EQUAL,,0,0,0,0,,0,0,,,,,,,,,,,,,,,,,UNOBSERVED,UNOBSERVED
kangaskhan_crustle,d9d823b6d4021728bd8676d61ff3f5018097a65cde99c3e3daa99f83db8432ef,rocket_mewtwo_spidops,EPISODE_RAW,,0,0,0,0,,0,0,,,,,,,,,,,,,,,,,UNOBSERVED,UNOBSERVED
kangaskhan_crustle,d9d823b6d4021728bd8676d61ff3f5018097a65cde99c3e3daa99f83db8432ef,rocket_mewtwo_spidops,TEAM_PAIR_DAY_EQUAL,,0,0,0,0,,0,0,,,,,,,,,,,,,,,,,UNOBSERVED,UNOBSERVED
kangaskhan_crustle,d9d823b6d4021728bd8676d61ff3f5018097a65cde99c3e3daa99f83db8432ef,rocket_mewtwo_spidops,TEAM_PAIR_DAY_LEGACY_THREE_KEY,,0,0,0,0,,0,0,,,,,,,,,,,,,,,,,UNOBSERVED,UNOBSERVED
kangaskhan_crustle,d9d823b6d4021728bd8676d61ff3f5018097a65cde99c3e3daa99f83db8432ef,rocket_mewtwo_spidops,TEAM_PAIR_DAY_EXCLUDE_SINGLE_GAME_UNITS,,0,0,0,0,,0,0,,,,,,,,,,,,,,,,,UNOBSERVED,UNOBSERVED
kangaskhan_crustle,d9d823b6d4021728bd8676d61ff3f5018097a65cde99c3e3daa99f83db8432ef,rocket_mewtwo_spidops,TEAM_PAIR_DAY_MIN_5_GAMES,,0,0,0,0,,0,0,,,,,,,,,,,,,,,,,UNOBSERVED,UNOBSERVED
kangaskhan_crustle,d9d823b6d4021728bd8676d61ff3f5018097a65cde99c3e3daa99f83db8432ef,rocket_mewtwo_spidops,EXACT_PAIR_DAY_EPISODE_WITHIN,,0,0,0,0,,0,0,,,,,,,,,,,,,,,,,UNOBSERVED,UNOBSERVED
kangaskhan_crustle,d9d823b6d4021728bd8676d61ff3f5018097a65cde99c3e3daa99f83db8432ef,rocket_mewtwo_spidops,EXACT_PAIR_DAY_TEAM_PAIR_WITHIN,,0,0,0,0,,0,0,,,,,,,,,,,,,,,,,UNOBSERVED,UNOBSERVED
kangaskhan_crustle,d9d823b6d4021728bd8676d61ff3f5018097a65cde99c3e3daa99f83db8432ef,rocket_mewtwo_spidops,DATE_OUTER_EQUAL,,0,0,0,0,,0,0,,,,,,,,,,,,,,,,,UNOBSERVED,UNOBSERVED
kangaskhan_crustle,d9d823b6d4021728bd8676d61ff3f5018097a65cde99c3e3daa99f83db8432ef,rocket_mewtwo_spidops,EXACT_PAIR_OUTER_EQUAL,,0,0,0,0,,0,0,,,,,,,,,,,,,,,,,UNOBSERVED,UNOBSERVED
kangaskhan_crustle,d9d823b6d4021728bd8676d61ff3f5018097a65cde99c3e3daa99f83db8432ef,kangaskhan_crustle,EPISODE_RAW,,0,0,0,0,,0,0,,,,,,,,,,,,,,,,,UNOBSERVED,UNOBSERVED
kangaskhan_crustle,d9d823b6d4021728bd8676d61ff3f5018097a65cde99c3e3daa99f83db8432ef,kangaskhan_crustle,TEAM_PAIR_DAY_EQUAL,,0,0,0,0,,0,0,,,,,,,,,,,,,,,,,UNOBSERVED,UNOBSERVED
kangaskhan_crustle,d9d823b6d4021728bd8676d61ff3f5018097a65cde99c3e3daa99f83db8432ef,kangaskhan_crustle,TEAM_PAIR_DAY_LEGACY_THREE_KEY,,0,0,0,0,,0,0,,,,,,,,,,,,,,,,,UNOBSERVED,UNOBSERVED
kangaskhan_crustle,d9d823b6d4021728bd8676d61ff3f5018097a65cde99c3e3daa99f83db8432ef,kangaskhan_crustle,TEAM_PAIR_DAY_EXCLUDE_SINGLE_GAME_UNITS,,0,0,0,0,,0,0,,,,,,,,,,,,,,,,,UNOBSERVED,UNOBSERVED
kangaskhan_crustle,d9d823b6d4021728bd8676d61ff3f5018097a65cde99c3e3daa99f83db8432ef,kangaskhan_crustle,TEAM_PAIR_DAY_MIN_5_GAMES,,0,0,0,0,,0,0,,,,,,,,,,,,,,,,,UNOBSERVED,UNOBSERVED
kangaskhan_crustle,d9d823b6d4021728bd8676d61ff3f5018097a65cde99c3e3daa99f83db8432ef,kangaskhan_crustle,EXACT_PAIR_DAY_EPISODE_WITHIN,,0,0,0,0,,0,0,,,,,,,,,,,,,,,,,UNOBSERVED,UNOBSERVED
kangaskhan_crustle,d9d823b6d4021728bd8676d61ff3f5018097a65cde99c3e3daa99f83db8432ef,kangaskhan_crustle,EXACT_PAIR_DAY_TEAM_PAIR_WITHIN,,0,0,0,0,,0,0,,,,,,,,,,,,,,,,,UNOBSERVED,UNOBSERVED
kangaskhan_crustle,d9d823b6d4021728bd8676d61ff3f5018097a65cde99c3e3daa99f83db8432ef,kangaskhan_crustle,DATE_OUTER_EQUAL,,0,0,0,0,,0,0,,,,,,,,,,,,,,,,,UNOBSERVED,UNOBSERVED
kangaskhan_crustle,d9d823b6d4021728bd8676d61ff3f5018097a65cde99c3e3daa99f83db8432ef,kangaskhan_crustle,EXACT_PAIR_OUTER_EQUAL,,0,0,0,0,,0,0,,,,,,,,,,,,,,,,,UNOBSERVED,UNOBSERVED
marnie_grimmsnarl,4194e1d86dc0188c5bff8f2bb73dc4351aed38f266335934abbe58b9cddbf6b3,marnie_grimmsnarl,EPISODE_RAW,episode_id+player_index,200,100,100,0,0.50000000,200,200,1,1.00000000,1,0.00500000,0.50000000,0.46666667,0.70000000,0.23333333,0.49489796,0.50898204,0.47727273,0.52136752,0.46666667,0.52272727,0.47727273,0.52272727,SENSITIVE,OBSERVED_ADEQUATE
marnie_grimmsnarl,4194e1d86dc0188c5bff8f2bb73dc4351aed38f266335934abbe58b9cddbf6b3,marnie_grimmsnarl,TEAM_PAIR_DAY_EQUAL,date+team_id+opponent_team_id+deck_hash+opponent_deck_hash,200,100,100,0,0.50000000,200,23,1,2.00000000,47,0.23500000,0.53043478,0.46666667,0.70000000,0.23333333,0.51000000,0.57142857,0.46515366,0.56666667,0.50000000,0.60350877,0.50476190,0.56190476,SENSITIVE,OBSERVED_ADEQUATE
marnie_grimmsnarl,4194e1d86dc0188c5bff8f2bb73dc4351aed38f266335934abbe58b9cddbf6b3,marnie_grimmsnarl,TEAM_PAIR_DAY_LEGACY_THREE_KEY,date+team_id+opponent_team_id,200,100,100,0,0.50000000,200,23,1,2.00000000,47,0.23500000,0.53043478,0.46666667,0.70000000,0.23333333,0.51000000,0.57142857,0.46515366,0.56666667,0.50000000,0.60350877,0.50476190,0.56190476,SENSITIVE,OBSERVED_ADEQUATE
marnie_grimmsnarl,4194e1d86dc0188c5bff8f2bb73dc4351aed38f266335934abbe58b9cddbf6b3,marnie_grimmsnarl,TEAM_PAIR_DAY_EXCLUDE_SINGLE_GAME_UNITS,date+team_id+opponent_team_id+deck_hash+opponent_deck_hash;min_games=2,200,100,100,0,0.50000000,193,16,2,5.00000000,47,0.24352332,0.51250000,0.46666667,0.70000000,0.23333333,0.48000000,0.54545455,0.45248227,0.56578014,0.48000000,0.57435897,0.48000000,0.54666667,SENSITIVE,OBSERVED_ADEQUATE
marnie_grimmsnarl,4194e1d86dc0188c5bff8f2bb73dc4351aed38f266335934abbe58b9cddbf6b3,marnie_grimmsnarl,TEAM_PAIR_DAY_MIN_5_GAMES,date+team_id+opponent_team_id+deck_hash+opponent_deck_hash;min_games=5,200,100,100,0,0.50000000,177,9,5,10.00000000,47,0.26553672,0.46666667,0.46666667,0.70000000,0.23333333,0.45714286,0.50000000,0.44166667,0.49621749,0.40378251,0.50000000,0.43750000,0.50000000,SENSITIVE,OBSERVED_ADEQUATE
marnie_grimmsnarl,4194e1d86dc0188c5bff8f2bb73dc4351aed38f266335934abbe58b9cddbf6b3,marnie_grimmsnarl,EXACT_PAIR_DAY_EPISODE_WITHIN,date+deck_hash+opponent_deck_hash,200,100,100,0,0.50000000,200,9,1,5.00000000,94,0.47000000,0.57777778,0.46666667,0.70000000,0.23333333,0.52857143,0.64285714,0.48632014,0.63333333,0.52222222,0.65149573,0.51717172,0.63838384,SENSITIVE,OBSERVED_ADEQUATE
marnie_grimmsnarl,4194e1d86dc0188c5bff8f2bb73dc4351aed38f266335934abbe58b9cddbf6b3,marnie_grimmsnarl,EXACT_PAIR_DAY_TEAM_PAIR_WITHIN,date+deck_hash+opponent_deck_hash;team_pair_day_within,200,100,100,0,0.50000000,200,9,1,5.00000000,94,0.47000000,0.57777778,0.46666667,0.70000000,0.23333333,0.52857143,0.64285714,0.47702996,0.63333333,0.52222222,0.65608466,0.51851852,0.63703704,SENSITIVE,OBSERVED_ADEQUATE
marnie_grimmsnarl,4194e1d86dc0188c5bff8f2bb73dc4351aed38f266335934abbe58b9cddbf6b3,marnie_grimmsnarl,DATE_OUTER_EQUAL,date_outer;team_pair_day_within,200,100,100,0,0.50000000,200,6,4,24.50000000,94,0.47000000,0.55000000,0.46666667,0.70000000,0.23333333,0.52666667,0.56666667,0.48888889,0.60555556,0.52222222,0.63750000,0.51666667,0.61111111,SENSITIVE,OBSERVED_ADEQUATE
marnie_grimmsnarl,4194e1d86dc0188c5bff8f2bb73dc4351aed38f266335934abbe58b9cddbf6b3,marnie_grimmsnarl,EXACT_PAIR_OUTER_EQUAL,deck_hash+opponent_deck_hash_outer;date_within,200,100,100,0,0.50000000,200,3,2,6.00000000,192,0.96000000,0.70000000,0.46666667,0.70000000,0.23333333,0.55000000,0.83333333,0.36702008,0.82718676,0.55000000,0.83333333,0.55000000,0.83333333,SENSITIVE,OBSERVED_ADEQUATE
marnie_grimmsnarl,4194e1d86dc0188c5bff8f2bb73dc4351aed38f266335934abbe58b9cddbf6b3,alakazam_psychic,EPISODE_RAW,episode_id+player_index,56,32,24,0,0.57142857,56,56,1,1.00000000,1,0.01785714,0.57142857,0.43263889,0.57685185,0.14421296,0.50000000,0.62500000,0.41176471,0.60975610,0.43750000,0.62500000,0.45454545,0.59574468,SENSITIVE,OBSERVED_ADEQUATE
marnie_grimmsnarl,4194e1d86dc0188c5bff8f2bb73dc4351aed38f266335934abbe58b9cddbf6b3,alakazam_psychic,TEAM_PAIR_DAY_EQUAL,date+team_id+opponent_team_id+deck_hash+opponent_deck_hash,56,32,24,0,0.57142857,56,8,1,5.50000000,24,0.42857143,0.43263889,0.43263889,0.57685185,0.14421296,0.38730159,0.50333333,0.23611111,0.49444444,0.26111111,0.60416667,0.30888889,0.49444444,SENSITIVE,OBSERVED_ADEQUATE
marnie_grimmsnarl,4194e1d86dc0188c5bff8f2bb73dc4351aed38f266335934abbe58b9cddbf6b3,alakazam_psychic,TEAM_PAIR_DAY_LEGACY_THREE_KEY,date+team_id+opponent_team_id,56,32,24,0,0.57142857,56,8,1,5.50000000,24,0.42857143,0.43263889,0.43263889,0.57685185,0.14421296,0.38730159,0.50333333,0.23611111,0.49444444,0.26111111,0.60416667,0.30888889,0.49444444,SENSITIVE,OBSERVED_ADEQUATE
marnie_grimmsnarl,4194e1d86dc0188c5bff8f2bb73dc4351aed38f266335934abbe58b9cddbf6b3,alakazam_psychic,TEAM_PAIR_DAY_EXCLUDE_SINGLE_GAME_UNITS,date+team_id+opponent_team_id+deck_hash+opponent_deck_hash;min_games=2,56,32,24,0,0.57142857,54,6,4,6.00000000,24,0.44444444,0.57685185,0.43263889,0.57685185,0.14421296,0.54222222,0.62916667,0.47222222,0.62916667,0.52222222,0.60416667,0.51481481,0.60333333,SENSITIVE,OBSERVED_ADEQUATE
marnie_grimmsnarl,4194e1d86dc0188c5bff8f2bb73dc4351aed38f266335934abbe58b9cddbf6b3,alakazam_psychic,TEAM_PAIR_DAY_MIN_5_GAMES,date+team_id+opponent_team_id+deck_hash+opponent_deck_hash;min_games=5,56,32,24,0,0.57142857,50,5,5,6.00000000,24,0.48000000,0.54222222,0.43263889,0.57685185,0.14421296,0.51111111,0.58888889,0.47222222,0.58888889,0.52222222,0.55555556,0.51481481,0.56666667,SENSITIVE,OBSERVED_ADEQUATE
marnie_grimmsnarl,4194e1d86dc0188c5bff8f2bb73dc4351aed38f266335934abbe58b9cddbf6b3,alakazam_psychic,EXACT_PAIR_DAY_EPISODE_WITHIN,date+deck_hash+opponent_deck_hash,56,32,24,0,0.57142857,56,5,1,11.00000000,24,0.42857143,0.47992424,0.43263889,0.57685185,0.14421296,0.41240530,0.59990530,0.21875000,0.59990530,0.33333333,0.60416667,0.34583333,0.59990530,SENSITIVE,OBSERVED_ADEQUATE
marnie_grimmsnarl,4194e1d86dc0188c5bff8f2bb73dc4351aed38f266335934abbe58b9cddbf6b3,alakazam_psychic,EXACT_PAIR_DAY_TEAM_PAIR_WITHIN,date+deck_hash+opponent_deck_hash;team_pair_day_within,56,32,24,0,0.57142857,56,5,1,11.00000000,24,0.42857143,0.45629630,0.43263889,0.57685185,0.14421296,0.38287037,0.57037037,0.15740741,0.57037037,0.27407407,0.60416667,0.30493827,0.57037037,SENSITIVE,OBSERVED_ADEQUATE
marnie_grimmsnarl,4194e1d86dc0188c5bff8f2bb73dc4351aed38f266335934abbe58b9cddbf6b3,alakazam_psychic,DATE_OUTER_EQUAL,date_outer;team_pair_day_within,56,32,24,0,0.57142857,56,5,1,11.00000000,24,0.42857143,0.45629630,0.43263889,0.57685185,0.14421296,0.38287037,0.57037037,0.15740741,0.57037037,0.27407407,0.60416667,0.30493827,0.57037037,SENSITIVE,OBSERVED_ADEQUATE
marnie_grimmsnarl,4194e1d86dc0188c5bff8f2bb73dc4351aed38f266335934abbe58b9cddbf6b3,alakazam_psychic,EXACT_PAIR_OUTER_EQUAL,deck_hash+opponent_deck_hash_outer;date_within,56,32,24,0,0.57142857,56,1,56,56.00000000,56,1.00000000,0.47992424,0.43263889,0.57685185,0.14421296,0.41240530,0.59990530,0.21875000,0.59990530,0.33333333,0.60416667,0.34583333,0.59990530,SENSITIVE,OBSERVED_ADEQUATE
marnie_grimmsnarl,4194e1d86dc0188c5bff8f2bb73dc4351aed38f266335934abbe58b9cddbf6b3,cynthia_garchomp,EPISODE_RAW,episode_id+player_index,51,23,28,0,0.45098039,51,51,1,1.00000000,1,0.01960784,0.45098039,0.40102814,0.45098039,0.04995225,0.40000000,0.47500000,0.40000000,0.52173913,0.40000000,0.45652174,0.40000000,0.50000000,STABLE_BELOW_0_5,OBSERVED_ADEQUATE
marnie_grimmsnarl,4194e1d86dc0188c5bff8f2bb73dc4351aed38f266335934abbe58b9cddbf6b3,cynthia_garchomp,TEAM_PAIR_DAY_EQUAL,date+team_id+opponent_team_id+deck_hash+opponent_deck_hash,51,23,28,0,0.45098039,51,6,2,7.00000000,21,0.41176471,0.41179654,0.40102814,0.45098039,0.04995225,0.34686147,0.49269481,0.38939394,0.51190476,0.33333333,0.45102814,0.38939394,0.45102814,STABLE_BELOW_0_5,OBSERVED_ADEQUATE
marnie_grimmsnarl,4194e1d86dc0188c5bff8f2bb73dc4351aed38f266335934abbe58b9cddbf6b3,cynthia_garchomp,TEAM_PAIR_DAY_LEGACY_THREE_KEY,date+team_id+opponent_team_id,51,23,28,0,0.45098039,51,6,2,7.00000000,21,0.41176471,0.41179654,0.40102814,0.45098039,0.04995225,0.34686147,0.49269481,0.38939394,0.51190476,0.33333333,0.45102814,0.38939394,0.45102814,STABLE_BELOW_0_5,OBSERVED_ADEQUATE
marnie_grimmsnarl,4194e1d86dc0188c5bff8f2bb73dc4351aed38f266335934abbe58b9cddbf6b3,cynthia_garchomp,TEAM_PAIR_DAY_EXCLUDE_SINGLE_GAME_UNITS,date+team_id+opponent_team_id+deck_hash+opponent_deck_hash;min_games=2,51,23,28,0,0.45098039,51,6,2,7.00000000,21,0.41176471,0.41179654,0.40102814,0.45098039,0.04995225,0.34686147,0.49269481,0.38939394,0.51190476,0.33333333,0.45102814,0.38939394,0.45102814,STABLE_BELOW_0_5,OBSERVED_ADEQUATE
marnie_grimmsnarl,4194e1d86dc0188c5bff8f2bb73dc4351aed38f266335934abbe58b9cddbf6b3,cynthia_garchomp,TEAM_PAIR_DAY_MIN_5_GAMES,date+team_id+opponent_team_id+deck_hash+opponent_deck_hash;min_games=5,51,23,28,0,0.45098039,44,3,11,12.00000000,21,0.47727273,0.43470418,0.40102814,0.45098039,0.04995225,0.39015152,0.47023810,0.39015152,0.52380952,0.43470418,0.43470418,0.39015152,0.52380952,STABLE_BELOW_0_5,OBSERVED_ADEQUATE
marnie_grimmsnarl,4194e1d86dc0188c5bff8f2bb73dc4351aed38f266335934abbe58b9cddbf6b3,cynthia_garchomp,EXACT_PAIR_DAY_EPISODE_WITHIN,date+deck_hash+opponent_deck_hash,51,23,28,0,0.45098039,51,4,4,13.00000000,21,0.41176471,0.40102814,0.40102814,0.45098039,0.04995225,0.36010101,0.45137085,0.33852814,0.51190476,0.33333333,0.45102814,0.33852814,0.48015873,STABLE_BELOW_0_5,OBSERVED_ADEQUATE
marnie_grimmsnarl,4194e1d86dc0188c5bff8f2bb73dc4351aed38f266335934abbe58b9cddbf6b3,cynthia_garchomp,EXACT_PAIR_DAY_TEAM_PAIR_WITHIN,date+deck_hash+opponent_deck_hash;team_pair_day_within,51,23,28,0,0.45098039,51,4,4,13.00000000,21,0.41176471,0.41977814,0.40102814,0.45098039,0.04995225,0.37914863,0.47637085,0.35727814,0.51190476,0.33333333,0.45102814,0.35727814,0.48015873,STABLE_BELOW_0_5,OBSERVED_ADEQUATE
marnie_grimmsnarl,4194e1d86dc0188c5bff8f2bb73dc4351aed38f266335934abbe58b9cddbf6b3,cynthia_garchomp,DATE_OUTER_EQUAL,date_outer;team_pair_day_within,51,23,28,0,0.45098039,51,4,4,13.00000000,21,0.41176471,0.41977814,0.40102814,0.45098039,0.04995225,0.37914863,0.47637085,0.35727814,0.51190476,0.33333333,0.45102814,0.35727814,0.48015873,STABLE_BELOW_0_5,OBSERVED_ADEQUATE
marnie_grimmsnarl,4194e1d86dc0188c5bff8f2bb73dc4351aed38f266335934abbe58b9cddbf6b3,cynthia_garchomp,EXACT_PAIR_OUTER_EQUAL,deck_hash+opponent_deck_hash_outer;date_within,51,23,28,0,0.45098039,51,1,51,51.00000000,51,1.00000000,0.40102814,0.40102814,0.45098039,0.04995225,0.36010101,0.45137085,0.33852814,0.51190476,0.33333333,0.45102814,0.33852814,0.48015873,STABLE_BELOW_0_5,OBSERVED_ADEQUATE
marnie_grimmsnarl,4194e1d86dc0188c5bff8f2bb73dc4351aed38f266335934abbe58b9cddbf6b3,rocket_mewtwo_spidops,EPISODE_RAW,episode_id+player_index,39,31,8,0,0.79487179,39,39,1,1.00000000,1,0.02564103,0.79487179,0.71875000,0.86666667,0.14791667,0.76470588,0.81250000,0.73333333,0.81250000,0.75000000,0.80000000,0.73333333,0.81250000,STABLE_ABOVE_0_5,OBSERVED_ADEQUATE
marnie_grimmsnarl,4194e1d86dc0188c5bff8f2bb73dc4351aed38f266335934abbe58b9cddbf6b3,rocket_mewtwo_spidops,TEAM_PAIR_DAY_EQUAL,date+team_id+opponent_team_id+deck_hash+opponent_deck_hash,39,31,8,0,0.79487179,39,7,2,4.00000000,15,0.38461538,0.76428571,0.71875000,0.86666667,0.14791667,0.72500000,0.81000000,0.70000000,0.81000000,0.75000000,0.76666667,0.70000000,0.81000000,STABLE_ABOVE_0_5,OBSERVED_ADEQUATE
marnie_grimmsnarl,4194e1d86dc0188c5bff8f2bb73dc4351aed38f266335934abbe58b9cddbf6b3,rocket_mewtwo_spidops,TEAM_PAIR_DAY_LEGACY_THREE_KEY,date+team_id+opponent_team_id,39,31,8,0,0.79487179,39,6,4,4.50000000,15,0.38461538,0.79404762,0.71875000,0.86666667,0.14791667,0.75285714,0.81000000,0.73809524,0.81000000,0.75000000,0.80285714,0.73809524,0.81000000,STABLE_ABOVE_0_5,OBSERVED_ADEQUATE
marnie_grimmsnarl,4194e1d86dc0188c5bff8f2bb73dc4351aed38f266335934abbe58b9cddbf6b3,rocket_mewtwo_spidops,TEAM_PAIR_DAY_EXCLUDE_SINGLE_GAME_UNITS,date+team_id+opponent_team_id+deck_hash+opponent_deck_hash;min_games=2,39,31,8,0,0.79487179,39,7,2,4.00000000,15,0.38461538,0.76428571,0.71875000,0.86666667,0.14791667,0.72500000,0.81000000,0.70000000,0.81000000,0.75000000,0.76666667,0.70000000,0.81000000,STABLE_ABOVE_0_5,OBSERVED_ADEQUATE
marnie_grimmsnarl,4194e1d86dc0188c5bff8f2bb73dc4351aed38f266335934abbe58b9cddbf6b3,rocket_mewtwo_spidops,TEAM_PAIR_DAY_MIN_5_GAMES,date+team_id+opponent_team_id+deck_hash+opponent_deck_hash;min_games=5,39,31,8,0,0.79487179,25,3,5,5.00000000,15,0.60000000,0.86666667,0.71875000,0.86666667,0.14791667,0.80000000,0.90000000,0.80000000,0.90000000,0.86666667,0.86666667,0.80000000,0.90000000,STABLE_ABOVE_0_5,OBSERVED_ADEQUATE
marnie_grimmsnarl,4194e1d86dc0188c5bff8f2bb73dc4351aed38f266335934abbe58b9cddbf6b3,rocket_mewtwo_spidops,EXACT_PAIR_DAY_EPISODE_WITHIN,date+deck_hash+opponent_deck_hash,39,31,8,0,0.79487179,39,7,2,4.00000000,15,0.38461538,0.76428571,0.71875000,0.86666667,0.14791667,0.72500000,0.81000000,0.70000000,0.81000000,0.75000000,0.76666667,0.70000000,0.81000000,STABLE_ABOVE_0_5,OBSERVED_ADEQUATE
marnie_grimmsnarl,4194e1d86dc0188c5bff8f2bb73dc4351aed38f266335934abbe58b9cddbf6b3,rocket_mewtwo_spidops,EXACT_PAIR_DAY_TEAM_PAIR_WITHIN,date+deck_hash+opponent_deck_hash;team_pair_day_within,39,31,8,0,0.79487179,39,7,2,4.00000000,15,0.38461538,0.76428571,0.71875000,0.86666667,0.14791667,0.72500000,0.81000000,0.70000000,0.81000000,0.75000000,0.76666667,0.70000000,0.81000000,STABLE_ABOVE_0_5,OBSERVED_ADEQUATE
marnie_grimmsnarl,4194e1d86dc0188c5bff8f2bb73dc4351aed38f266335934abbe58b9cddbf6b3,rocket_mewtwo_spidops,DATE_OUTER_EQUAL,date_outer;team_pair_day_within,39,31,8,0,0.79487179,39,6,4,4.50000000,15,0.38461538,0.78333333,0.71875000,0.86666667,0.14791667,0.74000000,0.81000000,0.71666667,0.81000000,0.75000000,0.79000000,0.71666667,0.81000000,STABLE_ABOVE_0_5,OBSERVED_ADEQUATE
marnie_grimmsnarl,4194e1d86dc0188c5bff8f2bb73dc4351aed38f266335934abbe58b9cddbf6b3,rocket_mewtwo_spidops,EXACT_PAIR_OUTER_EQUAL,deck_hash+opponent_deck_hash_outer;date_within,39,31,8,0,0.79487179,39,4,2,4.50000000,28,0.71794872,0.71875000,0.71875000,0.86666667,0.14791667,0.70416667,0.78750000,0.70000000,0.78750000,0.70833333,0.75000000,0.70000000,0.78750000,STABLE_ABOVE_0_5,OBSERVED_ADEQUATE
marnie_grimmsnarl,4194e1d86dc0188c5bff8f2bb73dc4351aed38f266335934abbe58b9cddbf6b3,kangaskhan_crustle,EPISODE_RAW,episode_id+player_index,3,1,2,0,0.33333333,3,3,1,1.00000000,1,0.33333333,0.33333333,0.25000000,0.50000000,0.25000000,,,0.00000000,0.50000000,,,0.00000000,0.50000000,SENSITIVE,OBSERVED_LOW_SAMPLE
marnie_grimmsnarl,4194e1d86dc0188c5bff8f2bb73dc4351aed38f266335934abbe58b9cddbf6b3,kangaskhan_crustle,TEAM_PAIR_DAY_EQUAL,date+team_id+opponent_team_id+deck_hash+opponent_deck_hash,3,1,2,0,0.33333333,3,2,1,1.50000000,2,0.66666667,0.25000000,0.25000000,0.50000000,0.25000000,,,0.00000000,0.50000000,,,0.00000000,0.50000000,SENSITIVE,OBSERVED_LOW_SAMPLE
marnie_grimmsnarl,4194e1d86dc0188c5bff8f2bb73dc4351aed38f266335934abbe58b9cddbf6b3,kangaskhan_crustle,TEAM_PAIR_DAY_LEGACY_THREE_KEY,date+team_id+opponent_team_id,3,1,2,0,0.33333333,3,2,1,1.50000000,2,0.66666667,0.25000000,0.25000000,0.50000000,0.25000000,,,0.00000000,0.50000000,,,0.00000000,0.50000000,SENSITIVE,OBSERVED_LOW_SAMPLE
marnie_grimmsnarl,4194e1d86dc0188c5bff8f2bb73dc4351aed38f266335934abbe58b9cddbf6b3,kangaskhan_crustle,TEAM_PAIR_DAY_EXCLUDE_SINGLE_GAME_UNITS,date+team_id+opponent_team_id+deck_hash+opponent_deck_hash;min_games=2,3,1,2,0,0.33333333,2,1,2,2.00000000,2,1.00000000,0.50000000,0.25000000,0.50000000,0.25000000,,,0.50000000,0.50000000,,,0.50000000,0.50000000,SENSITIVE,OBSERVED_LOW_SAMPLE
marnie_grimmsnarl,4194e1d86dc0188c5bff8f2bb73dc4351aed38f266335934abbe58b9cddbf6b3,kangaskhan_crustle,TEAM_PAIR_DAY_MIN_5_GAMES,date+team_id+opponent_team_id+deck_hash+opponent_deck_hash;min_games=5,3,1,2,0,0.33333333,0,0,,,,,,0.25000000,0.50000000,0.25000000,,,,,,,,,SENSITIVE,OBSERVED_LOW_SAMPLE
marnie_grimmsnarl,4194e1d86dc0188c5bff8f2bb73dc4351aed38f266335934abbe58b9cddbf6b3,kangaskhan_crustle,EXACT_PAIR_DAY_EPISODE_WITHIN,date+deck_hash+opponent_deck_hash,3,1,2,0,0.33333333,3,1,3,3.00000000,3,1.00000000,0.33333333,0.25000000,0.50000000,0.25000000,,,0.00000000,0.50000000,,,0.00000000,0.50000000,SENSITIVE,OBSERVED_LOW_SAMPLE
marnie_grimmsnarl,4194e1d86dc0188c5bff8f2bb73dc4351aed38f266335934abbe58b9cddbf6b3,kangaskhan_crustle,EXACT_PAIR_DAY_TEAM_PAIR_WITHIN,date+deck_hash+opponent_deck_hash;team_pair_day_within,3,1,2,0,0.33333333,3,1,3,3.00000000,3,1.00000000,0.25000000,0.25000000,0.50000000,0.25000000,,,0.00000000,0.50000000,,,0.00000000,0.50000000,SENSITIVE,OBSERVED_LOW_SAMPLE
marnie_grimmsnarl,4194e1d86dc0188c5bff8f2bb73dc4351aed38f266335934abbe58b9cddbf6b3,kangaskhan_crustle,DATE_OUTER_EQUAL,date_outer;team_pair_day_within,3,1,2,0,0.33333333,3,1,3,3.00000000,3,1.00000000,0.25000000,0.25000000,0.50000000,0.25000000,,,0.00000000,0.50000000,,,0.00000000,0.50000000,SENSITIVE,OBSERVED_LOW_SAMPLE
marnie_grimmsnarl,4194e1d86dc0188c5bff8f2bb73dc4351aed38f266335934abbe58b9cddbf6b3,kangaskhan_crustle,EXACT_PAIR_OUTER_EQUAL,deck_hash+opponent_deck_hash_outer;date_within,3,1,2,0,0.33333333,3,1,3,3.00000000,3,1.00000000,0.33333333,0.25000000,0.50000000,0.25000000,,,0.00000000,0.50000000,,,0.00000000,0.50000000,SENSITIVE,OBSERVED_LOW_SAMPLE
marnie_grimmsnarl,41bdf9d5d3c36ee70007a5d4967839bf960feb66a8f7e3c77ad73bfec973c061,marnie_grimmsnarl,EPISODE_RAW,episode_id+player_index,6,4,2,0,0.66666667,6,6,1,1.00000000,1,0.16666667,0.66666667,0.40000000,0.80000000,0.40000000,0.00000000,0.80000000,0.00000000,0.80000000,0.00000000,0.80000000,0.00000000,0.80000000,SENSITIVE,OBSERVED_LOW_SAMPLE
marnie_grimmsnarl,41bdf9d5d3c36ee70007a5d4967839bf960feb66a8f7e3c77ad73bfec973c061,marnie_grimmsnarl,TEAM_PAIR_DAY_EQUAL,date+team_id+opponent_team_id+deck_hash+opponent_deck_hash,6,4,2,0,0.66666667,6,2,1,3.00000000,5,0.83333333,0.40000000,0.40000000,0.80000000,0.40000000,0.00000000,0.80000000,0.00000000,0.80000000,0.00000000,0.80000000,0.00000000,0.80000000,SENSITIVE,OBSERVED_LOW_SAMPLE
marnie_grimmsnarl,41bdf9d5d3c36ee70007a5d4967839bf960feb66a8f7e3c77ad73bfec973c061,marnie_grimmsnarl,TEAM_PAIR_DAY_LEGACY_THREE_KEY,date+team_id+opponent_team_id,6,4,2,0,0.66666667,6,2,1,3.00000000,5,0.83333333,0.40000000,0.40000000,0.80000000,0.40000000,0.00000000,0.80000000,0.00000000,0.80000000,0.00000000,0.80000000,0.00000000,0.80000000,SENSITIVE,OBSERVED_LOW_SAMPLE
marnie_grimmsnarl,41bdf9d5d3c36ee70007a5d4967839bf960feb66a8f7e3c77ad73bfec973c061,marnie_grimmsnarl,TEAM_PAIR_DAY_EXCLUDE_SINGLE_GAME_UNITS,date+team_id+opponent_team_id+deck_hash+opponent_deck_hash;min_games=2,6,4,2,0,0.66666667,5,1,5,5.00000000,5,1.00000000,0.80000000,0.40000000,0.80000000,0.40000000,0.80000000,0.80000000,0.80000000,0.80000000,0.80000000,0.80000000,0.80000000,0.80000000,SENSITIVE,OBSERVED_LOW_SAMPLE
marnie_grimmsnarl,41bdf9d5d3c36ee70007a5d4967839bf960feb66a8f7e3c77ad73bfec973c061,marnie_grimmsnarl,TEAM_PAIR_DAY_MIN_5_GAMES,date+team_id+opponent_team_id+deck_hash+opponent_deck_hash;min_games=5,6,4,2,0,0.66666667,5,1,5,5.00000000,5,1.00000000,0.80000000,0.40000000,0.80000000,0.40000000,0.80000000,0.80000000,0.80000000,0.80000000,0.80000000,0.80000000,0.80000000,0.80000000,SENSITIVE,OBSERVED_LOW_SAMPLE
marnie_grimmsnarl,41bdf9d5d3c36ee70007a5d4967839bf960feb66a8f7e3c77ad73bfec973c061,marnie_grimmsnarl,EXACT_PAIR_DAY_EPISODE_WITHIN,date+deck_hash+opponent_deck_hash,6,4,2,0,0.66666667,6,2,1,3.00000000,5,0.83333333,0.40000000,0.40000000,0.80000000,0.40000000,0.00000000,0.80000000,0.00000000,0.80000000,0.00000000,0.80000000,0.00000000,0.80000000,SENSITIVE,OBSERVED_LOW_SAMPLE
marnie_grimmsnarl,41bdf9d5d3c36ee70007a5d4967839bf960feb66a8f7e3c77ad73bfec973c061,marnie_grimmsnarl,EXACT_PAIR_DAY_TEAM_PAIR_WITHIN,date+deck_hash+opponent_deck_hash;team_pair_day_within,6,4,2,0,0.66666667,6,2,1,3.00000000,5,0.83333333,0.40000000,0.40000000,0.80000000,0.40000000,0.00000000,0.80000000,0.00000000,0.80000000,0.00000000,0.80000000,0.00000000,0.80000000,SENSITIVE,OBSERVED_LOW_SAMPLE
marnie_grimmsnarl,41bdf9d5d3c36ee70007a5d4967839bf960feb66a8f7e3c77ad73bfec973c061,marnie_grimmsnarl,DATE_OUTER_EQUAL,date_outer;team_pair_day_within,6,4,2,0,0.66666667,6,2,1,3.00000000,5,0.83333333,0.40000000,0.40000000,0.80000000,0.40000000,0.00000000,0.80000000,0.00000000,0.80000000,0.00000000,0.80000000,0.00000000,0.80000000,SENSITIVE,OBSERVED_LOW_SAMPLE
marnie_grimmsnarl,41bdf9d5d3c36ee70007a5d4967839bf960feb66a8f7e3c77ad73bfec973c061,marnie_grimmsnarl,EXACT_PAIR_OUTER_EQUAL,deck_hash+opponent_deck_hash_outer;date_within,6,4,2,0,0.66666667,6,1,6,6.00000000,6,1.00000000,0.40000000,0.40000000,0.80000000,0.40000000,0.00000000,0.80000000,0.00000000,0.80000000,0.00000000,0.80000000,0.00000000,0.80000000,SENSITIVE,OBSERVED_LOW_SAMPLE
marnie_grimmsnarl,41bdf9d5d3c36ee70007a5d4967839bf960feb66a8f7e3c77ad73bfec973c061,alakazam_psychic,EPISODE_RAW,episode_id+player_index,6,1,5,0,0.16666667,6,6,1,1.00000000,1,0.16666667,0.16666667,0.16666667,0.16666667,0.00000000,,,,,,,,,STABLE_BELOW_0_5,OBSERVED_LOW_SAMPLE
marnie_grimmsnarl,41bdf9d5d3c36ee70007a5d4967839bf960feb66a8f7e3c77ad73bfec973c061,alakazam_psychic,TEAM_PAIR_DAY_EQUAL,date+team_id+opponent_team_id+deck_hash+opponent_deck_hash,6,1,5,0,0.16666667,6,1,6,6.00000000,6,1.00000000,0.16666667,0.16666667,0.16666667,0.00000000,,,,,,,,,STABLE_BELOW_0_5,OBSERVED_LOW_SAMPLE
marnie_grimmsnarl,41bdf9d5d3c36ee70007a5d4967839bf960feb66a8f7e3c77ad73bfec973c061,alakazam_psychic,TEAM_PAIR_DAY_LEGACY_THREE_KEY,date+team_id+opponent_team_id,6,1,5,0,0.16666667,6,1,6,6.00000000,6,1.00000000,0.16666667,0.16666667,0.16666667,0.00000000,,,,,,,,,STABLE_BELOW_0_5,OBSERVED_LOW_SAMPLE
marnie_grimmsnarl,41bdf9d5d3c36ee70007a5d4967839bf960feb66a8f7e3c77ad73bfec973c061,alakazam_psychic,TEAM_PAIR_DAY_EXCLUDE_SINGLE_GAME_UNITS,date+team_id+opponent_team_id+deck_hash+opponent_deck_hash;min_games=2,6,1,5,0,0.16666667,6,1,6,6.00000000,6,1.00000000,0.16666667,0.16666667,0.16666667,0.00000000,,,,,,,,,STABLE_BELOW_0_5,OBSERVED_LOW_SAMPLE
marnie_grimmsnarl,41bdf9d5d3c36ee70007a5d4967839bf960feb66a8f7e3c77ad73bfec973c061,alakazam_psychic,TEAM_PAIR_DAY_MIN_5_GAMES,date+team_id+opponent_team_id+deck_hash+opponent_deck_hash;min_games=5,6,1,5,0,0.16666667,6,1,6,6.00000000,6,1.00000000,0.16666667,0.16666667,0.16666667,0.00000000,,,,,,,,,STABLE_BELOW_0_5,OBSERVED_LOW_SAMPLE
marnie_grimmsnarl,41bdf9d5d3c36ee70007a5d4967839bf960feb66a8f7e3c77ad73bfec973c061,alakazam_psychic,EXACT_PAIR_DAY_EPISODE_WITHIN,date+deck_hash+opponent_deck_hash,6,1,5,0,0.16666667,6,1,6,6.00000000,6,1.00000000,0.16666667,0.16666667,0.16666667,0.00000000,,,,,,,,,STABLE_BELOW_0_5,OBSERVED_LOW_SAMPLE
marnie_grimmsnarl,41bdf9d5d3c36ee70007a5d4967839bf960feb66a8f7e3c77ad73bfec973c061,alakazam_psychic,EXACT_PAIR_DAY_TEAM_PAIR_WITHIN,date+deck_hash+opponent_deck_hash;team_pair_day_within,6,1,5,0,0.16666667,6,1,6,6.00000000,6,1.00000000,0.16666667,0.16666667,0.16666667,0.00000000,,,,,,,,,STABLE_BELOW_0_5,OBSERVED_LOW_SAMPLE
marnie_grimmsnarl,41bdf9d5d3c36ee70007a5d4967839bf960feb66a8f7e3c77ad73bfec973c061,alakazam_psychic,DATE_OUTER_EQUAL,date_outer;team_pair_day_within,6,1,5,0,0.16666667,6,1,6,6.00000000,6,1.00000000,0.16666667,0.16666667,0.16666667,0.00000000,,,,,,,,,STABLE_BELOW_0_5,OBSERVED_LOW_SAMPLE
marnie_grimmsnarl,41bdf9d5d3c36ee70007a5d4967839bf960feb66a8f7e3c77ad73bfec973c061,alakazam_psychic,EXACT_PAIR_OUTER_EQUAL,deck_hash+opponent_deck_hash_outer;date_within,6,1,5,0,0.16666667,6,1,6,6.00000000,6,1.00000000,0.16666667,0.16666667,0.16666667,0.00000000,,,,,,,,,STABLE_BELOW_0_5,OBSERVED_LOW_SAMPLE
marnie_grimmsnarl,41bdf9d5d3c36ee70007a5d4967839bf960feb66a8f7e3c77ad73bfec973c061,cynthia_garchomp,EPISODE_RAW,episode_id+player_index,5,1,4,0,0.20000000,5,5,1,1.00000000,1,0.20000000,0.20000000,0.00000000,0.50000000,0.50000000,0.00000000,1.00000000,0.00000000,0.25000000,0.00000000,1.00000000,0.00000000,0.50000000,SENSITIVE,OBSERVED_ADEQUATE
marnie_grimmsnarl,41bdf9d5d3c36ee70007a5d4967839bf960feb66a8f7e3c77ad73bfec973c061,cynthia_garchomp,TEAM_PAIR_DAY_EQUAL,date+team_id+opponent_team_id+deck_hash+opponent_deck_hash,5,1,4,0,0.20000000,5,3,1,1.00000000,3,0.60000000,0.33333333,0.00000000,0.50000000,0.50000000,0.00000000,1.00000000,0.00000000,0.50000000,0.00000000,1.00000000,0.00000000,0.50000000,SENSITIVE,OBSERVED_ADEQUATE
marnie_grimmsnarl,41bdf9d5d3c36ee70007a5d4967839bf960feb66a8f7e3c77ad73bfec973c061,cynthia_garchomp,TEAM_PAIR_DAY_LEGACY_THREE_KEY,date+team_id+opponent_team_id,5,1,4,0,0.20000000,5,3,1,1.00000000,3,0.60000000,0.33333333,0.00000000,0.50000000,0.50000000,0.00000000,1.00000000,0.00000000,0.50000000,0.00000000,1.00000000,0.00000000,0.50000000,SENSITIVE,OBSERVED_ADEQUATE
marnie_grimmsnarl,41bdf9d5d3c36ee70007a5d4967839bf960feb66a8f7e3c77ad73bfec973c061,cynthia_garchomp,TEAM_PAIR_DAY_EXCLUDE_SINGLE_GAME_UNITS,date+team_id+opponent_team_id+deck_hash+opponent_deck_hash;min_games=2,5,1,4,0,0.20000000,3,1,3,3.00000000,3,1.00000000,0.00000000,0.00000000,0.50000000,0.50000000,0.00000000,0.00000000,0.00000000,0.00000000,0.00000000,0.00000000,0.00000000,0.00000000,SENSITIVE,OBSERVED_ADEQUATE
marnie_grimmsnarl,41bdf9d5d3c36ee70007a5d4967839bf960feb66a8f7e3c77ad73bfec973c061,cynthia_garchomp,TEAM_PAIR_DAY_MIN_5_GAMES,date+team_id+opponent_team_id+deck_hash+opponent_deck_hash;min_games=5,5,1,4,0,0.20000000,0,0,,,,,,0.00000000,0.50000000,0.50000000,,,,,,,,,SENSITIVE,OBSERVED_ADEQUATE
marnie_grimmsnarl,41bdf9d5d3c36ee70007a5d4967839bf960feb66a8f7e3c77ad73bfec973c061,cynthia_garchomp,EXACT_PAIR_DAY_EPISODE_WITHIN,date+deck_hash+opponent_deck_hash,5,1,4,0,0.20000000,5,2,1,2.50000000,4,0.80000000,0.50000000,0.00000000,0.50000000,0.50000000,0.00000000,1.00000000,0.00000000,0.50000000,0.00000000,1.00000000,0.00000000,0.50000000,SENSITIVE,OBSERVED_ADEQUATE
marnie_grimmsnarl,41bdf9d5d3c36ee70007a5d4967839bf960feb66a8f7e3c77ad73bfec973c061,cynthia_garchomp,EXACT_PAIR_DAY_TEAM_PAIR_WITHIN,date+deck_hash+opponent_deck_hash;team_pair_day_within,5,1,4,0,0.20000000,5,2,1,2.50000000,4,0.80000000,0.50000000,0.00000000,0.50000000,0.50000000,0.00000000,1.00000000,0.00000000,0.50000000,0.00000000,1.00000000,0.00000000,0.50000000,SENSITIVE,OBSERVED_ADEQUATE
marnie_grimmsnarl,41bdf9d5d3c36ee70007a5d4967839bf960feb66a8f7e3c77ad73bfec973c061,cynthia_garchomp,DATE_OUTER_EQUAL,date_outer;team_pair_day_within,5,1,4,0,0.20000000,5,2,1,2.50000000,4,0.80000000,0.50000000,0.00000000,0.50000000,0.50000000,0.00000000,1.00000000,0.00000000,0.50000000,0.00000000,1.00000000,0.00000000,0.50000000,SENSITIVE,OBSERVED_ADEQUATE
marnie_grimmsnarl,41bdf9d5d3c36ee70007a5d4967839bf960feb66a8f7e3c77ad73bfec973c061,cynthia_garchomp,EXACT_PAIR_OUTER_EQUAL,deck_hash+opponent_deck_hash_outer;date_within,5,1,4,0,0.20000000,5,1,5,5.00000000,5,1.00000000,0.50000000,0.00000000,0.50000000,0.50000000,0.00000000,1.00000000,0.00000000,0.50000000,0.00000000,1.00000000,0.00000000,0.50000000,SENSITIVE,OBSERVED_ADEQUATE
marnie_grimmsnarl,41bdf9d5d3c36ee70007a5d4967839bf960feb66a8f7e3c77ad73bfec973c061,rocket_mewtwo_spidops,EPISODE_RAW,episode_id+player_index,15,9,6,0,0.60000000,15,15,1,1.00000000,1,0.06666667,0.60000000,0.60000000,0.60000000,0.00000000,,,,,,,,,STABLE_ABOVE_0_5,OBSERVED_LOW_SAMPLE
marnie_grimmsnarl,41bdf9d5d3c36ee70007a5d4967839bf960feb66a8f7e3c77ad73bfec973c061,rocket_mewtwo_spidops,TEAM_PAIR_DAY_EQUAL,date+team_id+opponent_team_id+deck_hash+opponent_deck_hash,15,9,6,0,0.60000000,15,1,15,15.00000000,15,1.00000000,0.60000000,0.60000000,0.60000000,0.00000000,,,,,,,,,STABLE_ABOVE_0_5,OBSERVED_LOW_SAMPLE
marnie_grimmsnarl,41bdf9d5d3c36ee70007a5d4967839bf960feb66a8f7e3c77ad73bfec973c061,rocket_mewtwo_spidops,TEAM_PAIR_DAY_LEGACY_THREE_KEY,date+team_id+opponent_team_id,15,9,6,0,0.60000000,15,1,15,15.00000000,15,1.00000000,0.60000000,0.60000000,0.60000000,0.00000000,,,,,,,,,STABLE_ABOVE_0_5,OBSERVED_LOW_SAMPLE
marnie_grimmsnarl,41bdf9d5d3c36ee70007a5d4967839bf960feb66a8f7e3c77ad73bfec973c061,rocket_mewtwo_spidops,TEAM_PAIR_DAY_EXCLUDE_SINGLE_GAME_UNITS,date+team_id+opponent_team_id+deck_hash+opponent_deck_hash;min_games=2,15,9,6,0,0.60000000,15,1,15,15.00000000,15,1.00000000,0.60000000,0.60000000,0.60000000,0.00000000,,,,,,,,,STABLE_ABOVE_0_5,OBSERVED_LOW_SAMPLE
marnie_grimmsnarl,41bdf9d5d3c36ee70007a5d4967839bf960feb66a8f7e3c77ad73bfec973c061,rocket_mewtwo_spidops,TEAM_PAIR_DAY_MIN_5_GAMES,date+team_id+opponent_team_id+deck_hash+opponent_deck_hash;min_games=5,15,9,6,0,0.60000000,15,1,15,15.00000000,15,1.00000000,0.60000000,0.60000000,0.60000000,0.00000000,,,,,,,,,STABLE_ABOVE_0_5,OBSERVED_LOW_SAMPLE
marnie_grimmsnarl,41bdf9d5d3c36ee70007a5d4967839bf960feb66a8f7e3c77ad73bfec973c061,rocket_mewtwo_spidops,EXACT_PAIR_DAY_EPISODE_WITHIN,date+deck_hash+opponent_deck_hash,15,9,6,0,0.60000000,15,1,15,15.00000000,15,1.00000000,0.60000000,0.60000000,0.60000000,0.00000000,,,,,,,,,STABLE_ABOVE_0_5,OBSERVED_LOW_SAMPLE
marnie_grimmsnarl,41bdf9d5d3c36ee70007a5d4967839bf960feb66a8f7e3c77ad73bfec973c061,rocket_mewtwo_spidops,EXACT_PAIR_DAY_TEAM_PAIR_WITHIN,date+deck_hash+opponent_deck_hash;team_pair_day_within,15,9,6,0,0.60000000,15,1,15,15.00000000,15,1.00000000,0.60000000,0.60000000,0.60000000,0.00000000,,,,,,,,,STABLE_ABOVE_0_5,OBSERVED_LOW_SAMPLE
marnie_grimmsnarl,41bdf9d5d3c36ee70007a5d4967839bf960feb66a8f7e3c77ad73bfec973c061,rocket_mewtwo_spidops,DATE_OUTER_EQUAL,date_outer;team_pair_day_within,15,9,6,0,0.60000000,15,1,15,15.00000000,15,1.00000000,0.60000000,0.60000000,0.60000000,0.00000000,,,,,,,,,STABLE_ABOVE_0_5,OBSERVED_LOW_SAMPLE
marnie_grimmsnarl,41bdf9d5d3c36ee70007a5d4967839bf960feb66a8f7e3c77ad73bfec973c061,rocket_mewtwo_spidops,EXACT_PAIR_OUTER_EQUAL,deck_hash+opponent_deck_hash_outer;date_within,15,9,6,0,0.60000000,15,1,15,15.00000000,15,1.00000000,0.60000000,0.60000000,0.60000000,0.00000000,,,,,,,,,STABLE_ABOVE_0_5,OBSERVED_LOW_SAMPLE
marnie_grimmsnarl,41bdf9d5d3c36ee70007a5d4967839bf960feb66a8f7e3c77ad73bfec973c061,kangaskhan_crustle,EPISODE_RAW,,0,0,0,0,,0,0,,,,,,,,,,,,,,,,,UNOBSERVED,UNOBSERVED
marnie_grimmsnarl,41bdf9d5d3c36ee70007a5d4967839bf960feb66a8f7e3c77ad73bfec973c061,kangaskhan_crustle,TEAM_PAIR_DAY_EQUAL,,0,0,0,0,,0,0,,,,,,,,,,,,,,,,,UNOBSERVED,UNOBSERVED
marnie_grimmsnarl,41bdf9d5d3c36ee70007a5d4967839bf960feb66a8f7e3c77ad73bfec973c061,kangaskhan_crustle,TEAM_PAIR_DAY_LEGACY_THREE_KEY,,0,0,0,0,,0,0,,,,,,,,,,,,,,,,,UNOBSERVED,UNOBSERVED
marnie_grimmsnarl,41bdf9d5d3c36ee70007a5d4967839bf960feb66a8f7e3c77ad73bfec973c061,kangaskhan_crustle,TEAM_PAIR_DAY_EXCLUDE_SINGLE_GAME_UNITS,,0,0,0,0,,0,0,,,,,,,,,,,,,,,,,UNOBSERVED,UNOBSERVED
marnie_grimmsnarl,41bdf9d5d3c36ee70007a5d4967839bf960feb66a8f7e3c77ad73bfec973c061,kangaskhan_crustle,TEAM_PAIR_DAY_MIN_5_GAMES,,0,0,0,0,,0,0,,,,,,,,,,,,,,,,,UNOBSERVED,UNOBSERVED
marnie_grimmsnarl,41bdf9d5d3c36ee70007a5d4967839bf960feb66a8f7e3c77ad73bfec973c061,kangaskhan_crustle,EXACT_PAIR_DAY_EPISODE_WITHIN,,0,0,0,0,,0,0,,,,,,,,,,,,,,,,,UNOBSERVED,UNOBSERVED
marnie_grimmsnarl,41bdf9d5d3c36ee70007a5d4967839bf960feb66a8f7e3c77ad73bfec973c061,kangaskhan_crustle,EXACT_PAIR_DAY_TEAM_PAIR_WITHIN,,0,0,0,0,,0,0,,,,,,,,,,,,,,,,,UNOBSERVED,UNOBSERVED
marnie_grimmsnarl,41bdf9d5d3c36ee70007a5d4967839bf960feb66a8f7e3c77ad73bfec973c061,kangaskhan_crustle,DATE_OUTER_EQUAL,,0,0,0,0,,0,0,,,,,,,,,,,,,,,,,UNOBSERVED,UNOBSERVED
marnie_grimmsnarl,41bdf9d5d3c36ee70007a5d4967839bf960feb66a8f7e3c77ad73bfec973c061,kangaskhan_crustle,EXACT_PAIR_OUTER_EQUAL,,0,0,0,0,,0,0,,,,,,,,,,,,,,,,,UNOBSERVED,UNOBSERVED
marnie_grimmsnarl,844bf7ad54baf1fa12555e1c75076f24b7becdf8d6b5470ef758b101a7177181,marnie_grimmsnarl,EPISODE_RAW,episode_id+player_index,2,0,2,0,0.00000000,2,2,1,1.00000000,1,0.50000000,0.00000000,0.00000000,0.00000000,0.00000000,,,,,,,,,STABLE_BELOW_0_5,OBSERVED_LOW_SAMPLE
marnie_grimmsnarl,844bf7ad54baf1fa12555e1c75076f24b7becdf8d6b5470ef758b101a7177181,marnie_grimmsnarl,TEAM_PAIR_DAY_EQUAL,date+team_id+opponent_team_id+deck_hash+opponent_deck_hash,2,0,2,0,0.00000000,2,1,2,2.00000000,2,1.00000000,0.00000000,0.00000000,0.00000000,0.00000000,,,,,,,,,STABLE_BELOW_0_5,OBSERVED_LOW_SAMPLE
marnie_grimmsnarl,844bf7ad54baf1fa12555e1c75076f24b7becdf8d6b5470ef758b101a7177181,marnie_grimmsnarl,TEAM_PAIR_DAY_LEGACY_THREE_KEY,date+team_id+opponent_team_id,2,0,2,0,0.00000000,2,1,2,2.00000000,2,1.00000000,0.00000000,0.00000000,0.00000000,0.00000000,,,,,,,,,STABLE_BELOW_0_5,OBSERVED_LOW_SAMPLE
marnie_grimmsnarl,844bf7ad54baf1fa12555e1c75076f24b7becdf8d6b5470ef758b101a7177181,marnie_grimmsnarl,TEAM_PAIR_DAY_EXCLUDE_SINGLE_GAME_UNITS,date+team_id+opponent_team_id+deck_hash+opponent_deck_hash;min_games=2,2,0,2,0,0.00000000,2,1,2,2.00000000,2,1.00000000,0.00000000,0.00000000,0.00000000,0.00000000,,,,,,,,,STABLE_BELOW_0_5,OBSERVED_LOW_SAMPLE
marnie_grimmsnarl,844bf7ad54baf1fa12555e1c75076f24b7becdf8d6b5470ef758b101a7177181,marnie_grimmsnarl,TEAM_PAIR_DAY_MIN_5_GAMES,date+team_id+opponent_team_id+deck_hash+opponent_deck_hash;min_games=5,2,0,2,0,0.00000000,0,0,,,,,,0.00000000,0.00000000,0.00000000,,,,,,,,,STABLE_BELOW_0_5,OBSERVED_LOW_SAMPLE
marnie_grimmsnarl,844bf7ad54baf1fa12555e1c75076f24b7becdf8d6b5470ef758b101a7177181,marnie_grimmsnarl,EXACT_PAIR_DAY_EPISODE_WITHIN,date+deck_hash+opponent_deck_hash,2,0,2,0,0.00000000,2,1,2,2.00000000,2,1.00000000,0.00000000,0.00000000,0.00000000,0.00000000,,,,,,,,,STABLE_BELOW_0_5,OBSERVED_LOW_SAMPLE
marnie_grimmsnarl,844bf7ad54baf1fa12555e1c75076f24b7becdf8d6b5470ef758b101a7177181,marnie_grimmsnarl,EXACT_PAIR_DAY_TEAM_PAIR_WITHIN,date+deck_hash+opponent_deck_hash;team_pair_day_within,2,0,2,0,0.00000000,2,1,2,2.00000000,2,1.00000000,0.00000000,0.00000000,0.00000000,0.00000000,,,,,,,,,STABLE_BELOW_0_5,OBSERVED_LOW_SAMPLE
marnie_grimmsnarl,844bf7ad54baf1fa12555e1c75076f24b7becdf8d6b5470ef758b101a7177181,marnie_grimmsnarl,DATE_OUTER_EQUAL,date_outer;team_pair_day_within,2,0,2,0,0.00000000,2,1,2,2.00000000,2,1.00000000,0.00000000,0.00000000,0.00000000,0.00000000,,,,,,,,,STABLE_BELOW_0_5,OBSERVED_LOW_SAMPLE
marnie_grimmsnarl,844bf7ad54baf1fa12555e1c75076f24b7becdf8d6b5470ef758b101a7177181,marnie_grimmsnarl,EXACT_PAIR_OUTER_EQUAL,deck_hash+opponent_deck_hash_outer;date_within,2,0,2,0,0.00000000,2,1,2,2.00000000,2,1.00000000,0.00000000,0.00000000,0.00000000,0.00000000,,,,,,,,,STABLE_BELOW_0_5,OBSERVED_LOW_SAMPLE
marnie_grimmsnarl,844bf7ad54baf1fa12555e1c75076f24b7becdf8d6b5470ef758b101a7177181,alakazam_psychic,EPISODE_RAW,,0,0,0,0,,0,0,,,,,,,,,,,,,,,,,UNOBSERVED,UNOBSERVED
marnie_grimmsnarl,844bf7ad54baf1fa12555e1c75076f24b7becdf8d6b5470ef758b101a7177181,alakazam_psychic,TEAM_PAIR_DAY_EQUAL,,0,0,0,0,,0,0,,,,,,,,,,,,,,,,,UNOBSERVED,UNOBSERVED
marnie_grimmsnarl,844bf7ad54baf1fa12555e1c75076f24b7becdf8d6b5470ef758b101a7177181,alakazam_psychic,TEAM_PAIR_DAY_LEGACY_THREE_KEY,,0,0,0,0,,0,0,,,,,,,,,,,,,,,,,UNOBSERVED,UNOBSERVED
marnie_grimmsnarl,844bf7ad54baf1fa12555e1c75076f24b7becdf8d6b5470ef758b101a7177181,alakazam_psychic,TEAM_PAIR_DAY_EXCLUDE_SINGLE_GAME_UNITS,,0,0,0,0,,0,0,,,,,,,,,,,,,,,,,UNOBSERVED,UNOBSERVED
marnie_grimmsnarl,844bf7ad54baf1fa12555e1c75076f24b7becdf8d6b5470ef758b101a7177181,alakazam_psychic,TEAM_PAIR_DAY_MIN_5_GAMES,,0,0,0,0,,0,0,,,,,,,,,,,,,,,,,UNOBSERVED,UNOBSERVED
marnie_grimmsnarl,844bf7ad54baf1fa12555e1c75076f24b7becdf8d6b5470ef758b101a7177181,alakazam_psychic,EXACT_PAIR_DAY_EPISODE_WITHIN,,0,0,0,0,,0,0,,,,,,,,,,,,,,,,,UNOBSERVED,UNOBSERVED
marnie_grimmsnarl,844bf7ad54baf1fa12555e1c75076f24b7becdf8d6b5470ef758b101a7177181,alakazam_psychic,EXACT_PAIR_DAY_TEAM_PAIR_WITHIN,,0,0,0,0,,0,0,,,,,,,,,,,,,,,,,UNOBSERVED,UNOBSERVED
marnie_grimmsnarl,844bf7ad54baf1fa12555e1c75076f24b7becdf8d6b5470ef758b101a7177181,alakazam_psychic,DATE_OUTER_EQUAL,,0,0,0,0,,0,0,,,,,,,,,,,,,,,,,UNOBSERVED,UNOBSERVED
marnie_grimmsnarl,844bf7ad54baf1fa12555e1c75076f24b7becdf8d6b5470ef758b101a7177181,alakazam_psychic,EXACT_PAIR_OUTER_EQUAL,,0,0,0,0,,0,0,,,,,,,,,,,,,,,,,UNOBSERVED,UNOBSERVED
marnie_grimmsnarl,844bf7ad54baf1fa12555e1c75076f24b7becdf8d6b5470ef758b101a7177181,cynthia_garchomp,EPISODE_RAW,,0,0,0,0,,0,0,,,,,,,,,,,,,,,,,UNOBSERVED,UNOBSERVED
marnie_grimmsnarl,844bf7ad54baf1fa12555e1c75076f24b7becdf8d6b5470ef758b101a7177181,cynthia_garchomp,TEAM_PAIR_DAY_EQUAL,,0,0,0,0,,0,0,,,,,,,,,,,,,,,,,UNOBSERVED,UNOBSERVED
marnie_grimmsnarl,844bf7ad54baf1fa12555e1c75076f24b7becdf8d6b5470ef758b101a7177181,cynthia_garchomp,TEAM_PAIR_DAY_LEGACY_THREE_KEY,,0,0,0,0,,0,0,,,,,,,,,,,,,,,,,UNOBSERVED,UNOBSERVED
marnie_grimmsnarl,844bf7ad54baf1fa12555e1c75076f24b7becdf8d6b5470ef758b101a7177181,cynthia_garchomp,TEAM_PAIR_DAY_EXCLUDE_SINGLE_GAME_UNITS,,0,0,0,0,,0,0,,,,,,,,,,,,,,,,,UNOBSERVED,UNOBSERVED
marnie_grimmsnarl,844bf7ad54baf1fa12555e1c75076f24b7becdf8d6b5470ef758b101a7177181,cynthia_garchomp,TEAM_PAIR_DAY_MIN_5_GAMES,,0,0,0,0,,0,0,,,,,,,,,,,,,,,,,UNOBSERVED,UNOBSERVED
marnie_grimmsnarl,844bf7ad54baf1fa12555e1c75076f24b7becdf8d6b5470ef758b101a7177181,cynthia_garchomp,EXACT_PAIR_DAY_EPISODE_WITHIN,,0,0,0,0,,0,0,,,,,,,,,,,,,,,,,UNOBSERVED,UNOBSERVED
marnie_grimmsnarl,844bf7ad54baf1fa12555e1c75076f24b7becdf8d6b5470ef758b101a7177181,cynthia_garchomp,EXACT_PAIR_DAY_TEAM_PAIR_WITHIN,,0,0,0,0,,0,0,,,,,,,,,,,,,,,,,UNOBSERVED,UNOBSERVED
marnie_grimmsnarl,844bf7ad54baf1fa12555e1c75076f24b7becdf8d6b5470ef758b101a7177181,cynthia_garchomp,DATE_OUTER_EQUAL,,0,0,0,0,,0,0,,,,,,,,,,,,,,,,,UNOBSERVED,UNOBSERVED
marnie_grimmsnarl,844bf7ad54baf1fa12555e1c75076f24b7becdf8d6b5470ef758b101a7177181,cynthia_garchomp,EXACT_PAIR_OUTER_EQUAL,,0,0,0,0,,0,0,,,,,,,,,,,,,,,,,UNOBSERVED,UNOBSERVED
marnie_grimmsnarl,844bf7ad54baf1fa12555e1c75076f24b7becdf8d6b5470ef758b101a7177181,rocket_mewtwo_spidops,EPISODE_RAW,,0,0,0,0,,0,0,,,,,,,,,,,,,,,,,UNOBSERVED,UNOBSERVED
marnie_grimmsnarl,844bf7ad54baf1fa12555e1c75076f24b7becdf8d6b5470ef758b101a7177181,rocket_mewtwo_spidops,TEAM_PAIR_DAY_EQUAL,,0,0,0,0,,0,0,,,,,,,,,,,,,,,,,UNOBSERVED,UNOBSERVED
marnie_grimmsnarl,844bf7ad54baf1fa12555e1c75076f24b7becdf8d6b5470ef758b101a7177181,rocket_mewtwo_spidops,TEAM_PAIR_DAY_LEGACY_THREE_KEY,,0,0,0,0,,0,0,,,,,,,,,,,,,,,,,UNOBSERVED,UNOBSERVED
marnie_grimmsnarl,844bf7ad54baf1fa12555e1c75076f24b7becdf8d6b5470ef758b101a7177181,rocket_mewtwo_spidops,TEAM_PAIR_DAY_EXCLUDE_SINGLE_GAME_UNITS,,0,0,0,0,,0,0,,,,,,,,,,,,,,,,,UNOBSERVED,UNOBSERVED
marnie_grimmsnarl,844bf7ad54baf1fa12555e1c75076f24b7becdf8d6b5470ef758b101a7177181,rocket_mewtwo_spidops,TEAM_PAIR_DAY_MIN_5_GAMES,,0,0,0,0,,0,0,,,,,,,,,,,,,,,,,UNOBSERVED,UNOBSERVED
marnie_grimmsnarl,844bf7ad54baf1fa12555e1c75076f24b7becdf8d6b5470ef758b101a7177181,rocket_mewtwo_spidops,EXACT_PAIR_DAY_EPISODE_WITHIN,,0,0,0,0,,0,0,,,,,,,,,,,,,,,,,UNOBSERVED,UNOBSERVED
marnie_grimmsnarl,844bf7ad54baf1fa12555e1c75076f24b7becdf8d6b5470ef758b101a7177181,rocket_mewtwo_spidops,EXACT_PAIR_DAY_TEAM_PAIR_WITHIN,,0,0,0,0,,0,0,,,,,,,,,,,,,,,,,UNOBSERVED,UNOBSERVED
marnie_grimmsnarl,844bf7ad54baf1fa12555e1c75076f24b7becdf8d6b5470ef758b101a7177181,rocket_mewtwo_spidops,DATE_OUTER_EQUAL,,0,0,0,0,,0,0,,,,,,,,,,,,,,,,,UNOBSERVED,UNOBSERVED
marnie_grimmsnarl,844bf7ad54baf1fa12555e1c75076f24b7becdf8d6b5470ef758b101a7177181,rocket_mewtwo_spidops,EXACT_PAIR_OUTER_EQUAL,,0,0,0,0,,0,0,,,,,,,,,,,,,,,,,UNOBSERVED,UNOBSERVED
marnie_grimmsnarl,844bf7ad54baf1fa12555e1c75076f24b7becdf8d6b5470ef758b101a7177181,kangaskhan_crustle,EPISODE_RAW,,0,0,0,0,,0,0,,,,,,,,,,,,,,,,,UNOBSERVED,UNOBSERVED
marnie_grimmsnarl,844bf7ad54baf1fa12555e1c75076f24b7becdf8d6b5470ef758b101a7177181,kangaskhan_crustle,TEAM_PAIR_DAY_EQUAL,,0,0,0,0,,0,0,,,,,,,,,,,,,,,,,UNOBSERVED,UNOBSERVED
marnie_grimmsnarl,844bf7ad54baf1fa12555e1c75076f24b7becdf8d6b5470ef758b101a7177181,kangaskhan_crustle,TEAM_PAIR_DAY_LEGACY_THREE_KEY,,0,0,0,0,,0,0,,,,,,,,,,,,,,,,,UNOBSERVED,UNOBSERVED
marnie_grimmsnarl,844bf7ad54baf1fa12555e1c75076f24b7becdf8d6b5470ef758b101a7177181,kangaskhan_crustle,TEAM_PAIR_DAY_EXCLUDE_SINGLE_GAME_UNITS,,0,0,0,0,,0,0,,,,,,,,,,,,,,,,,UNOBSERVED,UNOBSERVED
marnie_grimmsnarl,844bf7ad54baf1fa12555e1c75076f24b7becdf8d6b5470ef758b101a7177181,kangaskhan_crustle,TEAM_PAIR_DAY_MIN_5_GAMES,,0,0,0,0,,0,0,,,,,,,,,,,,,,,,,UNOBSERVED,UNOBSERVED
marnie_grimmsnarl,844bf7ad54baf1fa12555e1c75076f24b7becdf8d6b5470ef758b101a7177181,kangaskhan_crustle,EXACT_PAIR_DAY_EPISODE_WITHIN,,0,0,0,0,,0,0,,,,,,,,,,,,,,,,,UNOBSERVED,UNOBSERVED
marnie_grimmsnarl,844bf7ad54baf1fa12555e1c75076f24b7becdf8d6b5470ef758b101a7177181,kangaskhan_crustle,EXACT_PAIR_DAY_TEAM_PAIR_WITHIN,,0,0,0,0,,0,0,,,,,,,,,,,,,,,,,UNOBSERVED,UNOBSERVED
marnie_grimmsnarl,844bf7ad54baf1fa12555e1c75076f24b7becdf8d6b5470ef758b101a7177181,kangaskhan_crustle,DATE_OUTER_EQUAL,,0,0,0,0,,0,0,,,,,,,,,,,,,,,,,UNOBSERVED,UNOBSERVED
marnie_grimmsnarl,844bf7ad54baf1fa12555e1c75076f24b7becdf8d6b5470ef758b101a7177181,kangaskhan_crustle,EXACT_PAIR_OUTER_EQUAL,,0,0,0,0,,0,0,,,,,,,,,,,,,,,,,UNOBSERVED,UNOBSERVED
rocket_mewtwo_spidops,08cdc986c1077da2e1bd5563b7759e7183aa0abee20dd68bf668406195b945f4,marnie_grimmsnarl,EPISODE_RAW,episode_id+player_index,2,1,1,0,0.50000000,2,2,1,1.00000000,1,0.50000000,0.50000000,0.50000000,0.50000000,0.00000000,,,,,,,,,SENSITIVE,OBSERVED_LOW_SAMPLE
rocket_mewtwo_spidops,08cdc986c1077da2e1bd5563b7759e7183aa0abee20dd68bf668406195b945f4,marnie_grimmsnarl,TEAM_PAIR_DAY_EQUAL,date+team_id+opponent_team_id+deck_hash+opponent_deck_hash,2,1,1,0,0.50000000,2,1,2,2.00000000,2,1.00000000,0.50000000,0.50000000,0.50000000,0.00000000,,,,,,,,,SENSITIVE,OBSERVED_LOW_SAMPLE
rocket_mewtwo_spidops,08cdc986c1077da2e1bd5563b7759e7183aa0abee20dd68bf668406195b945f4,marnie_grimmsnarl,TEAM_PAIR_DAY_LEGACY_THREE_KEY,date+team_id+opponent_team_id,2,1,1,0,0.50000000,2,1,2,2.00000000,2,1.00000000,0.50000000,0.50000000,0.50000000,0.00000000,,,,,,,,,SENSITIVE,OBSERVED_LOW_SAMPLE
rocket_mewtwo_spidops,08cdc986c1077da2e1bd5563b7759e7183aa0abee20dd68bf668406195b945f4,marnie_grimmsnarl,TEAM_PAIR_DAY_EXCLUDE_SINGLE_GAME_UNITS,date+team_id+opponent_team_id+deck_hash+opponent_deck_hash;min_games=2,2,1,1,0,0.50000000,2,1,2,2.00000000,2,1.00000000,0.50000000,0.50000000,0.50000000,0.00000000,,,,,,,,,SENSITIVE,OBSERVED_LOW_SAMPLE
rocket_mewtwo_spidops,08cdc986c1077da2e1bd5563b7759e7183aa0abee20dd68bf668406195b945f4,marnie_grimmsnarl,TEAM_PAIR_DAY_MIN_5_GAMES,date+team_id+opponent_team_id+deck_hash+opponent_deck_hash;min_games=5,2,1,1,0,0.50000000,0,0,,,,,,0.50000000,0.50000000,0.00000000,,,,,,,,,SENSITIVE,OBSERVED_LOW_SAMPLE
rocket_mewtwo_spidops,08cdc986c1077da2e1bd5563b7759e7183aa0abee20dd68bf668406195b945f4,marnie_grimmsnarl,EXACT_PAIR_DAY_EPISODE_WITHIN,date+deck_hash+opponent_deck_hash,2,1,1,0,0.50000000,2,1,2,2.00000000,2,1.00000000,0.50000000,0.50000000,0.50000000,0.00000000,,,,,,,,,SENSITIVE,OBSERVED_LOW_SAMPLE
rocket_mewtwo_spidops,08cdc986c1077da2e1bd5563b7759e7183aa0abee20dd68bf668406195b945f4,marnie_grimmsnarl,EXACT_PAIR_DAY_TEAM_PAIR_WITHIN,date+deck_hash+opponent_deck_hash;team_pair_day_within,2,1,1,0,0.50000000,2,1,2,2.00000000,2,1.00000000,0.50000000,0.50000000,0.50000000,0.00000000,,,,,,,,,SENSITIVE,OBSERVED_LOW_SAMPLE
rocket_mewtwo_spidops,08cdc986c1077da2e1bd5563b7759e7183aa0abee20dd68bf668406195b945f4,marnie_grimmsnarl,DATE_OUTER_EQUAL,date_outer;team_pair_day_within,2,1,1,0,0.50000000,2,1,2,2.00000000,2,1.00000000,0.50000000,0.50000000,0.50000000,0.00000000,,,,,,,,,SENSITIVE,OBSERVED_LOW_SAMPLE
rocket_mewtwo_spidops,08cdc986c1077da2e1bd5563b7759e7183aa0abee20dd68bf668406195b945f4,marnie_grimmsnarl,EXACT_PAIR_OUTER_EQUAL,deck_hash+opponent_deck_hash_outer;date_within,2,1,1,0,0.50000000,2,1,2,2.00000000,2,1.00000000,0.50000000,0.50000000,0.50000000,0.00000000,,,,,,,,,SENSITIVE,OBSERVED_LOW_SAMPLE
rocket_mewtwo_spidops,08cdc986c1077da2e1bd5563b7759e7183aa0abee20dd68bf668406195b945f4,alakazam_psychic,EPISODE_RAW,,0,0,0,0,,0,0,,,,,,,,,,,,,,,,,UNOBSERVED,UNOBSERVED
rocket_mewtwo_spidops,08cdc986c1077da2e1bd5563b7759e7183aa0abee20dd68bf668406195b945f4,alakazam_psychic,TEAM_PAIR_DAY_EQUAL,,0,0,0,0,,0,0,,,,,,,,,,,,,,,,,UNOBSERVED,UNOBSERVED
rocket_mewtwo_spidops,08cdc986c1077da2e1bd5563b7759e7183aa0abee20dd68bf668406195b945f4,alakazam_psychic,TEAM_PAIR_DAY_LEGACY_THREE_KEY,,0,0,0,0,,0,0,,,,,,,,,,,,,,,,,UNOBSERVED,UNOBSERVED
rocket_mewtwo_spidops,08cdc986c1077da2e1bd5563b7759e7183aa0abee20dd68bf668406195b945f4,alakazam_psychic,TEAM_PAIR_DAY_EXCLUDE_SINGLE_GAME_UNITS,,0,0,0,0,,0,0,,,,,,,,,,,,,,,,,UNOBSERVED,UNOBSERVED
rocket_mewtwo_spidops,08cdc986c1077da2e1bd5563b7759e7183aa0abee20dd68bf668406195b945f4,alakazam_psychic,TEAM_PAIR_DAY_MIN_5_GAMES,,0,0,0,0,,0,0,,,,,,,,,,,,,,,,,UNOBSERVED,UNOBSERVED
rocket_mewtwo_spidops,08cdc986c1077da2e1bd5563b7759e7183aa0abee20dd68bf668406195b945f4,alakazam_psychic,EXACT_PAIR_DAY_EPISODE_WITHIN,,0,0,0,0,,0,0,,,,,,,,,,,,,,,,,UNOBSERVED,UNOBSERVED
rocket_mewtwo_spidops,08cdc986c1077da2e1bd5563b7759e7183aa0abee20dd68bf668406195b945f4,alakazam_psychic,EXACT_PAIR_DAY_TEAM_PAIR_WITHIN,,0,0,0,0,,0,0,,,,,,,,,,,,,,,,,UNOBSERVED,UNOBSERVED
rocket_mewtwo_spidops,08cdc986c1077da2e1bd5563b7759e7183aa0abee20dd68bf668406195b945f4,alakazam_psychic,DATE_OUTER_EQUAL,,0,0,0,0,,0,0,,,,,,,,,,,,,,,,,UNOBSERVED,UNOBSERVED
rocket_mewtwo_spidops,08cdc986c1077da2e1bd5563b7759e7183aa0abee20dd68bf668406195b945f4,alakazam_psychic,EXACT_PAIR_OUTER_EQUAL,,0,0,0,0,,0,0,,,,,,,,,,,,,,,,,UNOBSERVED,UNOBSERVED
rocket_mewtwo_spidops,08cdc986c1077da2e1bd5563b7759e7183aa0abee20dd68bf668406195b945f4,cynthia_garchomp,EPISODE_RAW,,0,0,0,0,,0,0,,,,,,,,,,,,,,,,,UNOBSERVED,UNOBSERVED
rocket_mewtwo_spidops,08cdc986c1077da2e1bd5563b7759e7183aa0abee20dd68bf668406195b945f4,cynthia_garchomp,TEAM_PAIR_DAY_EQUAL,,0,0,0,0,,0,0,,,,,,,,,,,,,,,,,UNOBSERVED,UNOBSERVED
rocket_mewtwo_spidops,08cdc986c1077da2e1bd5563b7759e7183aa0abee20dd68bf668406195b945f4,cynthia_garchomp,TEAM_PAIR_DAY_LEGACY_THREE_KEY,,0,0,0,0,,0,0,,,,,,,,,,,,,,,,,UNOBSERVED,UNOBSERVED
rocket_mewtwo_spidops,08cdc986c1077da2e1bd5563b7759e7183aa0abee20dd68bf668406195b945f4,cynthia_garchomp,TEAM_PAIR_DAY_EXCLUDE_SINGLE_GAME_UNITS,,0,0,0,0,,0,0,,,,,,,,,,,,,,,,,UNOBSERVED,UNOBSERVED
rocket_mewtwo_spidops,08cdc986c1077da2e1bd5563b7759e7183aa0abee20dd68bf668406195b945f4,cynthia_garchomp,TEAM_PAIR_DAY_MIN_5_GAMES,,0,0,0,0,,0,0,,,,,,,,,,,,,,,,,UNOBSERVED,UNOBSERVED
rocket_mewtwo_spidops,08cdc986c1077da2e1bd5563b7759e7183aa0abee20dd68bf668406195b945f4,cynthia_garchomp,EXACT_PAIR_DAY_EPISODE_WITHIN,,0,0,0,0,,0,0,,,,,,,,,,,,,,,,,UNOBSERVED,UNOBSERVED
rocket_mewtwo_spidops,08cdc986c1077da2e1bd5563b7759e7183aa0abee20dd68bf668406195b945f4,cynthia_garchomp,EXACT_PAIR_DAY_TEAM_PAIR_WITHIN,,0,0,0,0,,0,0,,,,,,,,,,,,,,,,,UNOBSERVED,UNOBSERVED
rocket_mewtwo_spidops,08cdc986c1077da2e1bd5563b7759e7183aa0abee20dd68bf668406195b945f4,cynthia_garchomp,DATE_OUTER_EQUAL,,0,0,0,0,,0,0,,,,,,,,,,,,,,,,,UNOBSERVED,UNOBSERVED
rocket_mewtwo_spidops,08cdc986c1077da2e1bd5563b7759e7183aa0abee20dd68bf668406195b945f4,cynthia_garchomp,EXACT_PAIR_OUTER_EQUAL,,0,0,0,0,,0,0,,,,,,,,,,,,,,,,,UNOBSERVED,UNOBSERVED
rocket_mewtwo_spidops,08cdc986c1077da2e1bd5563b7759e7183aa0abee20dd68bf668406195b945f4,rocket_mewtwo_spidops,EPISODE_RAW,,0,0,0,0,,0,0,,,,,,,,,,,,,,,,,UNOBSERVED,UNOBSERVED
rocket_mewtwo_spidops,08cdc986c1077da2e1bd5563b7759e7183aa0abee20dd68bf668406195b945f4,rocket_mewtwo_spidops,TEAM_PAIR_DAY_EQUAL,,0,0,0,0,,0,0,,,,,,,,,,,,,,,,,UNOBSERVED,UNOBSERVED
rocket_mewtwo_spidops,08cdc986c1077da2e1bd5563b7759e7183aa0abee20dd68bf668406195b945f4,rocket_mewtwo_spidops,TEAM_PAIR_DAY_LEGACY_THREE_KEY,,0,0,0,0,,0,0,,,,,,,,,,,,,,,,,UNOBSERVED,UNOBSERVED
rocket_mewtwo_spidops,08cdc986c1077da2e1bd5563b7759e7183aa0abee20dd68bf668406195b945f4,rocket_mewtwo_spidops,TEAM_PAIR_DAY_EXCLUDE_SINGLE_GAME_UNITS,,0,0,0,0,,0,0,,,,,,,,,,,,,,,,,UNOBSERVED,UNOBSERVED
rocket_mewtwo_spidops,08cdc986c1077da2e1bd5563b7759e7183aa0abee20dd68bf668406195b945f4,rocket_mewtwo_spidops,TEAM_PAIR_DAY_MIN_5_GAMES,,0,0,0,0,,0,0,,,,,,,,,,,,,,,,,UNOBSERVED,UNOBSERVED
rocket_mewtwo_spidops,08cdc986c1077da2e1bd5563b7759e7183aa0abee20dd68bf668406195b945f4,rocket_mewtwo_spidops,EXACT_PAIR_DAY_EPISODE_WITHIN,,0,0,0,0,,0,0,,,,,,,,,,,,,,,,,UNOBSERVED,UNOBSERVED
rocket_mewtwo_spidops,08cdc986c1077da2e1bd5563b7759e7183aa0abee20dd68bf668406195b945f4,rocket_mewtwo_spidops,EXACT_PAIR_DAY_TEAM_PAIR_WITHIN,,0,0,0,0,,0,0,,,,,,,,,,,,,,,,,UNOBSERVED,UNOBSERVED
rocket_mewtwo_spidops,08cdc986c1077da2e1bd5563b7759e7183aa0abee20dd68bf668406195b945f4,rocket_mewtwo_spidops,DATE_OUTER_EQUAL,,0,0,0,0,,0,0,,,,,,,,,,,,,,,,,UNOBSERVED,UNOBSERVED
rocket_mewtwo_spidops,08cdc986c1077da2e1bd5563b7759e7183aa0abee20dd68bf668406195b945f4,rocket_mewtwo_spidops,EXACT_PAIR_OUTER_EQUAL,,0,0,0,0,,0,0,,,,,,,,,,,,,,,,,UNOBSERVED,UNOBSERVED
rocket_mewtwo_spidops,08cdc986c1077da2e1bd5563b7759e7183aa0abee20dd68bf668406195b945f4,kangaskhan_crustle,EPISODE_RAW,,0,0,0,0,,0,0,,,,,,,,,,,,,,,,,UNOBSERVED,UNOBSERVED
rocket_mewtwo_spidops,08cdc986c1077da2e1bd5563b7759e7183aa0abee20dd68bf668406195b945f4,kangaskhan_crustle,TEAM_PAIR_DAY_EQUAL,,0,0,0,0,,0,0,,,,,,,,,,,,,,,,,UNOBSERVED,UNOBSERVED
rocket_mewtwo_spidops,08cdc986c1077da2e1bd5563b7759e7183aa0abee20dd68bf668406195b945f4,kangaskhan_crustle,TEAM_PAIR_DAY_LEGACY_THREE_KEY,,0,0,0,0,,0,0,,,,,,,,,,,,,,,,,UNOBSERVED,UNOBSERVED
rocket_mewtwo_spidops,08cdc986c1077da2e1bd5563b7759e7183aa0abee20dd68bf668406195b945f4,kangaskhan_crustle,TEAM_PAIR_DAY_EXCLUDE_SINGLE_GAME_UNITS,,0,0,0,0,,0,0,,,,,,,,,,,,,,,,,UNOBSERVED,UNOBSERVED
rocket_mewtwo_spidops,08cdc986c1077da2e1bd5563b7759e7183aa0abee20dd68bf668406195b945f4,kangaskhan_crustle,TEAM_PAIR_DAY_MIN_5_GAMES,,0,0,0,0,,0,0,,,,,,,,,,,,,,,,,UNOBSERVED,UNOBSERVED
rocket_mewtwo_spidops,08cdc986c1077da2e1bd5563b7759e7183aa0abee20dd68bf668406195b945f4,kangaskhan_crustle,EXACT_PAIR_DAY_EPISODE_WITHIN,,0,0,0,0,,0,0,,,,,,,,,,,,,,,,,UNOBSERVED,UNOBSERVED
rocket_mewtwo_spidops,08cdc986c1077da2e1bd5563b7759e7183aa0abee20dd68bf668406195b945f4,kangaskhan_crustle,EXACT_PAIR_DAY_TEAM_PAIR_WITHIN,,0,0,0,0,,0,0,,,,,,,,,,,,,,,,,UNOBSERVED,UNOBSERVED
rocket_mewtwo_spidops,08cdc986c1077da2e1bd5563b7759e7183aa0abee20dd68bf668406195b945f4,kangaskhan_crustle,DATE_OUTER_EQUAL,,0,0,0,0,,0,0,,,,,,,,,,,,,,,,,UNOBSERVED,UNOBSERVED
rocket_mewtwo_spidops,08cdc986c1077da2e1bd5563b7759e7183aa0abee20dd68bf668406195b945f4,kangaskhan_crustle,EXACT_PAIR_OUTER_EQUAL,,0,0,0,0,,0,0,,,,,,,,,,,,,,,,,UNOBSERVED,UNOBSERVED
rocket_mewtwo_spidops,0eae05da298f9c733b58c3800362e43a58fdfb8082a62e263b2590df17530dbb,marnie_grimmsnarl,EPISODE_RAW,,0,0,0,0,,0,0,,,,,,,,,,,,,,,,,UNOBSERVED,UNOBSERVED
rocket_mewtwo_spidops,0eae05da298f9c733b58c3800362e43a58fdfb8082a62e263b2590df17530dbb,marnie_grimmsnarl,TEAM_PAIR_DAY_EQUAL,,0,0,0,0,,0,0,,,,,,,,,,,,,,,,,UNOBSERVED,UNOBSERVED
rocket_mewtwo_spidops,0eae05da298f9c733b58c3800362e43a58fdfb8082a62e263b2590df17530dbb,marnie_grimmsnarl,TEAM_PAIR_DAY_LEGACY_THREE_KEY,,0,0,0,0,,0,0,,,,,,,,,,,,,,,,,UNOBSERVED,UNOBSERVED
rocket_mewtwo_spidops,0eae05da298f9c733b58c3800362e43a58fdfb8082a62e263b2590df17530dbb,marnie_grimmsnarl,TEAM_PAIR_DAY_EXCLUDE_SINGLE_GAME_UNITS,,0,0,0,0,,0,0,,,,,,,,,,,,,,,,,UNOBSERVED,UNOBSERVED
rocket_mewtwo_spidops,0eae05da298f9c733b58c3800362e43a58fdfb8082a62e263b2590df17530dbb,marnie_grimmsnarl,TEAM_PAIR_DAY_MIN_5_GAMES,,0,0,0,0,,0,0,,,,,,,,,,,,,,,,,UNOBSERVED,UNOBSERVED
rocket_mewtwo_spidops,0eae05da298f9c733b58c3800362e43a58fdfb8082a62e263b2590df17530dbb,marnie_grimmsnarl,EXACT_PAIR_DAY_EPISODE_WITHIN,,0,0,0,0,,0,0,,,,,,,,,,,,,,,,,UNOBSERVED,UNOBSERVED
rocket_mewtwo_spidops,0eae05da298f9c733b58c3800362e43a58fdfb8082a62e263b2590df17530dbb,marnie_grimmsnarl,EXACT_PAIR_DAY_TEAM_PAIR_WITHIN,,0,0,0,0,,0,0,,,,,,,,,,,,,,,,,UNOBSERVED,UNOBSERVED
rocket_mewtwo_spidops,0eae05da298f9c733b58c3800362e43a58fdfb8082a62e263b2590df17530dbb,marnie_grimmsnarl,DATE_OUTER_EQUAL,,0,0,0,0,,0,0,,,,,,,,,,,,,,,,,UNOBSERVED,UNOBSERVED
rocket_mewtwo_spidops,0eae05da298f9c733b58c3800362e43a58fdfb8082a62e263b2590df17530dbb,marnie_grimmsnarl,EXACT_PAIR_OUTER_EQUAL,,0,0,0,0,,0,0,,,,,,,,,,,,,,,,,UNOBSERVED,UNOBSERVED
rocket_mewtwo_spidops,0eae05da298f9c733b58c3800362e43a58fdfb8082a62e263b2590df17530dbb,alakazam_psychic,EPISODE_RAW,,0,0,0,0,,0,0,,,,,,,,,,,,,,,,,UNOBSERVED,UNOBSERVED
rocket_mewtwo_spidops,0eae05da298f9c733b58c3800362e43a58fdfb8082a62e263b2590df17530dbb,alakazam_psychic,TEAM_PAIR_DAY_EQUAL,,0,0,0,0,,0,0,,,,,,,,,,,,,,,,,UNOBSERVED,UNOBSERVED
rocket_mewtwo_spidops,0eae05da298f9c733b58c3800362e43a58fdfb8082a62e263b2590df17530dbb,alakazam_psychic,TEAM_PAIR_DAY_LEGACY_THREE_KEY,,0,0,0,0,,0,0,,,,,,,,,,,,,,,,,UNOBSERVED,UNOBSERVED
rocket_mewtwo_spidops,0eae05da298f9c733b58c3800362e43a58fdfb8082a62e263b2590df17530dbb,alakazam_psychic,TEAM_PAIR_DAY_EXCLUDE_SINGLE_GAME_UNITS,,0,0,0,0,,0,0,,,,,,,,,,,,,,,,,UNOBSERVED,UNOBSERVED
rocket_mewtwo_spidops,0eae05da298f9c733b58c3800362e43a58fdfb8082a62e263b2590df17530dbb,alakazam_psychic,TEAM_PAIR_DAY_MIN_5_GAMES,,0,0,0,0,,0,0,,,,,,,,,,,,,,,,,UNOBSERVED,UNOBSERVED
rocket_mewtwo_spidops,0eae05da298f9c733b58c3800362e43a58fdfb8082a62e263b2590df17530dbb,alakazam_psychic,EXACT_PAIR_DAY_EPISODE_WITHIN,,0,0,0,0,,0,0,,,,,,,,,,,,,,,,,UNOBSERVED,UNOBSERVED
rocket_mewtwo_spidops,0eae05da298f9c733b58c3800362e43a58fdfb8082a62e263b2590df17530dbb,alakazam_psychic,EXACT_PAIR_DAY_TEAM_PAIR_WITHIN,,0,0,0,0,,0,0,,,,,,,,,,,,,,,,,UNOBSERVED,UNOBSERVED
rocket_mewtwo_spidops,0eae05da298f9c733b58c3800362e43a58fdfb8082a62e263b2590df17530dbb,alakazam_psychic,DATE_OUTER_EQUAL,,0,0,0,0,,0,0,,,,,,,,,,,,,,,,,UNOBSERVED,UNOBSERVED
rocket_mewtwo_spidops,0eae05da298f9c733b58c3800362e43a58fdfb8082a62e263b2590df17530dbb,alakazam_psychic,EXACT_PAIR_OUTER_EQUAL,,0,0,0,0,,0,0,,,,,,,,,,,,,,,,,UNOBSERVED,UNOBSERVED
rocket_mewtwo_spidops,0eae05da298f9c733b58c3800362e43a58fdfb8082a62e263b2590df17530dbb,cynthia_garchomp,EPISODE_RAW,,0,0,0,0,,0,0,,,,,,,,,,,,,,,,,UNOBSERVED,UNOBSERVED
rocket_mewtwo_spidops,0eae05da298f9c733b58c3800362e43a58fdfb8082a62e263b2590df17530dbb,cynthia_garchomp,TEAM_PAIR_DAY_EQUAL,,0,0,0,0,,0,0,,,,,,,,,,,,,,,,,UNOBSERVED,UNOBSERVED
rocket_mewtwo_spidops,0eae05da298f9c733b58c3800362e43a58fdfb8082a62e263b2590df17530dbb,cynthia_garchomp,TEAM_PAIR_DAY_LEGACY_THREE_KEY,,0,0,0,0,,0,0,,,,,,,,,,,,,,,,,UNOBSERVED,UNOBSERVED
rocket_mewtwo_spidops,0eae05da298f9c733b58c3800362e43a58fdfb8082a62e263b2590df17530dbb,cynthia_garchomp,TEAM_PAIR_DAY_EXCLUDE_SINGLE_GAME_UNITS,,0,0,0,0,,0,0,,,,,,,,,,,,,,,,,UNOBSERVED,UNOBSERVED
rocket_mewtwo_spidops,0eae05da298f9c733b58c3800362e43a58fdfb8082a62e263b2590df17530dbb,cynthia_garchomp,TEAM_PAIR_DAY_MIN_5_GAMES,,0,0,0,0,,0,0,,,,,,,,,,,,,,,,,UNOBSERVED,UNOBSERVED
rocket_mewtwo_spidops,0eae05da298f9c733b58c3800362e43a58fdfb8082a62e263b2590df17530dbb,cynthia_garchomp,EXACT_PAIR_DAY_EPISODE_WITHIN,,0,0,0,0,,0,0,,,,,,,,,,,,,,,,,UNOBSERVED,UNOBSERVED
rocket_mewtwo_spidops,0eae05da298f9c733b58c3800362e43a58fdfb8082a62e263b2590df17530dbb,cynthia_garchomp,EXACT_PAIR_DAY_TEAM_PAIR_WITHIN,,0,0,0,0,,0,0,,,,,,,,,,,,,,,,,UNOBSERVED,UNOBSERVED
rocket_mewtwo_spidops,0eae05da298f9c733b58c3800362e43a58fdfb8082a62e263b2590df17530dbb,cynthia_garchomp,DATE_OUTER_EQUAL,,0,0,0,0,,0,0,,,,,,,,,,,,,,,,,UNOBSERVED,UNOBSERVED
rocket_mewtwo_spidops,0eae05da298f9c733b58c3800362e43a58fdfb8082a62e263b2590df17530dbb,cynthia_garchomp,EXACT_PAIR_OUTER_EQUAL,,0,0,0,0,,0,0,,,,,,,,,,,,,,,,,UNOBSERVED,UNOBSERVED
rocket_mewtwo_spidops,0eae05da298f9c733b58c3800362e43a58fdfb8082a62e263b2590df17530dbb,rocket_mewtwo_spidops,EPISODE_RAW,,0,0,0,0,,0,0,,,,,,,,,,,,,,,,,UNOBSERVED,UNOBSERVED
rocket_mewtwo_spidops,0eae05da298f9c733b58c3800362e43a58fdfb8082a62e263b2590df17530dbb,rocket_mewtwo_spidops,TEAM_PAIR_DAY_EQUAL,,0,0,0,0,,0,0,,,,,,,,,,,,,,,,,UNOBSERVED,UNOBSERVED
rocket_mewtwo_spidops,0eae05da298f9c733b58c3800362e43a58fdfb8082a62e263b2590df17530dbb,rocket_mewtwo_spidops,TEAM_PAIR_DAY_LEGACY_THREE_KEY,,0,0,0,0,,0,0,,,,,,,,,,,,,,,,,UNOBSERVED,UNOBSERVED
rocket_mewtwo_spidops,0eae05da298f9c733b58c3800362e43a58fdfb8082a62e263b2590df17530dbb,rocket_mewtwo_spidops,TEAM_PAIR_DAY_EXCLUDE_SINGLE_GAME_UNITS,,0,0,0,0,,0,0,,,,,,,,,,,,,,,,,UNOBSERVED,UNOBSERVED
rocket_mewtwo_spidops,0eae05da298f9c733b58c3800362e43a58fdfb8082a62e263b2590df17530dbb,rocket_mewtwo_spidops,TEAM_PAIR_DAY_MIN_5_GAMES,,0,0,0,0,,0,0,,,,,,,,,,,,,,,,,UNOBSERVED,UNOBSERVED
rocket_mewtwo_spidops,0eae05da298f9c733b58c3800362e43a58fdfb8082a62e263b2590df17530dbb,rocket_mewtwo_spidops,EXACT_PAIR_DAY_EPISODE_WITHIN,,0,0,0,0,,0,0,,,,,,,,,,,,,,,,,UNOBSERVED,UNOBSERVED
rocket_mewtwo_spidops,0eae05da298f9c733b58c3800362e43a58fdfb8082a62e263b2590df17530dbb,rocket_mewtwo_spidops,EXACT_PAIR_DAY_TEAM_PAIR_WITHIN,,0,0,0,0,,0,0,,,,,,,,,,,,,,,,,UNOBSERVED,UNOBSERVED
rocket_mewtwo_spidops,0eae05da298f9c733b58c3800362e43a58fdfb8082a62e263b2590df17530dbb,rocket_mewtwo_spidops,DATE_OUTER_EQUAL,,0,0,0,0,,0,0,,,,,,,,,,,,,,,,,UNOBSERVED,UNOBSERVED
rocket_mewtwo_spidops,0eae05da298f9c733b58c3800362e43a58fdfb8082a62e263b2590df17530dbb,rocket_mewtwo_spidops,EXACT_PAIR_OUTER_EQUAL,,0,0,0,0,,0,0,,,,,,,,,,,,,,,,,UNOBSERVED,UNOBSERVED
rocket_mewtwo_spidops,0eae05da298f9c733b58c3800362e43a58fdfb8082a62e263b2590df17530dbb,kangaskhan_crustle,EPISODE_RAW,episode_id+player_index,1,1,0,0,1.00000000,1,1,1,1.00000000,1,1.00000000,1.00000000,1.00000000,1.00000000,0.00000000,,,,,,,,,STABLE_ABOVE_0_5,OBSERVED_LOW_SAMPLE
rocket_mewtwo_spidops,0eae05da298f9c733b58c3800362e43a58fdfb8082a62e263b2590df17530dbb,kangaskhan_crustle,TEAM_PAIR_DAY_EQUAL,date+team_id+opponent_team_id+deck_hash+opponent_deck_hash,1,1,0,0,1.00000000,1,1,1,1.00000000,1,1.00000000,1.00000000,1.00000000,1.00000000,0.00000000,,,,,,,,,STABLE_ABOVE_0_5,OBSERVED_LOW_SAMPLE
rocket_mewtwo_spidops,0eae05da298f9c733b58c3800362e43a58fdfb8082a62e263b2590df17530dbb,kangaskhan_crustle,TEAM_PAIR_DAY_LEGACY_THREE_KEY,date+team_id+opponent_team_id,1,1,0,0,1.00000000,1,1,1,1.00000000,1,1.00000000,1.00000000,1.00000000,1.00000000,0.00000000,,,,,,,,,STABLE_ABOVE_0_5,OBSERVED_LOW_SAMPLE
rocket_mewtwo_spidops,0eae05da298f9c733b58c3800362e43a58fdfb8082a62e263b2590df17530dbb,kangaskhan_crustle,TEAM_PAIR_DAY_EXCLUDE_SINGLE_GAME_UNITS,date+team_id+opponent_team_id+deck_hash+opponent_deck_hash;min_games=2,1,1,0,0,1.00000000,0,0,,,,,,1.00000000,1.00000000,0.00000000,,,,,,,,,STABLE_ABOVE_0_5,OBSERVED_LOW_SAMPLE
rocket_mewtwo_spidops,0eae05da298f9c733b58c3800362e43a58fdfb8082a62e263b2590df17530dbb,kangaskhan_crustle,TEAM_PAIR_DAY_MIN_5_GAMES,date+team_id+opponent_team_id+deck_hash+opponent_deck_hash;min_games=5,1,1,0,0,1.00000000,0,0,,,,,,1.00000000,1.00000000,0.00000000,,,,,,,,,STABLE_ABOVE_0_5,OBSERVED_LOW_SAMPLE
rocket_mewtwo_spidops,0eae05da298f9c733b58c3800362e43a58fdfb8082a62e263b2590df17530dbb,kangaskhan_crustle,EXACT_PAIR_DAY_EPISODE_WITHIN,date+deck_hash+opponent_deck_hash,1,1,0,0,1.00000000,1,1,1,1.00000000,1,1.00000000,1.00000000,1.00000000,1.00000000,0.00000000,,,,,,,,,STABLE_ABOVE_0_5,OBSERVED_LOW_SAMPLE
rocket_mewtwo_spidops,0eae05da298f9c733b58c3800362e43a58fdfb8082a62e263b2590df17530dbb,kangaskhan_crustle,EXACT_PAIR_DAY_TEAM_PAIR_WITHIN,date+deck_hash+opponent_deck_hash;team_pair_day_within,1,1,0,0,1.00000000,1,1,1,1.00000000,1,1.00000000,1.00000000,1.00000000,1.00000000,0.00000000,,,,,,,,,STABLE_ABOVE_0_5,OBSERVED_LOW_SAMPLE
rocket_mewtwo_spidops,0eae05da298f9c733b58c3800362e43a58fdfb8082a62e263b2590df17530dbb,kangaskhan_crustle,DATE_OUTER_EQUAL,date_outer;team_pair_day_within,1,1,0,0,1.00000000,1,1,1,1.00000000,1,1.00000000,1.00000000,1.00000000,1.00000000,0.00000000,,,,,,,,,STABLE_ABOVE_0_5,OBSERVED_LOW_SAMPLE
rocket_mewtwo_spidops,0eae05da298f9c733b58c3800362e43a58fdfb8082a62e263b2590df17530dbb,kangaskhan_crustle,EXACT_PAIR_OUTER_EQUAL,deck_hash+opponent_deck_hash_outer;date_within,1,1,0,0,1.00000000,1,1,1,1.00000000,1,1.00000000,1.00000000,1.00000000,1.00000000,0.00000000,,,,,,,,,STABLE_ABOVE_0_5,OBSERVED_LOW_SAMPLE
rocket_mewtwo_spidops,2a45004015205c6f997100b0559baae28a6f00745810a4d7c83d30e31f0452c0,marnie_grimmsnarl,EPISODE_RAW,episode_id+player_index,43,11,32,0,0.25581395,43,43,1,1.00000000,1,0.02325581,0.25581395,0.20000000,0.28750000,0.08750000,0.21739130,0.28571429,,,0.17857143,0.36842105,0.17857143,0.36842105,STABLE_BELOW_0_5,OBSERVED_ADEQUATE
rocket_mewtwo_spidops,2a45004015205c6f997100b0559baae28a6f00745810a4d7c83d30e31f0452c0,marnie_grimmsnarl,TEAM_PAIR_DAY_EQUAL,date+team_id+opponent_team_id+deck_hash+opponent_deck_hash,43,11,32,0,0.25581395,43,5,4,5.00000000,15,0.34883721,0.22000000,0.20000000,0.28750000,0.08750000,0.21250000,0.23333333,,,0.17500000,0.32500000,0.17500000,0.32500000,STABLE_BELOW_0_5,OBSERVED_ADEQUATE
rocket_mewtwo_spidops,2a45004015205c6f997100b0559baae28a6f00745810a4d7c83d30e31f0452c0,marnie_grimmsnarl,TEAM_PAIR_DAY_LEGACY_THREE_KEY,date+team_id+opponent_team_id,43,11,32,0,0.25581395,43,5,4,5.00000000,15,0.34883721,0.22000000,0.20000000,0.28750000,0.08750000,0.21250000,0.23333333,,,0.17500000,0.32500000,0.17500000,0.32500000,STABLE_BELOW_0_5,OBSERVED_ADEQUATE
rocket_mewtwo_spidops,2a45004015205c6f997100b0559baae28a6f00745810a4d7c83d30e31f0452c0,marnie_grimmsnarl,TEAM_PAIR_DAY_EXCLUDE_SINGLE_GAME_UNITS,date+team_id+opponent_team_id+deck_hash+opponent_deck_hash;min_games=2,43,11,32,0,0.25581395,43,5,4,5.00000000,15,0.34883721,0.22000000,0.20000000,0.28750000,0.08750000,0.21250000,0.23333333,,,0.17500000,0.32500000,0.17500000,0.32500000,STABLE_BELOW_0_5,OBSERVED_ADEQUATE
rocket_mewtwo_spidops,2a45004015205c6f997100b0559baae28a6f00745810a4d7c83d30e31f0452c0,marnie_grimmsnarl,TEAM_PAIR_DAY_MIN_5_GAMES,date+team_id+opponent_team_id+deck_hash+opponent_deck_hash;min_games=5,43,11,32,0,0.25581395,35,3,5,15.00000000,15,0.42857143,0.20000000,0.20000000,0.28750000,0.08750000,0.20000000,0.20000000,,,0.10000000,0.40000000,0.10000000,0.40000000,STABLE_BELOW_0_5,OBSERVED_ADEQUATE
rocket_mewtwo_spidops,2a45004015205c6f997100b0559baae28a6f00745810a4d7c83d30e31f0452c0,marnie_grimmsnarl,EXACT_PAIR_DAY_EPISODE_WITHIN,date+deck_hash+opponent_deck_hash,43,11,32,0,0.25581395,43,5,4,5.00000000,15,0.34883721,0.22000000,0.20000000,0.28750000,0.08750000,0.21250000,0.23333333,,,0.17500000,0.32500000,0.17500000,0.32500000,STABLE_BELOW_0_5,OBSERVED_ADEQUATE
rocket_mewtwo_spidops,2a45004015205c6f997100b0559baae28a6f00745810a4d7c83d30e31f0452c0,marnie_grimmsnarl,EXACT_PAIR_DAY_TEAM_PAIR_WITHIN,date+deck_hash+opponent_deck_hash;team_pair_day_within,43,11,32,0,0.25581395,43,5,4,5.00000000,15,0.34883721,0.22000000,0.20000000,0.28750000,0.08750000,0.21250000,0.23333333,,,0.17500000,0.32500000,0.17500000,0.32500000,STABLE_BELOW_0_5,OBSERVED_ADEQUATE
rocket_mewtwo_spidops,2a45004015205c6f997100b0559baae28a6f00745810a4d7c83d30e31f0452c0,marnie_grimmsnarl,DATE_OUTER_EQUAL,date_outer;team_pair_day_within,43,11,32,0,0.25581395,43,4,4,9.50000000,20,0.46511628,0.22500000,0.20000000,0.28750000,0.08750000,0.21666667,0.23333333,,,0.17500000,0.32500000,0.17500000,0.32500000,STABLE_BELOW_0_5,OBSERVED_ADEQUATE
rocket_mewtwo_spidops,2a45004015205c6f997100b0559baae28a6f00745810a4d7c83d30e31f0452c0,marnie_grimmsnarl,EXACT_PAIR_OUTER_EQUAL,deck_hash+opponent_deck_hash_outer;date_within,43,11,32,0,0.25581395,43,2,15,21.50000000,28,0.65116279,0.28750000,0.20000000,0.28750000,0.08750000,0.23333333,0.28333333,,,0.17500000,0.32500000,0.17500000,0.32500000,STABLE_BELOW_0_5,OBSERVED_ADEQUATE
rocket_mewtwo_spidops,2a45004015205c6f997100b0559baae28a6f00745810a4d7c83d30e31f0452c0,alakazam_psychic,EPISODE_RAW,,0,0,0,0,,0,0,,,,,,,,,,,,,,,,,UNOBSERVED,UNOBSERVED
rocket_mewtwo_spidops,2a45004015205c6f997100b0559baae28a6f00745810a4d7c83d30e31f0452c0,alakazam_psychic,TEAM_PAIR_DAY_EQUAL,,0,0,0,0,,0,0,,,,,,,,,,,,,,,,,UNOBSERVED,UNOBSERVED
rocket_mewtwo_spidops,2a45004015205c6f997100b0559baae28a6f00745810a4d7c83d30e31f0452c0,alakazam_psychic,TEAM_PAIR_DAY_LEGACY_THREE_KEY,,0,0,0,0,,0,0,,,,,,,,,,,,,,,,,UNOBSERVED,UNOBSERVED
rocket_mewtwo_spidops,2a45004015205c6f997100b0559baae28a6f00745810a4d7c83d30e31f0452c0,alakazam_psychic,TEAM_PAIR_DAY_EXCLUDE_SINGLE_GAME_UNITS,,0,0,0,0,,0,0,,,,,,,,,,,,,,,,,UNOBSERVED,UNOBSERVED
rocket_mewtwo_spidops,2a45004015205c6f997100b0559baae28a6f00745810a4d7c83d30e31f0452c0,alakazam_psychic,TEAM_PAIR_DAY_MIN_5_GAMES,,0,0,0,0,,0,0,,,,,,,,,,,,,,,,,UNOBSERVED,UNOBSERVED
rocket_mewtwo_spidops,2a45004015205c6f997100b0559baae28a6f00745810a4d7c83d30e31f0452c0,alakazam_psychic,EXACT_PAIR_DAY_EPISODE_WITHIN,,0,0,0,0,,0,0,,,,,,,,,,,,,,,,,UNOBSERVED,UNOBSERVED
rocket_mewtwo_spidops,2a45004015205c6f997100b0559baae28a6f00745810a4d7c83d30e31f0452c0,alakazam_psychic,EXACT_PAIR_DAY_TEAM_PAIR_WITHIN,,0,0,0,0,,0,0,,,,,,,,,,,,,,,,,UNOBSERVED,UNOBSERVED
rocket_mewtwo_spidops,2a45004015205c6f997100b0559baae28a6f00745810a4d7c83d30e31f0452c0,alakazam_psychic,DATE_OUTER_EQUAL,,0,0,0,0,,0,0,,,,,,,,,,,,,,,,,UNOBSERVED,UNOBSERVED
rocket_mewtwo_spidops,2a45004015205c6f997100b0559baae28a6f00745810a4d7c83d30e31f0452c0,alakazam_psychic,EXACT_PAIR_OUTER_EQUAL,,0,0,0,0,,0,0,,,,,,,,,,,,,,,,,UNOBSERVED,UNOBSERVED
rocket_mewtwo_spidops,2a45004015205c6f997100b0559baae28a6f00745810a4d7c83d30e31f0452c0,cynthia_garchomp,EPISODE_RAW,episode_id+player_index,6,1,5,0,0.16666667,6,6,1,1.00000000,1,0.16666667,0.16666667,0.16666667,0.16666667,0.00000000,,,,,,,,,STABLE_BELOW_0_5,OBSERVED_LOW_SAMPLE
rocket_mewtwo_spidops,2a45004015205c6f997100b0559baae28a6f00745810a4d7c83d30e31f0452c0,cynthia_garchomp,TEAM_PAIR_DAY_EQUAL,date+team_id+opponent_team_id+deck_hash+opponent_deck_hash,6,1,5,0,0.16666667,6,1,6,6.00000000,6,1.00000000,0.16666667,0.16666667,0.16666667,0.00000000,,,,,,,,,STABLE_BELOW_0_5,OBSERVED_LOW_SAMPLE
rocket_mewtwo_spidops,2a45004015205c6f997100b0559baae28a6f00745810a4d7c83d30e31f0452c0,cynthia_garchomp,TEAM_PAIR_DAY_LEGACY_THREE_KEY,date+team_id+opponent_team_id,6,1,5,0,0.16666667,6,1,6,6.00000000,6,1.00000000,0.16666667,0.16666667,0.16666667,0.00000000,,,,,,,,,STABLE_BELOW_0_5,OBSERVED_LOW_SAMPLE
rocket_mewtwo_spidops,2a45004015205c6f997100b0559baae28a6f00745810a4d7c83d30e31f0452c0,cynthia_garchomp,TEAM_PAIR_DAY_EXCLUDE_SINGLE_GAME_UNITS,date+team_id+opponent_team_id+deck_hash+opponent_deck_hash;min_games=2,6,1,5,0,0.16666667,6,1,6,6.00000000,6,1.00000000,0.16666667,0.16666667,0.16666667,0.00000000,,,,,,,,,STABLE_BELOW_0_5,OBSERVED_LOW_SAMPLE
rocket_mewtwo_spidops,2a45004015205c6f997100b0559baae28a6f00745810a4d7c83d30e31f0452c0,cynthia_garchomp,TEAM_PAIR_DAY_MIN_5_GAMES,date+team_id+opponent_team_id+deck_hash+opponent_deck_hash;min_games=5,6,1,5,0,0.16666667,6,1,6,6.00000000,6,1.00000000,0.16666667,0.16666667,0.16666667,0.00000000,,,,,,,,,STABLE_BELOW_0_5,OBSERVED_LOW_SAMPLE
rocket_mewtwo_spidops,2a45004015205c6f997100b0559baae28a6f00745810a4d7c83d30e31f0452c0,cynthia_garchomp,EXACT_PAIR_DAY_EPISODE_WITHIN,date+deck_hash+opponent_deck_hash,6,1,5,0,0.16666667,6,1,6,6.00000000,6,1.00000000,0.16666667,0.16666667,0.16666667,0.00000000,,,,,,,,,STABLE_BELOW_0_5,OBSERVED_LOW_SAMPLE
rocket_mewtwo_spidops,2a45004015205c6f997100b0559baae28a6f00745810a4d7c83d30e31f0452c0,cynthia_garchomp,EXACT_PAIR_DAY_TEAM_PAIR_WITHIN,date+deck_hash+opponent_deck_hash;team_pair_day_within,6,1,5,0,0.16666667,6,1,6,6.00000000,6,1.00000000,0.16666667,0.16666667,0.16666667,0.00000000,,,,,,,,,STABLE_BELOW_0_5,OBSERVED_LOW_SAMPLE
rocket_mewtwo_spidops,2a45004015205c6f997100b0559baae28a6f00745810a4d7c83d30e31f0452c0,cynthia_garchomp,DATE_OUTER_EQUAL,date_outer;team_pair_day_within,6,1,5,0,0.16666667,6,1,6,6.00000000,6,1.00000000,0.16666667,0.16666667,0.16666667,0.00000000,,,,,,,,,STABLE_BELOW_0_5,OBSERVED_LOW_SAMPLE
rocket_mewtwo_spidops,2a45004015205c6f997100b0559baae28a6f00745810a4d7c83d30e31f0452c0,cynthia_garchomp,EXACT_PAIR_OUTER_EQUAL,deck_hash+opponent_deck_hash_outer;date_within,6,1,5,0,0.16666667,6,1,6,6.00000000,6,1.00000000,0.16666667,0.16666667,0.16666667,0.00000000,,,,,,,,,STABLE_BELOW_0_5,OBSERVED_LOW_SAMPLE
rocket_mewtwo_spidops,2a45004015205c6f997100b0559baae28a6f00745810a4d7c83d30e31f0452c0,rocket_mewtwo_spidops,EPISODE_RAW,,0,0,0,0,,0,0,,,,,,,,,,,,,,,,,UNOBSERVED,UNOBSERVED
rocket_mewtwo_spidops,2a45004015205c6f997100b0559baae28a6f00745810a4d7c83d30e31f0452c0,rocket_mewtwo_spidops,TEAM_PAIR_DAY_EQUAL,,0,0,0,0,,0,0,,,,,,,,,,,,,,,,,UNOBSERVED,UNOBSERVED
rocket_mewtwo_spidops,2a45004015205c6f997100b0559baae28a6f00745810a4d7c83d30e31f0452c0,rocket_mewtwo_spidops,TEAM_PAIR_DAY_LEGACY_THREE_KEY,,0,0,0,0,,0,0,,,,,,,,,,,,,,,,,UNOBSERVED,UNOBSERVED
rocket_mewtwo_spidops,2a45004015205c6f997100b0559baae28a6f00745810a4d7c83d30e31f0452c0,rocket_mewtwo_spidops,TEAM_PAIR_DAY_EXCLUDE_SINGLE_GAME_UNITS,,0,0,0,0,,0,0,,,,,,,,,,,,,,,,,UNOBSERVED,UNOBSERVED
rocket_mewtwo_spidops,2a45004015205c6f997100b0559baae28a6f00745810a4d7c83d30e31f0452c0,rocket_mewtwo_spidops,TEAM_PAIR_DAY_MIN_5_GAMES,,0,0,0,0,,0,0,,,,,,,,,,,,,,,,,UNOBSERVED,UNOBSERVED
rocket_mewtwo_spidops,2a45004015205c6f997100b0559baae28a6f00745810a4d7c83d30e31f0452c0,rocket_mewtwo_spidops,EXACT_PAIR_DAY_EPISODE_WITHIN,,0,0,0,0,,0,0,,,,,,,,,,,,,,,,,UNOBSERVED,UNOBSERVED
rocket_mewtwo_spidops,2a45004015205c6f997100b0559baae28a6f00745810a4d7c83d30e31f0452c0,rocket_mewtwo_spidops,EXACT_PAIR_DAY_TEAM_PAIR_WITHIN,,0,0,0,0,,0,0,,,,,,,,,,,,,,,,,UNOBSERVED,UNOBSERVED
rocket_mewtwo_spidops,2a45004015205c6f997100b0559baae28a6f00745810a4d7c83d30e31f0452c0,rocket_mewtwo_spidops,DATE_OUTER_EQUAL,,0,0,0,0,,0,0,,,,,,,,,,,,,,,,,UNOBSERVED,UNOBSERVED
rocket_mewtwo_spidops,2a45004015205c6f997100b0559baae28a6f00745810a4d7c83d30e31f0452c0,rocket_mewtwo_spidops,EXACT_PAIR_OUTER_EQUAL,,0,0,0,0,,0,0,,,,,,,,,,,,,,,,,UNOBSERVED,UNOBSERVED
rocket_mewtwo_spidops,2a45004015205c6f997100b0559baae28a6f00745810a4d7c83d30e31f0452c0,kangaskhan_crustle,EPISODE_RAW,,0,0,0,0,,0,0,,,,,,,,,,,,,,,,,UNOBSERVED,UNOBSERVED
rocket_mewtwo_spidops,2a45004015205c6f997100b0559baae28a6f00745810a4d7c83d30e31f0452c0,kangaskhan_crustle,TEAM_PAIR_DAY_EQUAL,,0,0,0,0,,0,0,,,,,,,,,,,,,,,,,UNOBSERVED,UNOBSERVED
rocket_mewtwo_spidops,2a45004015205c6f997100b0559baae28a6f00745810a4d7c83d30e31f0452c0,kangaskhan_crustle,TEAM_PAIR_DAY_LEGACY_THREE_KEY,,0,0,0,0,,0,0,,,,,,,,,,,,,,,,,UNOBSERVED,UNOBSERVED
rocket_mewtwo_spidops,2a45004015205c6f997100b0559baae28a6f00745810a4d7c83d30e31f0452c0,kangaskhan_crustle,TEAM_PAIR_DAY_EXCLUDE_SINGLE_GAME_UNITS,,0,0,0,0,,0,0,,,,,,,,,,,,,,,,,UNOBSERVED,UNOBSERVED
rocket_mewtwo_spidops,2a45004015205c6f997100b0559baae28a6f00745810a4d7c83d30e31f0452c0,kangaskhan_crustle,TEAM_PAIR_DAY_MIN_5_GAMES,,0,0,0,0,,0,0,,,,,,,,,,,,,,,,,UNOBSERVED,UNOBSERVED
rocket_mewtwo_spidops,2a45004015205c6f997100b0559baae28a6f00745810a4d7c83d30e31f0452c0,kangaskhan_crustle,EXACT_PAIR_DAY_EPISODE_WITHIN,,0,0,0,0,,0,0,,,,,,,,,,,,,,,,,UNOBSERVED,UNOBSERVED
rocket_mewtwo_spidops,2a45004015205c6f997100b0559baae28a6f00745810a4d7c83d30e31f0452c0,kangaskhan_crustle,EXACT_PAIR_DAY_TEAM_PAIR_WITHIN,,0,0,0,0,,0,0,,,,,,,,,,,,,,,,,UNOBSERVED,UNOBSERVED
rocket_mewtwo_spidops,2a45004015205c6f997100b0559baae28a6f00745810a4d7c83d30e31f0452c0,kangaskhan_crustle,DATE_OUTER_EQUAL,,0,0,0,0,,0,0,,,,,,,,,,,,,,,,,UNOBSERVED,UNOBSERVED
rocket_mewtwo_spidops,2a45004015205c6f997100b0559baae28a6f00745810a4d7c83d30e31f0452c0,kangaskhan_crustle,EXACT_PAIR_OUTER_EQUAL,,0,0,0,0,,0,0,,,,,,,,,,,,,,,,,UNOBSERVED,UNOBSERVED
rocket_mewtwo_spidops,718fa61c99f47a29ac79edac7fe5da739a0d2a6d1ca556901fc9a3296b42b2e2,marnie_grimmsnarl,EPISODE_RAW,episode_id+player_index,4,1,3,0,0.25000000,4,4,1,1.00000000,1,0.25000000,0.25000000,0.25000000,0.25000000,0.00000000,,,,,,,,,STABLE_BELOW_0_5,OBSERVED_LOW_SAMPLE
rocket_mewtwo_spidops,718fa61c99f47a29ac79edac7fe5da739a0d2a6d1ca556901fc9a3296b42b2e2,marnie_grimmsnarl,TEAM_PAIR_DAY_EQUAL,date+team_id+opponent_team_id+deck_hash+opponent_deck_hash,4,1,3,0,0.25000000,4,1,4,4.00000000,4,1.00000000,0.25000000,0.25000000,0.25000000,0.00000000,,,,,,,,,STABLE_BELOW_0_5,OBSERVED_LOW_SAMPLE
rocket_mewtwo_spidops,718fa61c99f47a29ac79edac7fe5da739a0d2a6d1ca556901fc9a3296b42b2e2,marnie_grimmsnarl,TEAM_PAIR_DAY_LEGACY_THREE_KEY,date+team_id+opponent_team_id,4,1,3,0,0.25000000,4,1,4,4.00000000,4,1.00000000,0.25000000,0.25000000,0.25000000,0.00000000,,,,,,,,,STABLE_BELOW_0_5,OBSERVED_LOW_SAMPLE
rocket_mewtwo_spidops,718fa61c99f47a29ac79edac7fe5da739a0d2a6d1ca556901fc9a3296b42b2e2,marnie_grimmsnarl,TEAM_PAIR_DAY_EXCLUDE_SINGLE_GAME_UNITS,date+team_id+opponent_team_id+deck_hash+opponent_deck_hash;min_games=2,4,1,3,0,0.25000000,4,1,4,4.00000000,4,1.00000000,0.25000000,0.25000000,0.25000000,0.00000000,,,,,,,,,STABLE_BELOW_0_5,OBSERVED_LOW_SAMPLE
rocket_mewtwo_spidops,718fa61c99f47a29ac79edac7fe5da739a0d2a6d1ca556901fc9a3296b42b2e2,marnie_grimmsnarl,TEAM_PAIR_DAY_MIN_5_GAMES,date+team_id+opponent_team_id+deck_hash+opponent_deck_hash;min_games=5,4,1,3,0,0.25000000,0,0,,,,,,0.25000000,0.25000000,0.00000000,,,,,,,,,STABLE_BELOW_0_5,OBSERVED_LOW_SAMPLE
rocket_mewtwo_spidops,718fa61c99f47a29ac79edac7fe5da739a0d2a6d1ca556901fc9a3296b42b2e2,marnie_grimmsnarl,EXACT_PAIR_DAY_EPISODE_WITHIN,date+deck_hash+opponent_deck_hash,4,1,3,0,0.25000000,4,1,4,4.00000000,4,1.00000000,0.25000000,0.25000000,0.25000000,0.00000000,,,,,,,,,STABLE_BELOW_0_5,OBSERVED_LOW_SAMPLE
rocket_mewtwo_spidops,718fa61c99f47a29ac79edac7fe5da739a0d2a6d1ca556901fc9a3296b42b2e2,marnie_grimmsnarl,EXACT_PAIR_DAY_TEAM_PAIR_WITHIN,date+deck_hash+opponent_deck_hash;team_pair_day_within,4,1,3,0,0.25000000,4,1,4,4.00000000,4,1.00000000,0.25000000,0.25000000,0.25000000,0.00000000,,,,,,,,,STABLE_BELOW_0_5,OBSERVED_LOW_SAMPLE
rocket_mewtwo_spidops,718fa61c99f47a29ac79edac7fe5da739a0d2a6d1ca556901fc9a3296b42b2e2,marnie_grimmsnarl,DATE_OUTER_EQUAL,date_outer;team_pair_day_within,4,1,3,0,0.25000000,4,1,4,4.00000000,4,1.00000000,0.25000000,0.25000000,0.25000000,0.00000000,,,,,,,,,STABLE_BELOW_0_5,OBSERVED_LOW_SAMPLE
rocket_mewtwo_spidops,718fa61c99f47a29ac79edac7fe5da739a0d2a6d1ca556901fc9a3296b42b2e2,marnie_grimmsnarl,EXACT_PAIR_OUTER_EQUAL,deck_hash+opponent_deck_hash_outer;date_within,4,1,3,0,0.25000000,4,1,4,4.00000000,4,1.00000000,0.25000000,0.25000000,0.25000000,0.00000000,,,,,,,,,STABLE_BELOW_0_5,OBSERVED_LOW_SAMPLE
rocket_mewtwo_spidops,718fa61c99f47a29ac79edac7fe5da739a0d2a6d1ca556901fc9a3296b42b2e2,alakazam_psychic,EPISODE_RAW,,0,0,0,0,,0,0,,,,,,,,,,,,,,,,,UNOBSERVED,UNOBSERVED
rocket_mewtwo_spidops,718fa61c99f47a29ac79edac7fe5da739a0d2a6d1ca556901fc9a3296b42b2e2,alakazam_psychic,TEAM_PAIR_DAY_EQUAL,,0,0,0,0,,0,0,,,,,,,,,,,,,,,,,UNOBSERVED,UNOBSERVED
rocket_mewtwo_spidops,718fa61c99f47a29ac79edac7fe5da739a0d2a6d1ca556901fc9a3296b42b2e2,alakazam_psychic,TEAM_PAIR_DAY_LEGACY_THREE_KEY,,0,0,0,0,,0,0,,,,,,,,,,,,,,,,,UNOBSERVED,UNOBSERVED
rocket_mewtwo_spidops,718fa61c99f47a29ac79edac7fe5da739a0d2a6d1ca556901fc9a3296b42b2e2,alakazam_psychic,TEAM_PAIR_DAY_EXCLUDE_SINGLE_GAME_UNITS,,0,0,0,0,,0,0,,,,,,,,,,,,,,,,,UNOBSERVED,UNOBSERVED
rocket_mewtwo_spidops,718fa61c99f47a29ac79edac7fe5da739a0d2a6d1ca556901fc9a3296b42b2e2,alakazam_psychic,TEAM_PAIR_DAY_MIN_5_GAMES,,0,0,0,0,,0,0,,,,,,,,,,,,,,,,,UNOBSERVED,UNOBSERVED
rocket_mewtwo_spidops,718fa61c99f47a29ac79edac7fe5da739a0d2a6d1ca556901fc9a3296b42b2e2,alakazam_psychic,EXACT_PAIR_DAY_EPISODE_WITHIN,,0,0,0,0,,0,0,,,,,,,,,,,,,,,,,UNOBSERVED,UNOBSERVED
rocket_mewtwo_spidops,718fa61c99f47a29ac79edac7fe5da739a0d2a6d1ca556901fc9a3296b42b2e2,alakazam_psychic,EXACT_PAIR_DAY_TEAM_PAIR_WITHIN,,0,0,0,0,,0,0,,,,,,,,,,,,,,,,,UNOBSERVED,UNOBSERVED
rocket_mewtwo_spidops,718fa61c99f47a29ac79edac7fe5da739a0d2a6d1ca556901fc9a3296b42b2e2,alakazam_psychic,DATE_OUTER_EQUAL,,0,0,0,0,,0,0,,,,,,,,,,,,,,,,,UNOBSERVED,UNOBSERVED
rocket_mewtwo_spidops,718fa61c99f47a29ac79edac7fe5da739a0d2a6d1ca556901fc9a3296b42b2e2,alakazam_psychic,EXACT_PAIR_OUTER_EQUAL,,0,0,0,0,,0,0,,,,,,,,,,,,,,,,,UNOBSERVED,UNOBSERVED
rocket_mewtwo_spidops,718fa61c99f47a29ac79edac7fe5da739a0d2a6d1ca556901fc9a3296b42b2e2,cynthia_garchomp,EPISODE_RAW,,0,0,0,0,,0,0,,,,,,,,,,,,,,,,,UNOBSERVED,UNOBSERVED
rocket_mewtwo_spidops,718fa61c99f47a29ac79edac7fe5da739a0d2a6d1ca556901fc9a3296b42b2e2,cynthia_garchomp,TEAM_PAIR_DAY_EQUAL,,0,0,0,0,,0,0,,,,,,,,,,,,,,,,,UNOBSERVED,UNOBSERVED
rocket_mewtwo_spidops,718fa61c99f47a29ac79edac7fe5da739a0d2a6d1ca556901fc9a3296b42b2e2,cynthia_garchomp,TEAM_PAIR_DAY_LEGACY_THREE_KEY,,0,0,0,0,,0,0,,,,,,,,,,,,,,,,,UNOBSERVED,UNOBSERVED
rocket_mewtwo_spidops,718fa61c99f47a29ac79edac7fe5da739a0d2a6d1ca556901fc9a3296b42b2e2,cynthia_garchomp,TEAM_PAIR_DAY_EXCLUDE_SINGLE_GAME_UNITS,,0,0,0,0,,0,0,,,,,,,,,,,,,,,,,UNOBSERVED,UNOBSERVED
rocket_mewtwo_spidops,718fa61c99f47a29ac79edac7fe5da739a0d2a6d1ca556901fc9a3296b42b2e2,cynthia_garchomp,TEAM_PAIR_DAY_MIN_5_GAMES,,0,0,0,0,,0,0,,,,,,,,,,,,,,,,,UNOBSERVED,UNOBSERVED
rocket_mewtwo_spidops,718fa61c99f47a29ac79edac7fe5da739a0d2a6d1ca556901fc9a3296b42b2e2,cynthia_garchomp,EXACT_PAIR_DAY_EPISODE_WITHIN,,0,0,0,0,,0,0,,,,,,,,,,,,,,,,,UNOBSERVED,UNOBSERVED
rocket_mewtwo_spidops,718fa61c99f47a29ac79edac7fe5da739a0d2a6d1ca556901fc9a3296b42b2e2,cynthia_garchomp,EXACT_PAIR_DAY_TEAM_PAIR_WITHIN,,0,0,0,0,,0,0,,,,,,,,,,,,,,,,,UNOBSERVED,UNOBSERVED
rocket_mewtwo_spidops,718fa61c99f47a29ac79edac7fe5da739a0d2a6d1ca556901fc9a3296b42b2e2,cynthia_garchomp,DATE_OUTER_EQUAL,,0,0,0,0,,0,0,,,,,,,,,,,,,,,,,UNOBSERVED,UNOBSERVED
rocket_mewtwo_spidops,718fa61c99f47a29ac79edac7fe5da739a0d2a6d1ca556901fc9a3296b42b2e2,cynthia_garchomp,EXACT_PAIR_OUTER_EQUAL,,0,0,0,0,,0,0,,,,,,,,,,,,,,,,,UNOBSERVED,UNOBSERVED
rocket_mewtwo_spidops,718fa61c99f47a29ac79edac7fe5da739a0d2a6d1ca556901fc9a3296b42b2e2,rocket_mewtwo_spidops,EPISODE_RAW,,0,0,0,0,,0,0,,,,,,,,,,,,,,,,,UNOBSERVED,UNOBSERVED
rocket_mewtwo_spidops,718fa61c99f47a29ac79edac7fe5da739a0d2a6d1ca556901fc9a3296b42b2e2,rocket_mewtwo_spidops,TEAM_PAIR_DAY_EQUAL,,0,0,0,0,,0,0,,,,,,,,,,,,,,,,,UNOBSERVED,UNOBSERVED
rocket_mewtwo_spidops,718fa61c99f47a29ac79edac7fe5da739a0d2a6d1ca556901fc9a3296b42b2e2,rocket_mewtwo_spidops,TEAM_PAIR_DAY_LEGACY_THREE_KEY,,0,0,0,0,,0,0,,,,,,,,,,,,,,,,,UNOBSERVED,UNOBSERVED
rocket_mewtwo_spidops,718fa61c99f47a29ac79edac7fe5da739a0d2a6d1ca556901fc9a3296b42b2e2,rocket_mewtwo_spidops,TEAM_PAIR_DAY_EXCLUDE_SINGLE_GAME_UNITS,,0,0,0,0,,0,0,,,,,,,,,,,,,,,,,UNOBSERVED,UNOBSERVED
rocket_mewtwo_spidops,718fa61c99f47a29ac79edac7fe5da739a0d2a6d1ca556901fc9a3296b42b2e2,rocket_mewtwo_spidops,TEAM_PAIR_DAY_MIN_5_GAMES,,0,0,0,0,,0,0,,,,,,,,,,,,,,,,,UNOBSERVED,UNOBSERVED
rocket_mewtwo_spidops,718fa61c99f47a29ac79edac7fe5da739a0d2a6d1ca556901fc9a3296b42b2e2,rocket_mewtwo_spidops,EXACT_PAIR_DAY_EPISODE_WITHIN,,0,0,0,0,,0,0,,,,,,,,,,,,,,,,,UNOBSERVED,UNOBSERVED
rocket_mewtwo_spidops,718fa61c99f47a29ac79edac7fe5da739a0d2a6d1ca556901fc9a3296b42b2e2,rocket_mewtwo_spidops,EXACT_PAIR_DAY_TEAM_PAIR_WITHIN,,0,0,0,0,,0,0,,,,,,,,,,,,,,,,,UNOBSERVED,UNOBSERVED
rocket_mewtwo_spidops,718fa61c99f47a29ac79edac7fe5da739a0d2a6d1ca556901fc9a3296b42b2e2,rocket_mewtwo_spidops,DATE_OUTER_EQUAL,,0,0,0,0,,0,0,,,,,,,,,,,,,,,,,UNOBSERVED,UNOBSERVED
rocket_mewtwo_spidops,718fa61c99f47a29ac79edac7fe5da739a0d2a6d1ca556901fc9a3296b42b2e2,rocket_mewtwo_spidops,EXACT_PAIR_OUTER_EQUAL,,0,0,0,0,,0,0,,,,,,,,,,,,,,,,,UNOBSERVED,UNOBSERVED
rocket_mewtwo_spidops,718fa61c99f47a29ac79edac7fe5da739a0d2a6d1ca556901fc9a3296b42b2e2,kangaskhan_crustle,EPISODE_RAW,,0,0,0,0,,0,0,,,,,,,,,,,,,,,,,UNOBSERVED,UNOBSERVED
rocket_mewtwo_spidops,718fa61c99f47a29ac79edac7fe5da739a0d2a6d1ca556901fc9a3296b42b2e2,kangaskhan_crustle,TEAM_PAIR_DAY_EQUAL,,0,0,0,0,,0,0,,,,,,,,,,,,,,,,,UNOBSERVED,UNOBSERVED
rocket_mewtwo_spidops,718fa61c99f47a29ac79edac7fe5da739a0d2a6d1ca556901fc9a3296b42b2e2,kangaskhan_crustle,TEAM_PAIR_DAY_LEGACY_THREE_KEY,,0,0,0,0,,0,0,,,,,,,,,,,,,,,,,UNOBSERVED,UNOBSERVED
rocket_mewtwo_spidops,718fa61c99f47a29ac79edac7fe5da739a0d2a6d1ca556901fc9a3296b42b2e2,kangaskhan_crustle,TEAM_PAIR_DAY_EXCLUDE_SINGLE_GAME_UNITS,,0,0,0,0,,0,0,,,,,,,,,,,,,,,,,UNOBSERVED,UNOBSERVED
rocket_mewtwo_spidops,718fa61c99f47a29ac79edac7fe5da739a0d2a6d1ca556901fc9a3296b42b2e2,kangaskhan_crustle,TEAM_PAIR_DAY_MIN_5_GAMES,,0,0,0,0,,0,0,,,,,,,,,,,,,,,,,UNOBSERVED,UNOBSERVED
rocket_mewtwo_spidops,718fa61c99f47a29ac79edac7fe5da739a0d2a6d1ca556901fc9a3296b42b2e2,kangaskhan_crustle,EXACT_PAIR_DAY_EPISODE_WITHIN,,0,0,0,0,,0,0,,,,,,,,,,,,,,,,,UNOBSERVED,UNOBSERVED
rocket_mewtwo_spidops,718fa61c99f47a29ac79edac7fe5da739a0d2a6d1ca556901fc9a3296b42b2e2,kangaskhan_crustle,EXACT_PAIR_DAY_TEAM_PAIR_WITHIN,,0,0,0,0,,0,0,,,,,,,,,,,,,,,,,UNOBSERVED,UNOBSERVED
rocket_mewtwo_spidops,718fa61c99f47a29ac79edac7fe5da739a0d2a6d1ca556901fc9a3296b42b2e2,kangaskhan_crustle,DATE_OUTER_EQUAL,,0,0,0,0,,0,0,,,,,,,,,,,,,,,,,UNOBSERVED,UNOBSERVED
rocket_mewtwo_spidops,718fa61c99f47a29ac79edac7fe5da739a0d2a6d1ca556901fc9a3296b42b2e2,kangaskhan_crustle,EXACT_PAIR_OUTER_EQUAL,,0,0,0,0,,0,0,,,,,,,,,,,,,,,,,UNOBSERVED,UNOBSERVED
rocket_mewtwo_spidops,787c994064089e717d7e1abb51053b79a9d4c9e79b03bb6b7fb5834b58cc903f,marnie_grimmsnarl,EPISODE_RAW,episode_id+player_index,5,1,4,0,0.20000000,5,5,1,1.00000000,1,0.20000000,0.20000000,0.20000000,0.20000000,0.00000000,,,,,,,,,STABLE_BELOW_0_5,OBSERVED_LOW_SAMPLE
rocket_mewtwo_spidops,787c994064089e717d7e1abb51053b79a9d4c9e79b03bb6b7fb5834b58cc903f,marnie_grimmsnarl,TEAM_PAIR_DAY_EQUAL,date+team_id+opponent_team_id+deck_hash+opponent_deck_hash,5,1,4,0,0.20000000,5,1,5,5.00000000,5,1.00000000,0.20000000,0.20000000,0.20000000,0.00000000,,,,,,,,,STABLE_BELOW_0_5,OBSERVED_LOW_SAMPLE
rocket_mewtwo_spidops,787c994064089e717d7e1abb51053b79a9d4c9e79b03bb6b7fb5834b58cc903f,marnie_grimmsnarl,TEAM_PAIR_DAY_LEGACY_THREE_KEY,date+team_id+opponent_team_id,5,1,4,0,0.20000000,5,1,5,5.00000000,5,1.00000000,0.20000000,0.20000000,0.20000000,0.00000000,,,,,,,,,STABLE_BELOW_0_5,OBSERVED_LOW_SAMPLE
rocket_mewtwo_spidops,787c994064089e717d7e1abb51053b79a9d4c9e79b03bb6b7fb5834b58cc903f,marnie_grimmsnarl,TEAM_PAIR_DAY_EXCLUDE_SINGLE_GAME_UNITS,date+team_id+opponent_team_id+deck_hash+opponent_deck_hash;min_games=2,5,1,4,0,0.20000000,5,1,5,5.00000000,5,1.00000000,0.20000000,0.20000000,0.20000000,0.00000000,,,,,,,,,STABLE_BELOW_0_5,OBSERVED_LOW_SAMPLE
rocket_mewtwo_spidops,787c994064089e717d7e1abb51053b79a9d4c9e79b03bb6b7fb5834b58cc903f,marnie_grimmsnarl,TEAM_PAIR_DAY_MIN_5_GAMES,date+team_id+opponent_team_id+deck_hash+opponent_deck_hash;min_games=5,5,1,4,0,0.20000000,5,1,5,5.00000000,5,1.00000000,0.20000000,0.20000000,0.20000000,0.00000000,,,,,,,,,STABLE_BELOW_0_5,OBSERVED_LOW_SAMPLE
rocket_mewtwo_spidops,787c994064089e717d7e1abb51053b79a9d4c9e79b03bb6b7fb5834b58cc903f,marnie_grimmsnarl,EXACT_PAIR_DAY_EPISODE_WITHIN,date+deck_hash+opponent_deck_hash,5,1,4,0,0.20000000,5,1,5,5.00000000,5,1.00000000,0.20000000,0.20000000,0.20000000,0.00000000,,,,,,,,,STABLE_BELOW_0_5,OBSERVED_LOW_SAMPLE
rocket_mewtwo_spidops,787c994064089e717d7e1abb51053b79a9d4c9e79b03bb6b7fb5834b58cc903f,marnie_grimmsnarl,EXACT_PAIR_DAY_TEAM_PAIR_WITHIN,date+deck_hash+opponent_deck_hash;team_pair_day_within,5,1,4,0,0.20000000,5,1,5,5.00000000,5,1.00000000,0.20000000,0.20000000,0.20000000,0.00000000,,,,,,,,,STABLE_BELOW_0_5,OBSERVED_LOW_SAMPLE
rocket_mewtwo_spidops,787c994064089e717d7e1abb51053b79a9d4c9e79b03bb6b7fb5834b58cc903f,marnie_grimmsnarl,DATE_OUTER_EQUAL,date_outer;team_pair_day_within,5,1,4,0,0.20000000,5,1,5,5.00000000,5,1.00000000,0.20000000,0.20000000,0.20000000,0.00000000,,,,,,,,,STABLE_BELOW_0_5,OBSERVED_LOW_SAMPLE
rocket_mewtwo_spidops,787c994064089e717d7e1abb51053b79a9d4c9e79b03bb6b7fb5834b58cc903f,marnie_grimmsnarl,EXACT_PAIR_OUTER_EQUAL,deck_hash+opponent_deck_hash_outer;date_within,5,1,4,0,0.20000000,5,1,5,5.00000000,5,1.00000000,0.20000000,0.20000000,0.20000000,0.00000000,,,,,,,,,STABLE_BELOW_0_5,OBSERVED_LOW_SAMPLE
rocket_mewtwo_spidops,787c994064089e717d7e1abb51053b79a9d4c9e79b03bb6b7fb5834b58cc903f,alakazam_psychic,EPISODE_RAW,,0,0,0,0,,0,0,,,,,,,,,,,,,,,,,UNOBSERVED,UNOBSERVED
rocket_mewtwo_spidops,787c994064089e717d7e1abb51053b79a9d4c9e79b03bb6b7fb5834b58cc903f,alakazam_psychic,TEAM_PAIR_DAY_EQUAL,,0,0,0,0,,0,0,,,,,,,,,,,,,,,,,UNOBSERVED,UNOBSERVED
rocket_mewtwo_spidops,787c994064089e717d7e1abb51053b79a9d4c9e79b03bb6b7fb5834b58cc903f,alakazam_psychic,TEAM_PAIR_DAY_LEGACY_THREE_KEY,,0,0,0,0,,0,0,,,,,,,,,,,,,,,,,UNOBSERVED,UNOBSERVED
rocket_mewtwo_spidops,787c994064089e717d7e1abb51053b79a9d4c9e79b03bb6b7fb5834b58cc903f,alakazam_psychic,TEAM_PAIR_DAY_EXCLUDE_SINGLE_GAME_UNITS,,0,0,0,0,,0,0,,,,,,,,,,,,,,,,,UNOBSERVED,UNOBSERVED
rocket_mewtwo_spidops,787c994064089e717d7e1abb51053b79a9d4c9e79b03bb6b7fb5834b58cc903f,alakazam_psychic,TEAM_PAIR_DAY_MIN_5_GAMES,,0,0,0,0,,0,0,,,,,,,,,,,,,,,,,UNOBSERVED,UNOBSERVED
rocket_mewtwo_spidops,787c994064089e717d7e1abb51053b79a9d4c9e79b03bb6b7fb5834b58cc903f,alakazam_psychic,EXACT_PAIR_DAY_EPISODE_WITHIN,,0,0,0,0,,0,0,,,,,,,,,,,,,,,,,UNOBSERVED,UNOBSERVED
rocket_mewtwo_spidops,787c994064089e717d7e1abb51053b79a9d4c9e79b03bb6b7fb5834b58cc903f,alakazam_psychic,EXACT_PAIR_DAY_TEAM_PAIR_WITHIN,,0,0,0,0,,0,0,,,,,,,,,,,,,,,,,UNOBSERVED,UNOBSERVED
rocket_mewtwo_spidops,787c994064089e717d7e1abb51053b79a9d4c9e79b03bb6b7fb5834b58cc903f,alakazam_psychic,DATE_OUTER_EQUAL,,0,0,0,0,,0,0,,,,,,,,,,,,,,,,,UNOBSERVED,UNOBSERVED
rocket_mewtwo_spidops,787c994064089e717d7e1abb51053b79a9d4c9e79b03bb6b7fb5834b58cc903f,alakazam_psychic,EXACT_PAIR_OUTER_EQUAL,,0,0,0,0,,0,0,,,,,,,,,,,,,,,,,UNOBSERVED,UNOBSERVED
rocket_mewtwo_spidops,787c994064089e717d7e1abb51053b79a9d4c9e79b03bb6b7fb5834b58cc903f,cynthia_garchomp,EPISODE_RAW,,0,0,0,0,,0,0,,,,,,,,,,,,,,,,,UNOBSERVED,UNOBSERVED
rocket_mewtwo_spidops,787c994064089e717d7e1abb51053b79a9d4c9e79b03bb6b7fb5834b58cc903f,cynthia_garchomp,TEAM_PAIR_DAY_EQUAL,,0,0,0,0,,0,0,,,,,,,,,,,,,,,,,UNOBSERVED,UNOBSERVED
rocket_mewtwo_spidops,787c994064089e717d7e1abb51053b79a9d4c9e79b03bb6b7fb5834b58cc903f,cynthia_garchomp,TEAM_PAIR_DAY_LEGACY_THREE_KEY,,0,0,0,0,,0,0,,,,,,,,,,,,,,,,,UNOBSERVED,UNOBSERVED
rocket_mewtwo_spidops,787c994064089e717d7e1abb51053b79a9d4c9e79b03bb6b7fb5834b58cc903f,cynthia_garchomp,TEAM_PAIR_DAY_EXCLUDE_SINGLE_GAME_UNITS,,0,0,0,0,,0,0,,,,,,,,,,,,,,,,,UNOBSERVED,UNOBSERVED
rocket_mewtwo_spidops,787c994064089e717d7e1abb51053b79a9d4c9e79b03bb6b7fb5834b58cc903f,cynthia_garchomp,TEAM_PAIR_DAY_MIN_5_GAMES,,0,0,0,0,,0,0,,,,,,,,,,,,,,,,,UNOBSERVED,UNOBSERVED
rocket_mewtwo_spidops,787c994064089e717d7e1abb51053b79a9d4c9e79b03bb6b7fb5834b58cc903f,cynthia_garchomp,EXACT_PAIR_DAY_EPISODE_WITHIN,,0,0,0,0,,0,0,,,,,,,,,,,,,,,,,UNOBSERVED,UNOBSERVED
rocket_mewtwo_spidops,787c994064089e717d7e1abb51053b79a9d4c9e79b03bb6b7fb5834b58cc903f,cynthia_garchomp,EXACT_PAIR_DAY_TEAM_PAIR_WITHIN,,0,0,0,0,,0,0,,,,,,,,,,,,,,,,,UNOBSERVED,UNOBSERVED
rocket_mewtwo_spidops,787c994064089e717d7e1abb51053b79a9d4c9e79b03bb6b7fb5834b58cc903f,cynthia_garchomp,DATE_OUTER_EQUAL,,0,0,0,0,,0,0,,,,,,,,,,,,,,,,,UNOBSERVED,UNOBSERVED
rocket_mewtwo_spidops,787c994064089e717d7e1abb51053b79a9d4c9e79b03bb6b7fb5834b58cc903f,cynthia_garchomp,EXACT_PAIR_OUTER_EQUAL,,0,0,0,0,,0,0,,,,,,,,,,,,,,,,,UNOBSERVED,UNOBSERVED
rocket_mewtwo_spidops,787c994064089e717d7e1abb51053b79a9d4c9e79b03bb6b7fb5834b58cc903f,rocket_mewtwo_spidops,EPISODE_RAW,,0,0,0,0,,0,0,,,,,,,,,,,,,,,,,UNOBSERVED,UNOBSERVED
rocket_mewtwo_spidops,787c994064089e717d7e1abb51053b79a9d4c9e79b03bb6b7fb5834b58cc903f,rocket_mewtwo_spidops,TEAM_PAIR_DAY_EQUAL,,0,0,0,0,,0,0,,,,,,,,,,,,,,,,,UNOBSERVED,UNOBSERVED
rocket_mewtwo_spidops,787c994064089e717d7e1abb51053b79a9d4c9e79b03bb6b7fb5834b58cc903f,rocket_mewtwo_spidops,TEAM_PAIR_DAY_LEGACY_THREE_KEY,,0,0,0,0,,0,0,,,,,,,,,,,,,,,,,UNOBSERVED,UNOBSERVED
rocket_mewtwo_spidops,787c994064089e717d7e1abb51053b79a9d4c9e79b03bb6b7fb5834b58cc903f,rocket_mewtwo_spidops,TEAM_PAIR_DAY_EXCLUDE_SINGLE_GAME_UNITS,,0,0,0,0,,0,0,,,,,,,,,,,,,,,,,UNOBSERVED,UNOBSERVED
rocket_mewtwo_spidops,787c994064089e717d7e1abb51053b79a9d4c9e79b03bb6b7fb5834b58cc903f,rocket_mewtwo_spidops,TEAM_PAIR_DAY_MIN_5_GAMES,,0,0,0,0,,0,0,,,,,,,,,,,,,,,,,UNOBSERVED,UNOBSERVED
rocket_mewtwo_spidops,787c994064089e717d7e1abb51053b79a9d4c9e79b03bb6b7fb5834b58cc903f,rocket_mewtwo_spidops,EXACT_PAIR_DAY_EPISODE_WITHIN,,0,0,0,0,,0,0,,,,,,,,,,,,,,,,,UNOBSERVED,UNOBSERVED
rocket_mewtwo_spidops,787c994064089e717d7e1abb51053b79a9d4c9e79b03bb6b7fb5834b58cc903f,rocket_mewtwo_spidops,EXACT_PAIR_DAY_TEAM_PAIR_WITHIN,,0,0,0,0,,0,0,,,,,,,,,,,,,,,,,UNOBSERVED,UNOBSERVED
rocket_mewtwo_spidops,787c994064089e717d7e1abb51053b79a9d4c9e79b03bb6b7fb5834b58cc903f,rocket_mewtwo_spidops,DATE_OUTER_EQUAL,,0,0,0,0,,0,0,,,,,,,,,,,,,,,,,UNOBSERVED,UNOBSERVED
rocket_mewtwo_spidops,787c994064089e717d7e1abb51053b79a9d4c9e79b03bb6b7fb5834b58cc903f,rocket_mewtwo_spidops,EXACT_PAIR_OUTER_EQUAL,,0,0,0,0,,0,0,,,,,,,,,,,,,,,,,UNOBSERVED,UNOBSERVED
rocket_mewtwo_spidops,787c994064089e717d7e1abb51053b79a9d4c9e79b03bb6b7fb5834b58cc903f,kangaskhan_crustle,EPISODE_RAW,,0,0,0,0,,0,0,,,,,,,,,,,,,,,,,UNOBSERVED,UNOBSERVED
rocket_mewtwo_spidops,787c994064089e717d7e1abb51053b79a9d4c9e79b03bb6b7fb5834b58cc903f,kangaskhan_crustle,TEAM_PAIR_DAY_EQUAL,,0,0,0,0,,0,0,,,,,,,,,,,,,,,,,UNOBSERVED,UNOBSERVED
rocket_mewtwo_spidops,787c994064089e717d7e1abb51053b79a9d4c9e79b03bb6b7fb5834b58cc903f,kangaskhan_crustle,TEAM_PAIR_DAY_LEGACY_THREE_KEY,,0,0,0,0,,0,0,,,,,,,,,,,,,,,,,UNOBSERVED,UNOBSERVED
rocket_mewtwo_spidops,787c994064089e717d7e1abb51053b79a9d4c9e79b03bb6b7fb5834b58cc903f,kangaskhan_crustle,TEAM_PAIR_DAY_EXCLUDE_SINGLE_GAME_UNITS,,0,0,0,0,,0,0,,,,,,,,,,,,,,,,,UNOBSERVED,UNOBSERVED
rocket_mewtwo_spidops,787c994064089e717d7e1abb51053b79a9d4c9e79b03bb6b7fb5834b58cc903f,kangaskhan_crustle,TEAM_PAIR_DAY_MIN_5_GAMES,,0,0,0,0,,0,0,,,,,,,,,,,,,,,,,UNOBSERVED,UNOBSERVED
rocket_mewtwo_spidops,787c994064089e717d7e1abb51053b79a9d4c9e79b03bb6b7fb5834b58cc903f,kangaskhan_crustle,EXACT_PAIR_DAY_EPISODE_WITHIN,,0,0,0,0,,0,0,,,,,,,,,,,,,,,,,UNOBSERVED,UNOBSERVED
rocket_mewtwo_spidops,787c994064089e717d7e1abb51053b79a9d4c9e79b03bb6b7fb5834b58cc903f,kangaskhan_crustle,EXACT_PAIR_DAY_TEAM_PAIR_WITHIN,,0,0,0,0,,0,0,,,,,,,,,,,,,,,,,UNOBSERVED,UNOBSERVED
rocket_mewtwo_spidops,787c994064089e717d7e1abb51053b79a9d4c9e79b03bb6b7fb5834b58cc903f,kangaskhan_crustle,DATE_OUTER_EQUAL,,0,0,0,0,,0,0,,,,,,,,,,,,,,,,,UNOBSERVED,UNOBSERVED
rocket_mewtwo_spidops,787c994064089e717d7e1abb51053b79a9d4c9e79b03bb6b7fb5834b58cc903f,kangaskhan_crustle,EXACT_PAIR_OUTER_EQUAL,,0,0,0,0,,0,0,,,,,,,,,,,,,,,,,UNOBSERVED,UNOBSERVED
